Date,DAX,FTSE
1991-01-03,0.0403,-0.4934
1991-01-04,2.1527,0.3919
1991-01-07,-2.7155,-0.602
1991-01-08,-0.31,-0.6341
1991-01-09,1.5665,1.381
1991-01-10,0.5992,-0.9488
1991-01-11,-0.0824,-0.1233
1991-01-14,-3.9399,-1.2013
1991-01-15,-0.1642,-0.4758
1991-01-16,-0.2218,-0.7774
1991-01-17,7.5597,2.4236
1991-01-18,-1.2378,-0.0903
1991-01-21,-1.0576,-0.8893
1991-01-22,-1.0847,-0.1152
1991-01-23,-1.1897,-0.0528
1991-01-24,1.207,0.9036
1991-01-25,0.501,0.1762
1991-01-28,0.0456,0.7133
1991-01-29,-0.175,-0.1983
1991-01-30,1.4831,1.8356
1991-01-31,1.3814,0.8223
1991-02-01,0.4528,-0.212
1991-02-04,0.5973,0.3094
1991-02-05,0.2662,1.3625
1991-02-06,-0.7061,-0.327
1991-02-07,0.5299,2.228
1991-02-08,2.1974,0.0669
1991-02-11,1.4252,1.5054
1991-02-12,-1.33,-0.6362
1991-02-13,1.3935,0.1457
1991-02-14,-0.194,1.1729
1991-02-15,3.005,0.109
1991-02-18,2.7025,0.9317
1991-02-19,0.9259,-0.2545
1991-02-20,-1.2482,-0.6746
1991-02-21,-0.0638,0.6792
1991-02-22,1.0343,0.0822
1991-02-25,1.1772,0.916
1991-02-26,-2.6799,-0.5695
1991-02-27,0.4672,1.111
1991-02-28,-1.4966,1.4012
1991-03-01,-1.6439,0.252
1991-03-04,0.9309,-0.1676
1991-03-05,0.614,1.5611
1991-03-06,3.5098,1.6446
1991-03-07,-0.8693,-0.9025
1991-03-08,1.3812,0.7097
1991-03-11,-2.2786,0.167
1991-03-12,0.3723,-0.1749
1991-03-13,-1.872,-0.2689
1991-03-14,2.228,2.1403
1991-03-15,-0.3806,-0.2559
1991-03-18,-1.127,-0.1443
1991-03-19,-0.407,-1.2688
1991-03-20,-1.8499,-0.7239
1991-03-21,0.11,1.3764
1991-03-22,0.0461,-1.386
1991-03-25,-0.3151,-0.3524
1991-03-26,-1.1257,0.2344
1991-03-27,0.6914,1.1076
1991-03-28,0.9279,-0.3287
1991-03-29,0.0,0.0
1991-04-01,0.0,0.0
1991-04-02,1.0389,1.2945
1991-04-03,2.5269,1.2378
1991-04-04,-0.3506,0.2144
1991-04-05,0.9479,0.8239
1991-04-08,-0.4361,-0.605
1991-04-09,0.1367,-0.1067
1991-04-10,-1.278,-0.3324
1991-04-11,0.2228,0.5082
1991-04-12,1.1352,-0.2173
1991-04-15,1.1547,0.6611
1991-04-16,0.1211,-0.9163
1991-04-17,1.2767,1.0121
1991-04-18,-0.6201,-0.2593
1991-04-19,-0.8917,-0.7209
1991-04-22,-1.7169,-1.1627
1991-04-23,1.5993,0.5219
1991-04-24,0.4183,-0.6071
1991-04-25,1.0426,-0.2612
1991-04-26,0.2073,-0.4351
1991-04-29,-0.2174,1.0885
1991-04-30,-0.8943,-0.4803
1991-05-01,0.0,0.8929
1991-05-02,1.5102,0.889
1991-05-03,0.1104,-0.3161
1991-05-06,-0.4811,0.0
1991-05-07,0.2137,0.7056
1991-05-08,-1.24,-0.6731
1991-05-09,0.0,0.7292
1991-05-10,0.8306,-0.6885
1991-05-13,-0.6004,-1.4935
1991-05-14,-0.7698,-0.9209
1991-05-15,-0.5099,-0.1745
1991-05-16,0.4861,0.5083
1991-05-17,0.0494,-0.7282
1991-05-20,0.0,0.5175
1991-05-21,1.1589,0.6527
1991-05-22,1.8728,-0.6767
1991-05-23,0.3047,0.6853
1991-05-24,1.1593,-0.4712
1991-05-27,0.573,0.0
1991-05-28,0.041,0.348
1991-05-29,-0.0363,0.5323
1991-05-30,0.0,-0.0682
1991-05-31,1.3428,0.3332
1991-06-03,-0.5868,0.6521
1991-06-04,-0.5153,-0.3895
1991-06-05,1.6246,0.6185
1991-06-06,-0.5015,0.1507
1991-06-07,0.321,-0.7524
1991-06-10,-0.2761,0.2234
1991-06-11,0.6382,1.2222
1991-06-12,-0.8719,-0.881
1991-06-13,-0.4827,-0.2222
1991-06-14,0.4254,0.3062
1991-06-17,0.0729,0.0674
1991-06-18,-0.3321,-0.317
1991-06-19,-0.7308,-1.244
1991-06-20,0.2377,-0.1932
1991-06-21,1.4718,0.3065
1991-06-24,-1.1858,-1.1739
1991-06-25,-0.0053,0.118
1991-06-26,-1.1428,-0.9711
1991-06-27,-0.3618,0.6236
1991-06-28,-2.6355,-1.5372
1991-07-01,0.1862,1.1926
1991-07-02,-0.9045,0.6793
1991-07-03,0.2428,-0.4878
1991-07-04,0.1053,0.9068
1991-07-05,0.1733,0.5789
1991-07-08,-0.8567,-0.7204
1991-07-09,1.4074,0.8554
1991-07-10,0.4368,0.824
1991-07-11,0.1902,0.0837
1991-07-12,0.4219,-0.5218
1991-07-15,0.11,1.4055
1991-07-16,-0.1652,0.9595
1991-07-17,-1.1157,0.1643
1991-07-18,-0.4417,-0.5349
1991-07-19,0.3497,-0.2277
1991-07-22,-0.0591,0.6689
1991-07-23,0.6106,1.1491
1991-07-24,-0.6889,-0.2859
1991-07-25,-0.3891,-0.0349
1991-07-26,-0.603,0.376
1991-07-29,-0.0044,0.2201
1991-07-30,0.583,0.0231
1991-07-31,0.457,-0.262
1991-08-01,0.0154,0.112
1991-08-02,-0.4437,0.3858
1991-08-05,0.4129,-0.6265
1991-08-06,-0.6245,-0.468
1991-08-07,1.2116,0.9365
1991-08-08,-0.0748,0.1232
1991-08-09,0.1227,-1.1497
1991-08-12,-0.3768,-0.0506
1991-08-13,1.1476,0.6033
1991-08-14,0.3326,0.9246
1991-08-15,0.2485,0.322
1991-08-16,-0.058,0.1452
1991-08-19,-9.3992,-3.0713
1991-08-20,1.936,0.555
1991-08-21,2.8744,1.8516
1991-08-22,3.8203,0.8109
1991-08-23,-0.2201,0.6748
1991-08-26,1.6562,0.0
1991-08-27,-0.4274,-0.7915
1991-08-28,0.0231,0.168
1991-08-29,0.4856,0.5335
1991-08-30,-0.302,0.2843
1991-09-02,-0.0024,1.2813
1991-09-03,0.3139,-0.3956
1991-09-04,-0.4669,-0.1649
1991-09-05,-0.0449,-0.0488
1991-09-06,-0.0601,0.1539
1991-09-09,-0.797,-0.5324
1991-09-10,-0.2413,-0.8443
1991-09-11,-0.0571,-0.1596
1991-09-12,0.1922,0.5825
1991-09-13,0.3862,-0.6094
1991-09-16,-0.4806,-0.7541
1991-09-17,0.2945,-0.4451
1991-09-18,-0.3964,-0.4163
1991-09-19,-0.4527,0.1974
1991-09-20,-0.2857,0.4481
1991-09-23,-0.1182,-0.7999
1991-09-24,0.7725,-0.1124
1991-09-25,-0.075,0.8228
1991-09-26,-0.3335,-0.0847
1991-09-27,-0.7315,0.131
1991-09-30,-0.069,0.8734
1991-10-01,0.1612,0.9116
1991-10-02,-0.1429,-0.0529
1991-10-03,0.0,-0.7034
1991-10-04,-0.3478,-0.0381
1991-10-07,-0.816,-1.0821
1991-10-08,-0.6263,0.1271
1991-10-09,-0.7278,-0.5924
1991-10-10,0.0466,-0.5147
1991-10-11,0.03,-0.6146
1991-10-14,0.167,0.7632
1991-10-15,0.8911,0.0855
1991-10-16,-0.9419,0.0893
1991-10-17,-0.3567,0.3761
1991-10-18,-0.0805,0.479
1991-10-21,0.6032,-0.9765
1991-10-22,0.5106,-0.629
1991-10-23,0.4542,0.0625
1991-10-24,-0.5592,-1.2807
1991-10-25,-0.442,-0.5379
1991-10-28,0.3041,1.7418
1991-10-29,0.8841,-0.2032
1991-10-30,-0.4979,0.9321
1991-10-31,-0.0486,-0.4307
1991-11-01,-0.5379,-0.643
1991-11-04,-0.2123,-0.8511
1991-11-05,0.3764,0.5182
1991-11-06,-0.1205,-0.2637
1991-11-07,0.2655,0.1499
1991-11-08,1.7625,0.8274
1991-11-11,0.1743,-0.1602
1991-11-12,0.7582,0.8063
1991-11-13,0.124,-1.126
1991-11-14,-0.1398,0.593
1991-11-15,0.5188,-0.5856
1991-11-18,-1.0704,-1.716
1991-11-19,-0.799,-1.5902
1991-11-20,0.0,0.3857
1991-11-21,-0.0594,-0.368
1991-11-22,0.1352,-0.6982
1991-11-25,-0.6936,0.4047
1991-11-26,0.8627,0.6229
1991-11-27,-1.0425,-0.9711
1991-11-28,0.1261,-0.7722
1991-11-29,-1.3594,-0.3459
1991-12-02,-1.3488,-0.219
1991-12-03,0.0906,0.2195
1991-12-04,0.9128,0.1487
1991-12-05,-0.483,-0.6931
1991-12-06,0.3064,-0.7603
1991-12-09,0.0558,0.875
1991-12-10,-0.5093,-0.7304
1991-12-11,-0.4848,-0.4933
1991-12-12,0.1814,1.8108
1991-12-13,0.7728,1.1678
1991-12-16,-0.3497,-0.4405
1991-12-17,0.5177,-0.3237
1991-12-18,0.8213,-0.7933
1991-12-19,-0.7612,-0.9115
1991-12-20,-1.1897,-1.4007
1991-12-23,-0.2313,-0.5386
1991-12-24,0.0,1.6628
1991-12-25,0.0,0.0
1991-12-26,0.0,0.0
1991-12-27,1.5569,1.4385
1991-12-30,0.9203,0.0537
1991-12-31,0.0,3.0207
1992-01-01,0.0,0.0
1992-01-02,1.5146,-0.012
1992-01-03,0.1086,0.4533
1992-01-06,-0.0187,-0.4353
1992-01-07,-0.678,-0.4131
1992-01-08,-0.8616,-0.6364
1992-01-09,0.6987,1.2484
1992-01-10,1.6323,-0.8007
1992-01-13,0.4308,0.4924
1992-01-14,0.3611,1.0522
1992-01-15,2.393,0.8266
1992-01-16,-0.0696,0.1774
1992-01-17,0.2791,-0.1928
1992-01-20,0.3698,0.3233
1992-01-21,0.4841,-0.0589
1992-01-22,-0.308,-0.8414
1992-01-23,-0.6267,0.1308
1992-01-24,-0.2875,-0.59
1992-01-27,1.1299,1.1751
1992-01-28,-0.0297,0.4764
1992-01-29,-0.6346,-0.2155
1992-01-30,0.5088,0.1689
1992-01-31,0.3915,0.7997
1992-02-03,0.0901,-0.4278
1992-02-04,-0.7466,-0.1328
1992-02-05,0.6096,-0.3794
1992-02-06,-0.3255,-0.5025
1992-02-07,0.2611,-0.6747
1992-02-10,-0.2011,0.8422
1992-02-11,0.0844,-0.0512
1992-02-12,-0.275,-0.5282
1992-02-13,0.1471,-0.0436
1992-02-14,-0.292,-0.3449
1992-02-17,0.2738,1.078
1992-02-18,0.828,0.5864
1992-02-19,-0.4248,-0.7512
1992-02-20,0.9118,0.2641
1992-02-21,0.8484,-0.0432
1992-02-24,0.6678,0.6844
1992-02-25,-0.3933,-0.504
1992-02-26,0.8692,0.7146
1992-02-27,0.727,-0.117
1992-02-28,-0.2726,0.0039
1992-03-02,0.157,-0.3044
1992-03-03,0.8834,0.4346
1992-03-04,-0.2416,-0.2729
1992-03-05,0.3269,-0.7856
1992-03-06,-1.0681,-0.2049
1992-03-09,0.2463,0.6948
1992-03-10,0.0166,0.9448
1992-03-11,-0.4067,-2.0351
1992-03-12,-0.9131,-1.1537
1992-03-13,0.3456,-0.6939
1992-03-16,-0.5002,-0.2141
1992-03-17,0.3055,0.8297
1992-03-18,0.122,-1.0637
1992-03-19,-0.4359,0.1177
1992-03-20,0.6767,-0.4458
1992-03-23,-1.0845,-0.635
1992-03-24,-0.2539,0.7251
1992-03-25,0.1839,0.2522
1992-03-26,0.1608,0.2962
1992-03-27,-0.4404,-0.9829
1992-03-30,-0.0666,0.2043
1992-03-31,0.4414,-0.5218
1992-04-01,-0.6147,-1.2909
1992-04-02,0.8411,-0.1329
1992-04-03,-0.1179,-0.9437
1992-04-06,0.8717,0.7638
1992-04-07,0.2767,0.1374
1992-04-08,-1.1159,-0.4575
1992-04-09,0.014,1.8051
1992-04-10,0.9196,5.5902
1992-04-13,-0.4798,0.7152
1992-04-14,0.2772,0.3667
1992-04-15,0.6499,1.5266
1992-04-16,0.312,-0.0606
1992-04-17,0.0,0.0
1992-04-20,0.0,0.0
1992-04-21,-0.1561,-0.4851
1992-04-22,0.3894,-0.6855
1992-04-23,-0.0491,0.0767
1992-04-24,-0.3846,1.2721
1992-04-27,-0.1993,0.5751
1992-04-28,-0.3605,-0.2709
1992-04-29,-0.0017,0.5243
1992-04-30,-0.1083,-0.4053
1992-05-01,0.0,0.2148
1992-05-04,-0.331,0.0
1992-05-05,0.2517,0.0902
1992-05-06,0.6268,1.371
1992-05-07,0.4193,0.1186
1992-05-08,-0.1502,0.8809
1992-05-11,0.2774,0.4439
1992-05-12,-0.1067,-0.5625
1992-05-13,-0.0994,-0.0698
1992-05-14,-0.4093,-0.9484
1992-05-15,-1.044,-0.449
1992-05-18,1.993,0.7828
1992-05-19,0.2747,-0.111
1992-05-20,1.3747,0.4184
1992-05-21,-0.113,-0.3651
1992-05-22,0.979,0.4811
1992-05-25,0.4775,0.0
1992-05-26,-0.271,-0.3831
1992-05-27,-0.698,-0.2218
1992-05-28,0.0,-0.163
1992-05-29,0.5111,0.4974
1992-06-01,-0.2817,-0.3693
1992-06-02,0.1807,0.3077
1992-06-03,-0.7111,-0.9239
1992-06-04,0.2085,0.0373
1992-06-05,-0.1808,-0.4996
1992-06-08,0.0,-0.8507
1992-06-09,-0.1571,-0.3931
1992-06-10,0.1959,0.0266
1992-06-11,-0.4442,-0.8346
1992-06-12,0.0258,-0.3978
1992-06-15,-0.4696,-0.3879
1992-06-16,0.2931,0.8752
1992-06-17,-0.4114,-0.6842
1992-06-18,0.0,-1.3739
1992-06-19,0.0626,0.8624
1992-06-22,-0.1269,-1.3347
1992-06-23,0.0282,0.4039
1992-06-24,-0.1496,-1.0935
1992-06-25,-0.2036,0.9753
1992-06-26,-0.6097,-0.9072
1992-06-29,0.1705,-0.7221
1992-06-30,-0.2555,0.2146
1992-07-01,0.2071,-1.0828
1992-07-02,0.7032,-0.7137
1992-07-03,0.4733,0.8481
1992-07-06,-0.26,-1.1253
1992-07-07,-0.2736,1.0004
1992-07-08,-0.9239,-0.8461
1992-07-09,0.3689,1.0232
1992-07-10,-0.1798,-0.2842
1992-07-13,-1.0248,-0.5018
1992-07-14,-0.1382,0.23
1992-07-15,0.03,0.0966
1992-07-16,0.3407,-0.1207
1992-07-17,-2.1758,-2.0738
1992-07-20,-3.1122,-1.1596
1992-07-21,0.6122,0.4951
1992-07-22,-1.9009,-1.1467
1992-07-23,-0.2979,0.4858
1992-07-24,-0.7977,-0.9294
1992-07-27,0.4763,-1.2283
1992-07-28,-0.4604,1.0818
1992-07-29,1.0871,2.0983
1992-07-30,-0.2555,-0.4787
1992-07-31,-0.5277,-0.4976
1992-08-03,-1.282,0.8585
1992-08-04,1.0535,-0.5248
1992-08-05,1.0735,-0.6106
1992-08-06,-0.4703,-0.6352
1992-08-07,-0.7186,-1.1566
1992-08-10,-1.6744,-1.0383
1992-08-11,-1.1342,-0.6923
1992-08-12,-0.7408,-0.2814
1992-08-13,-0.7746,0.647
1992-08-14,0.4426,1.6739
1992-08-17,0.4923,0.8189
1992-08-18,-1.4273,-0.9006
1992-08-19,-0.5544,0.3737
1992-08-20,-0.7647,-0.1735
1992-08-21,0.46,0.267
1992-08-24,-1.4,-2.308
1992-08-25,-1.9903,-1.3024
1992-08-26,0.2975,0.1754
1992-08-27,2.7245,1.1641
1992-08-28,0.2015,0.0433
1992-08-31,1.6341,0.0
1992-09-01,-1.4631,-0.614
1992-09-02,-0.7921,0.6352
1992-09-03,1.5982,2.9788
1992-09-04,0.3756,-0.8271
1992-09-07,0.2688,0.4233
1992-09-08,0.2544,-1.4543
1992-09-09,-1.2489,-0.4363
1992-09-10,0.2236,0.5628
1992-09-11,-0.0569,1.2945
1992-09-14,4.4011,2.1595
1992-09-15,-0.4696,-2.151
1992-09-16,-0.1883,0.3502
1992-09-17,-0.3717,4.4401
1992-09-18,0.6753,3.3455
1992-09-21,-0.9734,-0.2688
1992-09-22,-1.4944,1.0117
1992-09-23,0.4831,-0.2088
1992-09-24,-1.7261,1.5733
1992-09-25,-1.1483,-0.7706
1992-09-28,-2.5321,-1.5763
1992-09-29,0.0827,0.2148
1992-09-30,-0.6706,-0.4872
1992-10-01,1.205,0.756
1992-10-02,-0.4036,-0.8786
1992-10-05,-3.6291,-4.0554
1992-10-06,-0.2878,1.721
1992-10-07,1.1089,1.1534
1992-10-08,1.0494,0.8621
1992-10-09,-0.7897,0.0945
1992-10-12,-0.4946,0.6296
1992-10-13,2.3008,1.0754
1992-10-14,-0.4756,-0.3869
1992-10-15,-0.3497,-1.0914
1992-10-16,0.5628,0.6793
1992-10-19,1.1946,-0.0663
1992-10-20,2.196,2.1388
1992-10-21,-0.5061,1.0967
1992-10-22,0.4129,0.4687
1992-10-23,1.1065,0.4364
1992-10-26,1.0263,-0.3034
1992-10-27,-0.5653,0.3081
1992-10-28,-1.5302,-0.7266
1992-10-29,-1.1031,-0.3056
1992-10-30,-0.0884,0.6055
1992-11-02,-1.3234,1.1097
1992-11-03,0.8441,0.6623
1992-11-04,-0.829,-0.5137
1992-11-05,0.5595,0.7207
1992-11-06,0.4207,-0.3098
1992-11-09,1.4551,-0.2701
1992-11-10,0.68,0.7123
1992-11-11,-0.4509,-0.6557
1992-11-12,1.5315,1.0976
1992-11-13,0.8565,-1.06
1992-11-16,-0.1014,-0.6636
1992-11-17,-0.1228,-0.0149
1992-11-18,0.0,0.9256
1992-11-19,0.4272,0.0814
1992-11-20,-0.444,0.9681
1992-11-23,-0.8979,-0.3477
1992-11-24,-1.3463,0.1542
1992-11-25,0.4926,-0.6417
1992-11-26,0.3598,1.1884
1992-11-27,-0.0151,0.6674
1992-11-30,1.4045,0.6775
1992-12-01,0.0356,0.475
1992-12-02,-0.7075,-0.9993
1992-12-03,-0.0952,0.2496
1992-12-04,-0.6747,-0.4186
1992-12-07,0.2076,-0.1776
1992-12-08,-1.1198,0.5555
1992-12-09,-0.5072,-0.6896
1992-12-10,-0.4072,-0.8798
1992-12-11,-1.2359,-0.3778
1992-12-14,-0.4241,0.2062
1992-12-15,0.7818,-0.1433
1992-12-16,-0.6191,0.5482
1992-12-17,0.2785,0.2744
1992-12-18,1.0751,1.8027
1992-12-21,1.5777,0.6452
1992-12-22,0.5272,1.2216
1992-12-23,0.2218,-0.5137
1992-12-24,0.0,0.0035
1992-12-25,0.0,0.0
1992-12-28,1.1566,0.0
1992-12-29,-0.1541,0.7179
1992-12-30,0.1829,-0.5373
1992-12-31,0.0,0.4943
1993-01-01,0.0,0.0
1993-01-04,-0.888,0.527
1993-01-05,1.6384,-0.975
1993-01-06,-0.0026,-0.2682
1993-01-07,-0.8918,-0.3362
1993-01-08,-0.7118,-0.6142
1993-01-11,0.0287,-0.9217
1993-01-12,-0.1155,-0.5589
1993-01-13,-0.8947,-0.4569
1993-01-14,0.4774,0.5063
1993-01-15,1.3657,0.2138
1993-01-18,1.8504,-0.0723
1993-01-19,0.3623,-0.9229
1993-01-20,-0.2502,0.4055
1993-01-21,-0.0768,0.895
1993-01-22,0.8877,0.2849
1993-01-25,-1.159,-0.3344
1993-01-26,0.441,2.3017
1993-01-27,-0.8781,-0.1128
1993-01-28,0.3533,-0.5508
1993-01-29,0.2558,-0.3444
1993-02-01,0.8468,1.5816
1993-02-02,-0.1306,-0.6032
1993-02-03,1.1648,1.3901
1993-02-04,0.005,-0.2749
1993-02-05,2.4825,-0.1047
1993-02-08,0.3528,0.248
1993-02-09,-0.3388,-1.3484
1993-02-10,0.5013,-0.5263
1993-02-11,0.0752,0.6356
1993-02-12,0.6287,0.307
1993-02-15,0.1974,0.102
1993-02-16,-0.0294,-1.1842
1993-02-17,-0.6586,0.064
1993-02-18,1.1492,0.8422
1993-02-19,0.3068,0.0811
1993-02-22,0.1997,-0.0599
1993-02-23,-1.14,-0.7152
1993-02-24,-1.0436,-0.0355
1993-02-25,0.8922,0.4153
1993-02-26,1.5335,1.3893
1993-03-01,0.9855,0.5091
1993-03-02,-0.2475,-0.0104
1993-03-03,-0.1774,1.2594
1993-03-04,-0.3737,-0.4728
1993-03-05,-0.2714,0.5956
1993-03-08,0.7131,1.2046
1993-03-09,1.0804,-0.2502
1993-03-10,-0.2014,0.2305
1993-03-11,0.4515,-0.1116
1993-03-12,-0.5974,-1.2697
1993-03-15,-0.2677,0.2229
1993-03-16,-0.2784,-0.1061
1993-03-17,-0.751,-1.0071
1993-03-18,0.6593,-0.353
1993-03-19,0.1545,0.7084
1993-03-22,-2.2021,-1.2482
1993-03-23,-0.7801,-0.0978
1993-03-24,0.6679,-0.0175
1993-03-25,-0.1386,-0.2727
1993-03-26,0.2498,0.0035
1993-03-29,0.8204,-0.2243
1993-03-30,0.606,0.5094
1993-03-31,-0.051,0.6187
1993-04-01,-0.7499,-0.0104
1993-04-02,-0.5881,-0.2953
1993-04-05,-0.1841,-1.0837
1993-04-06,0.4045,-0.2325
1993-04-07,-0.9061,-0.3566
1993-04-08,0.3284,-0.0106
1993-04-09,0.0,0.0
1993-04-12,0.0,0.0
1993-04-13,0.9253,0.886
1993-04-14,0.0832,-0.1651
1993-04-15,0.1656,-0.0844
1993-04-16,0.2173,-0.5388
1993-04-19,0.8607,0.1983
1993-04-20,-0.3656,0.9223
1993-04-21,-1.1997,0.4727
1993-04-22,-0.0078,0.4008
1993-04-23,-0.5784,-1.2946
1993-04-26,-0.4399,-0.756
1993-04-27,-0.5473,0.3685
1993-04-28,-0.7259,-1.2497
1993-04-29,-0.3027,-0.3754
1993-04-30,0.2001,0.9437
1993-05-03,0.1211,0.0
1993-05-04,-0.1099,-0.0178
1993-05-05,-0.2587,-0.5724
1993-05-06,0.0062,-0.3647
1993-05-07,-0.6986,0.2656
1993-05-10,-0.1793,1.2922
1993-05-11,0.4425,0.2226
1993-05-12,0.8236,0.8709
1993-05-13,0.634,-0.402
1993-05-14,-0.322,-0.0807
1993-05-17,-0.4056,0.3899
1993-05-18,0.0369,-0.3779
1993-05-19,-0.6798,-0.9693
1993-05-20,0.0,-0.1028
1993-05-21,-0.4217,-0.1633
1993-05-24,-0.4688,0.4765
1993-05-25,0.9445,0.4282
1993-05-26,0.2361,0.3242
1993-05-27,0.7688,0.2951
1993-05-28,-0.1603,-0.5113
1993-05-31,0.0,0.0
1993-06-01,-0.7329,0.2992
1993-06-02,0.3284,0.4843
1993-06-03,0.2713,-0.3563
1993-06-04,0.505,-0.8027
1993-06-07,1.0843,0.5265
1993-06-08,0.3624,-0.0141
1993-06-09,0.6897,0.791
1993-06-10,0.0,-0.2407
1993-06-11,0.4728,0.0629
1993-06-14,0.6544,0.8282
1993-06-15,-0.4657,-0.5372
1993-06-16,0.3242,0.453
1993-06-17,0.1616,-0.2532
1993-06-18,-0.3185,0.1287
1993-06-21,0.1731,0.8335
1993-06-22,0.4888,0.1447
1993-06-23,0.0771,-0.2373
1993-06-24,-0.7709,-0.2068
1993-06-25,0.5308,-0.2487
1993-06-28,0.7055,0.329
1993-06-29,0.0662,-0.3797
1993-06-30,-0.6263,0.4851
1993-07-01,0.5302,-0.3862
1993-07-02,-0.5168,-1.0766
1993-07-05,-0.3322,-0.6719
1993-07-06,0.5141,0.3382
1993-07-07,1.1106,0.007
1993-07-08,3.718,-0.0843
1993-07-09,0.7686,-0.0949
1993-07-12,1.155,-0.4326
1993-07-13,-0.6056,0.219
1993-07-14,0.2429,-0.1692
1993-07-15,-0.2147,-0.0212
1993-07-16,0.3209,0.0459
1993-07-19,1.2589,0.3495
1993-07-20,0.147,-0.6683
1993-07-21,-0.8255,-0.347
1993-07-22,-0.0159,0.2132
1993-07-23,0.4009,0.2695
1993-07-26,1.2939,0.5835
1993-07-27,-0.5009,1.2376
1993-07-28,-0.6135,0.1667
1993-07-29,-0.0115,1.158
1993-07-30,-1.6617,0.305
1993-08-02,0.6572,0.5194
1993-08-03,1.5619,0.1122
1993-08-04,0.9292,-0.1256
1993-08-05,0.0075,0.0714
1993-08-06,0.4665,0.8969
1993-08-09,0.1562,0.559
1993-08-10,-0.3813,-0.4956
1993-08-11,0.0343,1.161
1993-08-12,2.0983,0.0998
1993-08-13,0.0856,0.0332
1993-08-16,0.2942,-0.0598
1993-08-17,-0.1056,0.5551
1993-08-18,1.3376,1.6066
1993-08-19,0.1684,-0.2635
1993-08-20,-0.8406,-0.2577
1993-08-23,-1.7897,-0.5102
1993-08-24,0.4989,0.24
1993-08-25,1.0587,0.9806
1993-08-26,-0.8671,0.0
1993-08-27,0.1815,0.695
1993-08-30,0.9078,0.0
1993-08-31,1.1967,-0.0194
1993-09-01,-1.3528,-0.4806
1993-09-02,0.3669,-0.4052
1993-09-03,-0.0239,-0.4979
1993-09-06,-0.7729,0.0556
1993-09-07,-1.2731,-0.6669
1993-09-08,-0.0355,-0.1053
1993-09-09,-0.2376,-0.1384
1993-09-10,-1.0299,0.1913
1993-09-13,0.5979,-0.4017
1993-09-14,0.4272,0.1058
1993-09-15,-1.0731,-1.2748
1993-09-16,-0.2537,0.485
1993-09-17,1.4184,0.0533
1993-09-20,1.6392,-0.0333
1993-09-21,0.6801,-0.0965
1993-09-22,-1.7057,0.1966
1993-09-23,1.2419,-0.2062
1993-09-24,-1.5993,0.1299
1993-09-27,1.3956,0.7021
1993-09-28,0.0748,0.3503
1993-09-29,-0.3094,-0.2239
1993-09-30,0.4204,0.2442
1993-10-01,-0.189,0.0593
1993-10-04,0.6082,0.9344
1993-10-05,2.5477,0.5705
1993-10-06,0.7259,0.5056
1993-10-07,0.5028,-0.2709
1993-10-08,0.3991,0.5239
1993-10-11,0.2997,-0.2059
1993-10-12,-0.6171,-0.2418
1993-10-13,0.1451,-0.4459
1993-10-14,-0.5716,0.1753
1993-10-15,1.2542,1.1178
1993-10-18,0.9077,0.5383
1993-10-19,-0.3226,-0.255
1993-10-20,0.7796,0.8531
1993-10-21,-0.3853,1.0138
1993-10-22,1.5472,0.3356
1993-10-25,0.3978,-0.4439
1993-10-26,-0.7554,-0.6123
1993-10-27,-0.7597,-0.3475
1993-10-28,-0.2261,0.2758
1993-10-29,1.4982,0.2529
1993-11-01,-0.3325,-0.2081
1993-11-02,1.6226,-0.0095
1993-11-03,-0.5354,-0.0569
1993-11-04,-1.0435,-0.4206
1993-11-05,-2.4265,-2.0133
1993-11-08,-0.087,-0.2593
1993-11-09,0.5978,0.5979
1993-11-10,0.0499,0.0807
1993-11-11,-0.0252,0.0387
1993-11-12,-0.4112,-0.0194
1993-11-15,1.6923,-0.1872
1993-11-16,1.1034,0.1358
1993-11-17,0.0,0.7264
1993-11-18,0.6574,0.1763
1993-11-19,-0.3822,-0.5599
1993-11-22,-2.2803,-1.2033
1993-11-23,-0.1276,-0.0423
1993-11-24,0.1056,-0.0684
1993-11-25,0.8948,0.8444
1993-11-26,-0.023,0.5916
1993-11-29,-0.1861,0.7842
1993-11-30,0.7018,0.9918
1993-12-01,1.5599,2.0935
1993-12-02,0.9886,-0.2876
1993-12-03,0.4776,0.3195
1993-12-06,-0.0854,0.0959
1993-12-07,-0.1576,0.0
1993-12-08,1.5443,1.2387
1993-12-09,1.2881,-0.177
1993-12-10,-0.6742,-0.3148
1993-12-13,0.5377,-0.2054
1993-12-14,-1.0484,-0.1905
1993-12-15,-1.8265,0.9358
1993-12-16,1.2674,0.9882
1993-12-17,0.6349,0.7822
1993-12-20,1.2617,0.8331
1993-12-21,0.219,-0.6687
1993-12-22,0.6679,0.3979
1993-12-23,1.1527,1.2158
1993-12-24,0.0,0.4652
1993-12-27,1.4009,0.0
1993-12-28,-0.4951,0.0
1993-12-29,-1.2538,1.4565
1993-12-30,2.347,-0.959
1993-12-31,0.0,-0.3033
1994-01-03,0.0574,0.0
1994-01-04,-0.6349,-0.2896
1994-01-05,-0.895,-0.8596
1994-01-06,-0.5906,0.7043
1994-01-07,-0.3864,1.2636
1994-01-10,1.0015,-0.1567
1994-01-11,-0.2256,-0.7789
1994-01-12,-0.8781,-1.2244
1994-01-13,-2.0152,-0.3559
1994-01-14,-1.0551,1.2083
1994-01-17,-0.2073,0.2117
1994-01-18,-1.1013,0.8569
1994-01-19,0.9717,1.1085
1994-01-20,-0.8518,-0.1468
1994-01-21,-1.9181,0.4092
1994-01-24,0.212,-0.0804
1994-01-25,2.2485,-1.0743
1994-01-26,-0.3578,-0.2294
1994-01-27,0.2817,-0.2561
1994-01-28,0.392,0.5865
1994-01-31,2.0614,1.2879
1994-02-01,0.102,-0.295
1994-02-02,0.1991,1.1145
1994-02-03,-1.4785,-0.8181
1994-02-04,-0.626,-0.4611
1994-02-07,-2.7523,-1.62
1994-02-08,1.3374,0.6171
1994-02-09,-1.0402,-0.3227
1994-02-10,1.6146,-0.6445
1994-02-11,-1.3379,-0.8248
1994-02-14,1.215,-0.4558
1994-02-15,-0.0184,0.883
1994-02-16,0.9921,0.722
1994-02-17,-0.3693,0.2224
1994-02-18,1.0922,-1.2466
1994-02-21,-1.5075,-0.9549
1994-02-22,-0.5619,-0.4955
1994-02-23,0.9513,0.246
1994-02-24,-1.7569,-2.2263
1994-02-25,-0.7353,0.4193
1994-02-28,0.8024,1.4294
1994-03-01,-1.1723,-1.7277
1994-03-02,-2.2602,-0.6879
1994-03-03,0.8697,-0.0493
1994-03-04,1.0889,0.9703
1994-03-07,2.3698,0.8511
1994-03-08,0.7174,-1.2553
1994-03-09,-0.3743,-0.5422
1994-03-10,1.1819,-0.3942
1994-03-11,-1.7566,-1.2987
1994-03-14,1.9815,1.3002
1994-03-15,0.9519,1.0515
1994-03-16,0.3297,-0.7498
1994-03-17,0.1072,0.3947
1994-03-18,-0.8942,-1.1549
1994-03-21,-1.1287,-0.6246
1994-03-22,0.472,0.1094
1994-03-23,0.9242,-1.4431
1994-03-24,0.0254,-1.0649
1994-03-25,-1.4628,0.2338
1994-03-28,1.4723,0.016
1994-03-29,0.3206,-0.1949
1994-03-30,-0.9602,-0.9925
1994-03-31,-0.6715,-0.194
1994-04-01,0.0,0.0
1994-04-04,0.0,0.0
1994-04-05,1.1804,0.9655
1994-04-06,1.5248,0.491
1994-04-07,0.466,-0.0798
1994-04-08,0.0877,-0.2621
1994-04-11,0.998,0.9164
1994-04-12,-0.6619,0.308
1994-04-13,-0.0638,-0.421
1994-04-14,-0.4744,-0.4482
1994-04-15,0.0778,1.1687
1994-04-18,1.2888,-0.95
1994-04-19,-2.5287,-0.325
1994-04-20,0.4704,-0.9495
1994-04-21,0.6565,0.0936
1994-04-22,0.7715,1.048
1994-04-25,-0.5285,-0.8807
1994-04-26,1.8608,0.6181
1994-04-27,0.4623,0.7903
1994-04-28,-0.1043,-0.6381
1994-04-29,-0.2328,-0.147
1994-05-02,1.0094,0.0
1994-05-03,-0.7211,-0.8095
1994-05-04,-0.1452,-0.9516
1994-05-05,-0.586,1.1562
1994-05-06,0.0528,0.0
1994-05-09,-0.8109,-0.264
1994-05-10,0.7333,1.2428
1994-05-11,0.3794,-0.1849
1994-05-12,0.0,0.2332
1994-05-13,0.6739,-0.5928
1994-05-16,0.5472,-0.1154
1994-05-17,-0.502,0.2536
1994-05-18,0.3408,-0.2241
1994-05-19,-0.8666,0.2021
1994-05-20,0.0841,0.1441
1994-05-23,0.0,-0.6044
1994-05-24,-2.2639,-0.6209
1994-05-25,-1.817,-2.2142
1994-05-26,-1.3211,-0.0331
1994-05-27,0.5042,-1.7651
1994-05-30,-1.0668,0.0
1994-05-31,0.4509,0.1382
1994-06-01,0.094,-1.2994
1994-06-02,0.0,1.6679
1994-06-03,0.8776,0.5703
1994-06-06,0.6833,0.387
1994-06-07,-1.2931,-0.1529
1994-06-08,0.473,1.1116
1994-06-09,-0.7403,-0.3061
1994-06-10,0.1766,0.8914
1994-06-13,-1.2798,-1.2959
1994-06-14,-1.4759,0.7725
1994-06-15,0.0,0.204
1994-06-16,-0.9539,-0.5155
1994-06-17,-0.2039,-0.2376
1994-06-20,-3.9937,-1.7136
1994-06-21,0.7339,-1.04
1994-06-22,0.5622,0.687
1994-06-23,1.3879,-0.608
1994-06-24,-0.8303,-2.2363
1994-06-27,-0.8333,0.81
1994-06-28,1.4915,0.3138
1994-06-29,1.3893,1.2822
1994-06-30,-1.0243,-0.9198
1994-07-01,0.552,0.5892
1994-07-04,0.878,1.1579
1994-07-05,-1.0568,-0.1818
1994-07-06,0.1481,-0.6172
1994-07-07,0.4004,0.6007
1994-07-08,0.3425,-0.0675
1994-07-11,0.7221,0.7224
1994-07-12,-0.8525,-0.6669
1994-07-13,0.2905,1.3968
1994-07-14,0.0789,1.5007
1994-07-15,1.8481,0.7999
1994-07-18,0.2188,0.2342
1994-07-19,1.4584,0.3018
1994-07-20,0.4632,-0.4561
1994-07-21,-1.1853,0.5817
1994-07-22,1.7489,0.6333
1994-07-25,-0.6529,-0.2761
1994-07-26,0.7368,0.3574
1994-07-27,-0.5353,-1.1196
1994-07-28,-0.8237,0.4412
1994-07-29,1.1226,-0.4296
1994-08-01,0.3331,0.4801
1994-08-02,1.5136,1.9403
1994-08-03,0.5731,0.0918
1994-08-04,-0.7076,-0.3133
1994-08-05,0.0641,0.5396
1994-08-08,-0.0041,0.1389
1994-08-09,-0.937,-0.104
1994-08-10,-0.177,-0.0505
1994-08-11,-0.2356,-0.9094
1994-08-12,-1.4198,0.1306
1994-08-15,0.6665,-0.0032
1994-08-16,0.201,0.1623
1994-08-17,0.8935,1.3663
1994-08-18,-0.4037,-0.2414
1994-08-19,-0.1853,0.2765
1994-08-22,-1.1993,-0.6298
1994-08-23,-0.7496,0.1198
1994-08-24,0.8777,0.948
1994-08-25,1.2152,0.9048
1994-08-26,0.4335,0.9554
1994-08-29,1.4642,0.0
1994-08-30,0.8052,-0.4747
1994-08-31,0.0905,0.0523
1994-09-01,-0.5445,-1.0703
1994-09-02,0.1777,0.1928
1994-09-05,-1.3693,0.5834
1994-09-06,-0.3964,-1.1137
1994-09-07,-0.096,-0.0468
1994-09-08,0.3951,-0.746
1994-09-09,0.5883,-1.2799
1994-09-12,-1.3976,-0.3345
1994-09-13,-0.8596,-0.2365
1994-09-14,-0.5604,-1.3327
1994-09-15,-0.4774,1.0683
1994-09-16,0.2247,-1.5292
1994-09-19,-1.0369,0.4568
1994-09-20,-0.8489,-1.3575
1994-09-21,0.026,-0.7408
1994-09-22,-0.3111,0.2123
1994-09-23,0.7762,0.2317
1994-09-26,-0.9789,-0.9379
1994-09-27,-0.4805,0.29
1994-09-28,0.4556,1.0038
1994-09-29,-1.1861,-1.5204
1994-09-30,-1.5576,1.1295
1994-10-03,0.0,-1.4143
1994-10-04,-0.8351,0.6134
1994-10-05,-1.3148,-1.5158
1994-10-06,-0.3906,0.9505
1994-10-07,-0.0224,0.4792
1994-10-10,3.2745,1.1205
1994-10-11,2.2852,1.3422
1994-10-12,0.3143,0.8949
1994-10-13,0.2436,1.3353
1994-10-14,1.1092,-1.1203
1994-10-17,-0.7052,0.4345
1994-10-18,-0.2927,-1.1185
1994-10-19,-1.6117,-0.7941
1994-10-20,0.9161,0.0784
1994-10-21,-2.3059,-0.9924
1994-10-24,0.1563,-0.122
1994-10-25,-2.5057,-0.931
1994-10-26,2.323,-0.0333
1994-10-27,-0.3613,0.99
1994-10-28,1.3471,1.789
1994-10-31,1.5346,0.441
1994-11-01,-0.0917,-0.0355
1994-11-02,-1.3229,-0.4844
1994-11-03,0.447,0.7497
1994-11-04,0.7838,-0.219
1994-11-07,-1.1627,-1.0266
1994-11-08,0.4854,-0.0652
1994-11-09,2.0955,1.1685
1994-11-10,-0.6711,0.1258
1994-11-11,-0.1945,-0.8893
1994-11-14,0.5264,0.6307
1994-11-15,1.0271,1.2955
1994-11-16,0.0,0.354
1994-11-17,-0.3819,-0.6038
1994-11-18,-0.117,0.1119
1994-11-21,0.2404,-0.3194
1994-11-22,-1.4492,-1.3553
1994-11-23,-1.9983,-1.663
1994-11-24,1.1144,0.3006
1994-11-25,-0.2116,-0.1021
1994-11-28,0.3329,0.4483
1994-11-29,-0.6884,0.4595
1994-11-30,0.1947,0.6632
1994-12-01,-0.0815,-1.3565
1994-12-02,-0.3948,-0.7336
1994-12-05,1.5997,0.5369
1994-12-06,-1.1704,-0.5736
1994-12-07,0.426,-0.1194
1994-12-08,-0.6514,0.0432
1994-12-09,-0.6797,-1.2111
1994-12-12,-0.173,-1.1386
1994-12-13,-0.6702,0.1019
1994-12-14,0.6722,1.1607
1994-12-15,1.374,-0.2416
1994-12-16,0.8511,1.352
1994-12-19,0.284,0.6902
1994-12-20,0.1922,0.781
1994-12-21,0.3236,0.4022
1994-12-22,0.6704,0.6937
1994-12-23,-0.3161,-0.2685
1994-12-26,0.0,0.0
1994-12-27,0.5797,0.0
1994-12-28,0.1358,0.4022
1994-12-29,-1.5164,-0.9755
1994-12-30,1.4227,-0.0033
1995-01-02,-1.2879,0.0
1995-01-03,-0.2246,0.0065
1995-01-04,-0.1215,-0.4599
1995-01-05,-0.4719,-0.6325
1995-01-06,-0.415,1.0784
1995-01-09,0.2561,-0.3002
1995-01-10,-0.3924,0.1505
1995-01-11,0.4851,-0.3594
1995-01-12,0.4959,-0.5313
1995-01-13,-0.7556,0.4978
1995-01-16,1.4604,0.9317
1995-01-17,-0.0849,-0.7248
1995-01-18,-0.2409,0.0164
1995-01-19,0.5056,-0.8609
1995-01-20,-1.6168,-1.1094
1995-01-23,-1.3986,-1.3623
1995-01-24,-0.4337,0.501
1995-01-25,0.4361,0.4446
1995-01-26,0.19,0.8417
1995-01-27,0.0497,0.4955
1995-01-30,0.1639,-0.8702
1995-01-31,-0.6762,-0.1435
1995-02-01,1.3437,0.8591
1995-02-02,-0.1552,0.5767
1995-02-03,0.6229,0.8238
1995-02-06,1.5403,0.0752
1995-02-07,0.134,0.3494
1995-02-08,-0.2327,-0.0065
1995-02-09,1.2009,0.8625
1995-02-10,0.8264,0.3517
1995-02-13,-0.6197,-0.9261
1995-02-14,0.7695,-0.3181
1995-02-15,0.0844,0.1172
1995-02-16,-0.9049,-0.774
1995-02-17,0.0619,-0.2261
1995-02-20,-0.7317,-0.8409
1995-02-21,-0.2141,0.159
1995-02-22,-0.185,-0.129
1995-02-23,1.1982,0.9869
1995-02-24,0.0189,-0.3804
1995-02-27,-0.9152,-0.4082
1995-02-28,0.1396,-0.5289
1995-03-01,1.1402,1.06
1995-03-02,-0.3523,-0.0986
1995-03-03,-0.4328,-0.4312
1995-03-06,-1.8568,-0.7669
1995-03-07,-0.8202,-0.8295
1995-03-08,-1.37,0.5072
1995-03-09,-1.1638,-0.1738
1995-03-10,-0.3807,1.145
1995-03-13,0.2743,-0.3078
1995-03-14,0.048,1.2883
1995-03-15,0.4844,-0.118
1995-03-16,-0.8994,1.5458
1995-03-17,0.6616,-0.1551
1995-03-20,-0.6727,1.1297
1995-03-21,-0.4418,0.3457
1995-03-22,-0.0146,0.1499
1995-03-23,-2.3499,-0.1051
1995-03-24,-0.5501,0.542
1995-03-27,1.1156,-0.1142
1995-03-28,-1.846,-0.6826
1995-03-29,0.4145,0.4475
1995-03-30,-0.0219,1.0788
1995-03-31,0.2153,-1.2058
1995-04-03,0.4281,0.1657
1995-04-04,1.7708,1.4317
1995-04-05,0.2458,0.0659
1995-04-06,0.4787,0.3354
1995-04-07,0.1319,0.3124
1995-04-10,-0.4839,-0.2087
1995-04-11,1.0871,-0.4151
1995-04-12,-0.2638,0.5923
1995-04-13,-0.1016,-0.0312
1995-04-14,0.0,0.0
1995-04-17,0.0,0.0
1995-04-18,-1.0652,-0.4456
1995-04-19,-0.7251,-0.7638
1995-04-20,0.2527,0.1451
1995-04-21,1.0568,0.7938
1995-04-24,-0.0218,0.2938
1995-04-25,1.5575,0.1745
1995-04-26,1.1231,0.3515
1995-04-27,-0.17,-0.2666
1995-04-28,-0.5005,-0.028
1995-05-01,0.0,0.115
1995-05-02,0.9911,0.8632
1995-05-03,-0.3556,0.4433
1995-05-04,0.7941,0.0521
1995-05-05,-1.025,-0.386
1995-05-08,0.0499,0.0
1995-05-09,0.7285,0.2922
1995-05-10,0.9546,0.8862
1995-05-11,0.9237,0.845
1995-05-12,0.9066,-0.2291
1995-05-15,-0.4855,0.0121
1995-05-16,1.1396,-0.299
1995-05-17,-0.7202,-0.103
1995-05-18,-0.3909,-0.3518
1995-05-19,-1.0541,-0.7548
1995-05-22,0.8736,0.7206
1995-05-23,-0.1354,0.2223
1995-05-24,1.1907,1.0784
1995-05-25,0.0,0.027
1995-05-26,-1.2945,-0.5138
1995-05-29,-0.5034,0.0
1995-05-30,0.979,-0.0362
1995-05-31,0.2165,0.287
1995-06-01,1.6351,0.6387
1995-06-02,0.4646,0.1317
1995-06-05,0.0,0.9447
1995-06-06,0.4747,0.1007
1995-06-07,-0.2483,-0.2722
1995-06-08,-0.4717,0.2967
1995-06-09,-0.4327,-1.2748
1995-06-12,-0.1032,0.2067
1995-06-13,-0.2099,0.1017
1995-06-14,0.6104,-0.2449
1995-06-15,0.0,0.9162
1995-06-16,-0.3867,-0.1276
1995-06-19,1.036,0.4516
1995-06-20,-0.2367,-0.1213
1995-06-21,0.3281,0.0326
1995-06-22,0.2328,0.7548
1995-06-23,-0.4142,-0.7168
1995-06-26,-0.4379,-2.0773
1995-06-27,-0.376,0.1209
1995-06-28,-1.2231,-0.9206
1995-06-29,0.4822,0.3442
1995-06-30,-1.0738,0.6254
1995-07-03,0.3997,0.2745
1995-07-04,1.0821,0.7672
1995-07-05,-0.4369,1.3645
1995-07-06,0.739,-0.1944
1995-07-07,1.5166,2.2017
1995-07-10,1.2014,-0.2281
1995-07-11,1.0389,0.2605
1995-07-12,-0.1276,-0.3868
1995-07-13,0.6971,-0.0985
1995-07-14,-1.3331,-0.5222
1995-07-17,0.6733,0.3908
1995-07-18,-0.301,-0.6361
1995-07-19,-0.461,-0.4502
1995-07-20,0.0664,-0.1439
1995-07-21,0.8025,0.3735
1995-07-24,-0.1989,0.542
1995-07-25,1.4371,0.0379
1995-07-26,0.5271,0.6234
1995-07-27,-0.2878,0.1158
1995-07-28,-0.1956,0.3065
1995-07-31,-0.5045,-0.1614
1995-08-01,0.0577,-0.3869
1995-08-02,0.9685,1.4493
1995-08-03,-0.0357,-0.6943
1995-08-04,-0.2111,0.1956
1995-08-07,0.3318,0.0316
1995-08-08,-0.2568,-0.422
1995-08-09,-0.7097,-0.0144
1995-08-10,-0.1373,0.1845
1995-08-11,0.6387,-0.2072
1995-08-14,-1.0945,-0.7527
1995-08-15,0.8676,0.0872
1995-08-16,1.1335,0.601
1995-08-17,0.3302,0.1587
1995-08-18,0.1398,1.1295
1995-08-21,0.2615,0.7379
1995-08-22,-0.4636,-0.1556
1995-08-23,0.2019,-0.4051
1995-08-24,-0.0247,0.1166
1995-08-25,-0.6006,0.1392
1995-08-28,-0.3628,0.0
1995-08-29,-0.423,-0.6326
1995-08-30,0.3782,0.04
1995-08-31,-0.0786,-0.7477
1995-09-01,-0.2332,0.9086
1995-09-04,0.772,0.379
1995-09-05,0.6448,0.2754
1995-09-06,0.5426,0.7162
1995-09-07,-0.4018,-0.3401
1995-09-08,0.2522,0.251
1995-09-11,-0.5678,-0.1463
1995-09-12,0.4441,-0.3775
1995-09-13,1.0855,0.987
1995-09-14,0.193,-0.1512
1995-09-15,0.7435,-0.0224
1995-09-18,-0.6733,-0.8781
1995-09-19,0.4289,0.2292
1995-09-20,-0.2682,0.5676
1995-09-21,-0.7705,-0.1011
1995-09-22,-3.3021,-1.2114
1995-09-25,-0.1528,-0.2219
1995-09-26,0.8803,0.4648
1995-09-27,-1.9036,-1.087
1995-09-28,-0.6186,-0.1722
1995-09-29,0.6962,0.8393
1995-10-02,0.8221,0.3421
1995-10-03,0.0,0.1136
1995-10-04,0.5778,0.5647
1995-10-05,-0.4031,0.0085
1995-10-06,-1.6928,-0.505
1995-10-09,-0.1262,-0.4594
1995-10-10,-1.3796,-1.4301
1995-10-11,0.3053,0.4104
1995-10-12,0.5976,1.4247
1995-10-13,1.7937,1.2543
1995-10-16,-0.2454,-0.2999
1995-10-17,0.4376,0.1377
1995-10-18,-0.2826,0.8646
1995-10-19,-0.693,-0.4008
1995-10-20,-0.418,-0.7601
1995-10-23,-2.9058,-0.5603
1995-10-24,0.2932,0.1076
1995-10-25,1.7283,0.0707
1995-10-26,-0.8506,-0.5144
1995-10-27,-1.6774,-0.6165
1995-10-30,2.3868,0.3459
1995-10-31,1.0158,0.5442
1995-11-01,-0.2163,-0.2947
1995-11-02,0.9597,0.1222
1995-11-03,-0.1035,-0.6415
1995-11-06,-0.7302,0.4114
1995-11-07,0.4239,0.2162
1995-11-08,-0.1228,0.4173
1995-11-09,0.9446,0.1272
1995-11-10,-0.9417,-0.5139
1995-11-13,0.1432,0.3803
1995-11-14,1.0118,0.3138
1995-11-15,-0.5061,0.6624
1995-11-16,0.6655,1.1032
1995-11-17,0.0254,-0.0443
1995-11-20,0.7732,0.5431
1995-11-21,-0.5969,-0.6807
1995-11-22,-0.5356,0.7852
1995-11-23,-0.0456,-0.8231
1995-11-24,0.2696,0.5968
1995-11-27,1.817,0.6898
1995-11-28,0.1984,-0.0055
1995-11-29,0.1373,0.1836
1995-11-30,-0.1242,0.2407
1995-12-01,0.795,0.4394
1995-12-04,-0.376,-0.2907
1995-12-05,0.3921,-0.1499
1995-12-06,0.2738,-0.0382
1995-12-07,-0.1795,-0.6361
1995-12-08,0.194,-0.261
1995-12-11,0.2346,0.6088
1995-12-12,0.7458,0.0767
1995-12-13,-0.5228,0.2052
1995-12-14,0.3534,0.2512
1995-12-15,-0.0472,-0.7898
1995-12-18,-0.8132,-1.2766
1995-12-19,-1.349,-0.5339
1995-12-20,1.1831,1.0288
1995-12-21,0.1326,0.5424
1995-12-22,0.6781,0.6881
1995-12-25,0.0,0.0
1995-12-26,0.0,0.0
1995-12-27,0.0,0.4948
1995-12-28,-0.2013,0.0082
1995-12-29,-0.9649,0.3427
1996-01-01,0.0,0.0
1996-01-02,1.3745,-0.0379
1996-01-03,1.9415,0.7511
1996-01-04,-0.2104,-0.0404
1996-01-05,0.3253,-0.2585
1996-01-08,-0.3602,0.4346
1996-01-09,1.1268,-0.5456
1996-01-10,-0.4882,-0.7783
1996-01-11,-0.3712,-0.4521
1996-01-12,1.1565,0.0657
1996-01-15,0.1103,0.1476
1996-01-16,0.7554,1.3078
1996-01-17,-0.2343,-0.1725
1996-01-18,0.4048,1.2013
1996-01-19,0.7501,-0.008
1996-01-22,-0.3431,0.1547
1996-01-23,-0.2535,-0.5114
1996-01-24,1.6188,0.6212
1996-01-25,0.8522,-0.6386
1996-01-26,-0.4415,0.0134
1996-01-29,0.5393,-0.0027
1996-01-30,-0.4195,0.0187
1996-01-31,1.4102,0.6425
1996-02-01,-0.4405,-0.1729
1996-02-02,-0.2928,0.7594
1996-02-05,-1.3478,-0.9177
1996-02-06,0.3832,0.024
1996-02-07,0.7363,-0.571
1996-02-08,-0.6525,-0.475
1996-02-09,-0.7518,0.213
1996-02-12,0.6683,0.2772
1996-02-13,0.2413,0.5635
1996-02-14,-0.281,-0.0694
1996-02-15,-0.1673,0.9292
1996-02-16,0.248,-0.2355
1996-02-19,-1.2532,-0.7054
1996-02-20,-0.6658,-0.7932
1996-02-21,0.3572,0.2961
1996-02-22,0.8732,0.3865
1996-02-23,1.6493,0.008
1996-02-26,-0.385,-0.9652
1996-02-27,0.1056,0.3159
1996-02-28,1.1281,0.6001
1996-02-29,0.0425,-0.2836
1996-03-01,1.1186,0.6734
1996-03-04,-0.5289,0.4237
1996-03-05,-0.3601,0.2255
1996-03-06,-0.524,-0.4819
1996-03-07,0.6042,-0.0186
1996-03-08,-0.4764,-1.2745
1996-03-11,-2.4839,-0.9649
1996-03-12,1.1704,-0.9525
1996-03-13,-0.3937,0.022
1996-03-14,0.0045,1.14
1996-03-15,1.3081,-1.0049
1996-03-18,0.2006,0.6804
1996-03-19,1.222,0.6377
1996-03-20,-0.2952,-0.2058
1996-03-21,0.7329,0.35
1996-03-22,-0.004,0.2352
1996-03-25,0.2516,-0.6771
1996-03-26,-0.4382,-0.5704
1996-03-27,1.0443,0.3141
1996-03-28,-0.6724,0.0054
1996-03-29,-0.8998,0.7379
1996-04-01,0.1295,0.5054
1996-04-02,0.4873,0.2716
1996-04-03,-0.2727,-0.0912
1996-04-04,0.0313,0.8188
1996-04-05,0.0,0.0
1996-04-08,0.0,0.0
1996-04-09,0.3238,0.0799
1996-04-10,1.069,0.2341
1996-04-11,-0.8028,-0.6158
1996-04-12,0.0825,0.6036
1996-04-15,1.36,0.6292
1996-04-16,-0.2969,0.9181
1996-04-17,-0.5594,-0.515
1996-04-18,0.4493,0.3968
1996-04-19,0.0394,0.9527
1996-04-22,0.3702,-0.1141
1996-04-23,0.1677,-0.5113
1996-04-24,-0.4674,-0.4018
1996-04-25,-0.2305,0.0445
1996-04-26,0.188,0.3535
1996-04-29,-1.2104,-0.6157
1996-04-30,-0.0483,0.2284
1996-05-01,0.0,-0.3117
1996-05-02,-0.1174,-0.7777
1996-05-03,-1.7911,-0.6567
1996-05-06,0.4647,0.0
1996-05-07,0.4301,-0.7623
1996-05-08,-0.2779,-0.4217
1996-05-09,-0.1318,0.5664
1996-05-10,-0.0243,0.7001
1996-05-13,1.1095,-0.4049
1996-05-14,0.9438,0.5482
1996-05-15,0.358,0.4389
1996-05-16,0.0,-0.5985
1996-05-17,0.3393,0.9591
1996-05-20,0.4993,-0.3008
1996-05-21,0.8149,0.2964
1996-05-22,-0.5411,-0.665
1996-05-23,0.1404,-0.4569
1996-05-24,-0.7116,0.1361
1996-05-27,0.0,0.0
1996-05-28,0.6317,0.2159
1996-05-29,-0.2678,0.4122
1996-05-30,-0.9461,-0.7681
1996-05-31,0.6129,0.0294
1996-06-03,-0.3921,-0.2295
1996-06-04,0.5298,0.4279
1996-06-05,0.2466,-0.0479
1996-06-06,0.0,0.1838
1996-06-07,0.192,-1.4228
1996-06-10,0.054,0.5935
1996-06-11,-0.4869,0.7214
1996-06-12,0.8848,0.3595
1996-06-13,-0.0549,-0.199
1996-06-14,-0.726,-0.2153
1996-06-17,-0.1063,0.2105
1996-06-18,0.1245,-0.1356
1996-06-19,0.1961,-0.0852
1996-06-20,-0.5724,-0.6847
1996-06-21,0.0173,-0.1395
1996-06-24,1.0362,-0.3089
1996-06-25,0.2544,-0.8435
1996-06-26,0.0284,0.4348
1996-06-27,-0.8575,-0.4519
1996-06-28,0.3829,0.8753
1996-07-01,0.1019,0.3934
1996-07-02,0.3218,0.0027
1996-07-03,-0.1283,-0.3114
1996-07-04,0.3285,1.252
1996-07-05,0.2367,-0.4627
1996-07-08,-1.2561,-0.0454
1996-07-09,0.4367,0.2887
1996-07-10,0.2049,0.3598
1996-07-11,0.3159,-0.4461
1996-07-12,-1.2145,-0.5521
1996-07-15,0.2464,-0.8047
1996-07-16,-3.1656,-1.7846
1996-07-17,1.1094,0.713
1996-07-18,0.3616,0.9622
1996-07-19,0.5574,0.463
1996-07-22,-1.4995,-0.787
1996-07-23,-0.2953,0.7362
1996-07-24,-1.1018,-1.0678
1996-07-25,0.7027,0.4334
1996-07-26,0.2166,-0.3094
1996-07-29,0.3024,0.1497
1996-07-30,-0.8205,-0.28
1996-07-31,0.6458,0.9459
1996-08-01,0.8535,0.8425
1996-08-02,0.5689,0.9694
1996-08-05,0.4895,0.4694
1996-08-06,0.0611,0.0026
1996-08-07,0.3734,0.5992
1996-08-08,0.2472,0.0079
1996-08-09,-0.4929,-0.0184
1996-08-12,0.1006,-0.1942
1996-08-13,0.4442,0.5285
1996-08-14,-0.0287,0.1805
1996-08-15,0.3013,0.1854
1996-08-16,0.0797,0.9251
1996-08-19,0.5651,-0.2375
1996-08-20,-0.0976,0.5047
1996-08-21,-0.6452,-0.2858
1996-08-22,0.5315,0.4907
1996-08-23,-0.0821,0.4215
1996-08-26,-0.1096,0.0
1996-08-27,0.2539,-0.0461
1996-08-28,0.1688,0.3328
1996-08-29,-0.1209,-0.86
1996-08-30,-0.634,-0.4479
1996-09-02,-0.4305,0.4344
1996-09-03,-0.8729,-0.7337
1996-09-04,0.8611,0.4357
1996-09-05,-0.1125,0.3744
1996-09-06,-0.4957,0.1492
1996-09-09,1.2606,0.4572
1996-09-10,0.8718,0.1355
1996-09-11,-0.1614,-0.2681
1996-09-12,0.1371,0.6913
1996-09-13,0.9975,0.8976
1996-09-16,1.3063,0.2344
1996-09-17,-0.0681,-0.1232
1996-09-18,-0.0906,-0.4179
1996-09-19,-0.048,0.4702
1996-09-20,0.8253,-0.2566
1996-09-23,-0.7203,-1.1201
1996-09-24,0.4343,-0.2347
1996-09-25,0.7777,0.6444
1996-09-26,0.2851,-0.0635
1996-09-27,-0.2816,0.3356
1996-09-30,-0.2704,0.185
1996-10-01,0.1463,0.9738
1996-10-02,0.7821,0.5736
1996-10-03,0.0,-0.3761
1996-10-04,0.2533,0.62
1996-10-07,0.7215,0.1665
1996-10-08,-0.4244,0.1017
1996-10-09,0.4392,-0.6517
1996-10-10,-0.8228,-0.3642
1996-10-11,0.197,0.8361
1996-10-14,0.2923,0.2632
1996-10-15,1.2833,0.2996
1996-10-16,-0.4966,-0.6517
1996-10-17,0.0501,0.4398
1996-10-18,0.6833,0.2721
1996-10-21,-0.2117,0.4934
1996-10-22,-0.3683,-0.3904
1996-10-23,-0.7153,-0.7098
1996-10-24,-0.7816,-0.7199
1996-10-25,-0.1572,0.5751
1996-10-28,1.1072,0.0721
1996-10-29,-1.1173,-0.79
1996-10-30,0.1911,-0.7412
1996-10-31,-0.7272,0.3835
1996-11-01,0.9025,-0.769
1996-11-04,-0.4245,-0.5167
1996-11-05,0.7272,-0.1782
1996-11-06,1.4082,0.3723
1996-11-07,-0.5852,-0.8969
1996-11-08,0.9808,0.2666
1996-11-11,-0.4201,0.0921
1996-11-12,0.2192,0.5084
1996-11-13,1.4311,-0.1881
1996-11-14,0.1291,-0.0204
1996-11-15,0.6766,0.8176
1996-11-18,-1.1431,0.0985
1996-11-19,0.009,0.4038
1996-11-20,0.3766,-0.3846
1996-11-21,-0.0779,-0.2271
1996-11-22,-0.312,1.6415
1996-11-25,1.2845,0.8933
1996-11-26,0.409,0.3404
1996-11-27,-0.4842,-0.4719
1996-11-28,0.7315,0.0247
1996-11-29,0.9949,0.1926
1996-12-02,0.4597,-0.4805
1996-12-03,0.9928,0.5695
1996-12-04,-0.7243,-0.4013
1996-12-05,1.5296,0.1483
1996-12-06,-4.0534,-2.1771
1996-12-09,2.3381,1.2263
1996-12-10,1.1816,0.6008
1996-12-11,-1.7278,-1.3182
1996-12-12,0.2122,0.2059
1996-12-13,-1.6638,-0.4586
1996-12-16,2.0031,0.5387
1996-12-17,-1.4238,-0.3556
1996-12-18,0.1996,0.9699
1996-12-19,-0.4609,0.8238
1996-12-20,1.6633,0.6492
1996-12-23,-0.3111,0.2354
1996-12-24,0.0,0.1297
1996-12-25,0.0,0.0
1996-12-26,0.0,0.0
1996-12-27,0.2569,-0.0367
1996-12-30,1.2552,0.6038
1996-12-31,0.0,0.068
1997-01-01,0.0,0.0
1997-01-02,-1.3819,-1.4835
1997-01-03,0.3689,0.7911
1997-01-06,0.7708,0.4157
1997-01-07,0.1669,-0.6745
1997-01-08,0.7002,0.2133
1997-01-09,-0.4717,-0.0122
1997-01-10,1.4091,-0.7438
1997-01-13,0.735,1.2498
1997-01-14,-0.2054,1.4827
1997-01-15,1.3419,-0.2231
1997-01-16,0.1626,0.9281
1997-01-17,0.2693,0.243
1997-01-20,0.9766,-0.3256
1997-01-21,-1.7808,0.0358
1997-01-22,1.7456,0.5625
1997-01-23,0.1582,1.242
1997-01-24,-1.1611,-1.2338
1997-01-27,-0.1237,-0.1612
1997-01-28,-0.1736,0.603
1997-01-29,0.3302,-0.7056
1997-01-30,0.6042,0.4967
1997-01-31,0.5909,1.121
1997-02-03,0.8942,-0.421
1997-02-04,0.1558,0.0728
1997-02-05,1.0088,0.4835
1997-02-06,0.1982,-0.3644
1997-02-07,1.0911,0.9822
1997-02-10,1.4771,-0.0023
1997-02-11,0.1011,-0.0789
1997-02-12,0.896,0.0
1997-02-13,0.4148,0.5297
1997-02-14,0.579,0.3212
1997-02-17,-0.4806,-0.0737
1997-02-18,1.3485,-0.1268
1997-02-19,-1.2945,0.5794
1997-02-20,-1.1664,-0.0298
1997-02-21,-0.3736,-0.4431
1997-02-24,0.0038,-0.1314
1997-02-25,1.5388,0.314
1997-02-26,0.1441,-0.3545
1997-02-27,1.1999,0.2287
1997-02-28,-0.5213,-0.7121
1997-03-03,0.1295,-0.0279
1997-03-04,1.7403,1.1748
1997-03-05,1.335,0.0551
1997-03-06,1.5635,0.8991
1997-03-07,-1.2114,0.4773
1997-03-10,1.7733,0.3869
1997-03-11,0.7136,0.1555
1997-03-12,-1.3058,-0.4905
1997-03-13,-1.9204,-0.5608
1997-03-14,0.283,0.6049
1997-03-17,-0.2471,-1.1527
1997-03-18,-1.7845,-0.3773
1997-03-19,0.7517,-0.5646
1997-03-20,-1.5459,-1.7104
1997-03-21,1.0283,-0.0775
1997-03-24,0.7155,-0.9401
1997-03-25,0.8218,1.3263
1997-03-26,2.0596,0.7212
1997-03-27,0.3198,0.265
1997-03-28,0.0,0.0
1997-03-31,0.0,0.0
1997-04-01,-3.8821,-1.5025
1997-04-02,0.1814,-0.2707
1997-04-03,-2.6248,-0.5193
1997-04-04,0.9234,0.522
1997-04-07,2.094,0.8285
1997-04-08,0.5095,-0.0562
1997-04-09,0.892,0.5387
1997-04-10,-0.2372,0.4869
1997-04-11,-0.3413,-0.9853
1997-04-14,-1.8009,-0.4449
1997-04-15,1.4568,0.8256
1997-04-16,0.7744,0.182
1997-04-17,0.8886,0.1001
1997-04-18,-1.1486,0.2698
1997-04-21,0.0954,0.4222
1997-04-22,-0.2166,0.402
1997-04-23,1.6651,0.9572
1997-04-24,0.0415,0.0182
1997-04-25,-0.6846,-0.4284
1997-04-28,-0.3272,0.4577
1997-04-29,0.5986,0.991
1997-04-30,1.6221,0.0632
1997-05-01,0.0,0.2029
1997-05-02,0.6486,0.2385
1997-05-05,1.977,0.0
1997-05-06,1.1194,1.4297
1997-05-07,-0.4568,0.4027
1997-05-08,0.0,0.9455
1997-05-09,0.2936,1.1025
1997-05-12,0.3638,0.8357
1997-05-13,0.5532,0.4583
1997-05-14,-0.5969,-0.0874
1997-05-15,-0.324,-0.1216
1997-05-16,1.1914,0.2713
1997-05-19,0.0,-1.0375
1997-05-20,-1.6956,-0.8116
1997-05-21,1.4861,0.7488
1997-05-22,-0.4636,0.2111
1997-05-23,0.6361,0.215
1997-05-26,1.5454,0.0
1997-05-27,0.4511,0.4247
1997-05-28,-1.0326,-0.0876
1997-05-29,0.0,-0.1112
1997-05-30,-2.4359,-1.0915
1997-06-02,1.6286,-1.2659
1997-06-03,0.558,-0.1096
1997-06-04,0.9957,-0.0154
1997-06-05,0.3056,0.4191
1997-06-06,0.606,1.5034
1997-06-09,-0.7539,0.8977
1997-06-10,-0.066,1.1287
1997-06-11,0.3389,-0.3123
1997-06-12,0.831,0.69
1997-06-13,0.983,0.5402
1997-06-16,0.552,-0.7945
1997-06-17,-0.6276,-1.3256
1997-06-18,-0.2996,-0.5382
1997-06-19,0.5093,-0.0709
1997-06-20,1.0402,-1.285
1997-06-23,-0.8856,-0.394
1997-06-24,0.0293,0.448
1997-06-25,1.1366,0.9508
1997-06-26,0.1785,0.3858
1997-06-27,-0.2596,-0.3779
1997-06-30,-0.254,-0.7693
1997-07-01,0.9002,2.6864
1997-07-02,0.9139,0.4885
1997-07-03,0.8465,1.69
1997-07-04,1.4184,-0.3912
1997-07-07,0.7688,-0.0436
1997-07-08,0.8447,-1.0851
1997-07-09,1.2345,0.082
1997-07-10,-1.5651,0.1134
1997-07-11,1.2171,0.6649
1997-07-14,2.0594,1.2064
1997-07-15,-0.0742,0.8626
1997-07-16,1.9439,1.3247
1997-07-17,0.6205,-0.3062
1997-07-18,-0.7281,-1.4508
1997-07-21,-2.1001,-1.466
1997-07-22,2.97,0.8532
1997-07-23,4.1525,0.5736
1997-07-24,-1.5967,-0.238
1997-07-25,-0.4175,-0.2344
1997-07-28,1.2396,0.2288
1997-07-29,0.2409,0.2879
1997-07-30,0.9136,1.0397
1997-07-31,0.3892,-0.4018
1997-08-01,-0.679,-0.1671
1997-08-04,-2.537,-0.0735
1997-08-05,0.1336,1.3257
1997-08-06,0.7602,1.3224
1997-08-07,1.8213,1.2057
1997-08-08,-1.3637,-1.0911
1997-08-11,-0.4828,0.0119
1997-08-12,0.6914,0.8724
1997-08-13,-1.9392,-1.4224
1997-08-14,-1.0997,-0.2458
1997-08-15,-1.8568,-2.5144
1997-08-18,-1.7882,-0.633
1997-08-19,2.2316,1.6381
1997-08-20,1.2905,0.8994
1997-08-21,0.716,0.3953
1997-08-22,-3.9415,-1.5448
1997-08-25,-0.348,0.0
1997-08-26,-2.7619,-0.302
1997-08-27,0.9176,0.4216
1997-08-28,-0.5508,-1.2533
1997-08-29,-1.7017,-0.5758
1997-09-01,2.1487,1.0939
1997-09-02,1.4389,1.6837
1997-09-03,1.3905,0.4988
1997-09-04,-0.7791,0.2893
1997-09-05,0.712,0.0581
1997-09-08,-0.7965,-0.1802
1997-09-09,0.6485,-0.6961
1997-09-10,-1.0807,-0.9151
1997-09-11,-1.9157,-1.0275
1997-09-12,-2.9638,-0.1359
1997-09-15,-0.8997,1.1283
1997-09-16,2.0633,1.4991
1997-09-17,2.8605,0.7375
1997-09-18,-0.2493,0.6603
1997-09-19,0.8122,-0.4439
1997-09-22,1.3873,1.0331
1997-09-23,0.227,-0.9496
1997-09-24,0.1022,0.9886
1997-09-25,1.1259,-0.2304
1997-09-26,-1.6343,3.1744
1997-09-29,0.5756,-0.1148
1997-09-30,1.5491,0.4578
1997-10-01,0.6989,1.3901
1997-10-02,1.8282,-0.395
1997-10-03,0.0,0.6552
1997-10-06,0.665,-0.5778
1997-10-07,0.1223,0.1057
1997-10-08,0.9252,-0.8199
1997-10-09,-2.3976,-0.8419
1997-10-10,-1.2842,0.1821
1997-10-13,1.0238,1.3927
1997-10-14,-0.6861,-0.0226
1997-10-15,-0.2066,-0.6643
1997-10-16,-1.7996,0.4598
1997-10-17,-1.3773,-0.3177
1997-10-20,-0.5109,-1.1402
1997-10-21,2.4439,0.2859
1997-10-22,0.7718,-1.4753
1997-10-23,-4.6552,-3.0551
1997-10-24,1.8508,-0.4267
1997-10-27,-4.2398,-2.6055
1997-10-28,-8.0405,-1.7621
1997-10-29,6.2959,2.4477
1997-10-30,-1.6987,-1.4348
1997-10-31,-0.019,0.8413
1997-11-03,3.418,1.3238
1997-11-04,-1.0799,-0.1834
1997-11-05,1.4224,0.2226
1997-11-06,-1.1061,-0.9066
1997-11-07,-3.2433,-2.0457
1997-11-10,1.4227,0.8921
1997-11-11,-0.5716,-0.2725
1997-11-12,-1.9246,-1.5291
1997-11-13,1.2303,-0.1991
1997-11-14,0.7194,0.6538
1997-11-17,1.7065,2.6403
1997-11-18,1.0241,-0.4438
1997-11-19,0.0352,-0.3158
1997-11-20,2.1154,1.6211
1997-11-21,1.1172,1.5769
1997-11-24,-3.2593,-1.749
1997-11-25,0.4856,-0.7165
1997-11-26,1.7484,0.5695
1997-11-27,0.9526,-0.045
1997-11-28,-0.1189,-1.17
1997-12-01,3.011,1.8627
1997-12-02,0.1207,1.1337
1997-12-03,0.2438,-0.1386
1997-12-04,1.3939,2.2452
1997-12-05,0.7314,1.1924
1997-12-08,1.2777,0.8653
1997-12-09,-0.9104,-0.1986
1997-12-10,-1.6163,-0.8963
1997-12-11,-2.1157,-1.8477
1997-12-12,1.3012,0.1847
1997-12-15,-0.5526,1.5183
1997-12-16,0.5894,1.5932
1997-12-17,1.8293,-0.2421
1997-12-18,0.1818,-0.4335
1997-12-19,-1.956,-2.8655
1997-12-22,-1.0216,-0.0398
1997-12-23,1.9483,0.6297
1997-12-24,0.0,-0.7109
1997-12-25,0.0,0.0
1997-12-26,0.0,0.0
1997-12-29,1.8337,1.9645
1997-12-30,1.2465,0.3892
1997-12-31,0.0,0.0624
1998-01-01,0.0,0.0
1998-01-02,1.5455,1.1294
1998-01-05,1.6091,1.3286
1998-01-06,-0.7339,0.0361
1998-01-07,0.8939,-0.7655
1998-01-08,-1.009,0.2488
1998-01-09,-2.537,-1.8865
1998-01-12,-3.5323,-1.3526
1998-01-13,1.7645,0.2979
1998-01-14,0.7376,0.4524
1998-01-15,-0.9962,1.1533
1998-01-16,0.8707,1.8835
1998-01-19,2.4013,0.1995
1998-01-20,0.5361,0.0872
1998-01-21,-0.582,-0.1118
1998-01-22,-1.4614,-0.3642
1998-01-23,0.4042,-1.3649
1998-01-26,-0.2957,1.0769
1998-01-27,1.2777,1.7013
1998-01-28,2.6237,0.8693
1998-01-29,0.6459,0.9269
1998-01-30,0.4752,0.6658
1998-02-02,1.8564,2.574
1998-02-03,0.2147,0.2465
1998-02-04,-1.0054,-0.3029
1998-02-05,1.3709,0.1894
1998-02-06,-1.1461,0.4156
1998-02-09,1.495,-0.5116
1998-02-10,-0.8721,0.2214
1998-02-11,1.4298,-0.0962
1998-02-12,-1.1246,-0.9879
1998-02-13,-0.7571,0.5367
1998-02-16,0.4033,0.6736
1998-02-17,1.8086,1.5943
1998-02-18,0.5743,0.2435
1998-02-19,-1.0031,-0.0856
1998-02-20,0.4419,0.5788
1998-02-23,1.1926,-0.8485
1998-02-24,-1.2453,-0.9083
1998-02-25,0.7888,1.6652
1998-02-26,1.2125,0.3429
1998-02-27,0.3794,0.0434
1998-03-02,0.5714,0.9242
1998-03-03,0.4307,-0.2216
1998-03-04,-0.9998,-1.2845
1998-03-05,-1.8299,-0.6541
1998-03-06,2.0018,1.5328
1998-03-09,1.3758,0.6225
1998-03-10,1.1211,0.165
1998-03-11,-0.0345,0.0223
1998-03-12,0.1415,-0.6004
1998-03-13,1.0342,-0.2157
1998-03-16,-0.1186,0.0484
1998-03-17,1.2865,0.8608
1998-03-18,-0.545,1.1774
1998-03-19,0.3374,1.5973
1998-03-20,1.3214,-0.6936
1998-03-23,-0.6044,-0.1561
1998-03-24,1.145,0.6171
1998-03-25,1.3599,-0.2657
1998-03-26,-1.1156,-1.0423
1998-03-27,0.8612,0.5706
1998-03-30,-1.444,-0.4613
1998-03-31,1.8482,0.3434
1998-04-01,1.0164,1.4396
1998-04-02,0.4356,0.585
1998-04-03,0.9052,0.1883
1998-04-06,0.9214,0.686
1998-04-07,1.62,-0.1933
1998-04-08,-1.635,-0.6367
1998-04-09,0.9064,0.8307
1998-04-10,0.0,0.0
1998-04-13,0.0,0.0
1998-04-14,1.0825,-0.0229
1998-04-15,0.2547,-0.4915
1998-04-16,-1.1938,-1.187
1998-04-17,-1.0404,-1.3296
1998-04-20,3.2883,0.5387
1998-04-21,-0.975,0.0151
1998-04-22,-0.525,-0.4013
1998-04-23,-2.0369,-0.5564
1998-04-24,-2.041,-0.5798
1998-04-27,-1.0915,-2.4131
1998-04-28,-1.3651,1.4714
1998-04-29,1.7895,0.4564
1998-04-30,-0.0204,1.6321
1998-05-01,0.0,1.3832
1998-05-04,4.0572,0.0
1998-05-05,-1.5548,-0.396
1998-05-06,-0.0426,0.0986
1998-05-07,-0.8331,-0.9078
1998-05-08,1.3758,0.5355
1998-05-11,1.5998,0.9799
1998-05-12,-0.8301,-1.1877
1998-05-13,1.5013,0.272
1998-05-14,-0.2912,-0.4085
1998-05-15,0.5954,-0.5161
1998-05-18,-0.9325,-1.5479
1998-05-19,0.8619,0.8857
1998-05-20,2.2654,0.5036
1998-05-21,0.0,0.4774
1998-05-22,0.9659,0.3369
1998-05-25,0.1968,0.0
1998-05-26,1.24,0.2535
1998-05-27,-2.7222,-1.6832
1998-05-28,-0.1708,-0.1346
1998-05-29,1.6022,0.1433
1998-06-01,0.0,-0.5587
1998-06-02,0.246,0.0754
1998-06-03,0.5549,0.9602
1998-06-04,-0.3791,-0.6375
1998-06-05,1.7169,1.4759
1998-06-08,1.5925,1.5217
1998-06-09,-0.3298,-0.2981
1998-06-10,-0.0967,-0.5382
1998-06-11,0.0,-2.2531
1998-06-12,-1.4533,-1.4131
1998-06-15,-2.5307,-0.9376
1998-06-16,1.1624,0.2449
1998-06-17,2.1066,1.7977
1998-06-18,0.1524,-0.3532
1998-06-19,-0.2702,-1.1012
1998-06-22,-0.8393,-0.6211
1998-06-23,1.1311,1.0433
1998-06-24,1.0702,0.57
1998-06-25,1.5004,0.9302
1998-06-26,0.0646,0.3158
1998-06-29,0.7616,0.1208
1998-06-30,-0.2991,-0.8837
1998-07-01,0.1596,1.4985
1998-07-02,-0.0466,0.6808
1998-07-03,0.8309,0.4731
1998-07-06,-0.5844,0.0317
1998-07-07,0.72,0.2187
1998-07-08,0.875,0.1033
1998-07-09,-0.2722,-0.6639
1998-07-10,-0.2393,-0.6701
1998-07-13,0.6195,0.4806
1998-07-14,1.2592,2.3833
1998-07-15,0.2126,0.841
1998-07-16,-0.2328,-0.5641
1998-07-17,0.8837,0.9351
1998-07-20,0.3832,0.081
1998-07-21,-0.0958,-0.7493
1998-07-22,-0.8887,-2.3334
1998-07-23,-0.8555,-0.2237
1998-07-24,-0.3824,-1.4039
1998-07-27,-2.49,-0.9538
1998-07-28,0.0681,-0.0051
1998-07-29,-0.6008,0.1422
1998-07-30,0.4654,1.1396
1998-07-31,-0.1182,-1.2469
1998-08-03,-1.9604,-0.4677
1998-08-04,-0.0446,-1.2668
1998-08-05,-2.1488,-1.8061
1998-08-06,-2.0394,-0.6818
1998-08-07,1.1523,1.5427
1998-08-10,-1.8808,-1.6337
1998-08-11,-3.7955,-2.7704
1998-08-12,2.5429,0.5412
1998-08-13,-0.8541,-1.1479
1998-08-14,1.7115,1.0279
1998-08-17,0.1593,0.2236
1998-08-18,2.0581,3.3107
1998-08-19,0.4944,0.8162
1998-08-20,-1.9332,-0.4724
1998-08-21,-5.9165,-3.3596
1998-08-24,1.3822,1.4004
1998-08-25,2.6148,1.8132
1998-08-26,-2.609,-1.9277
1998-08-27,-3.2642,-3.19
1998-08-28,-1.3298,-2.2185
1998-08-31,-3.1971,0.0
1998-09-01,-0.8705,-1.5297
1998-09-02,3.7291,1.2904
1998-09-03,-3.1852,-2.2365
1998-09-04,0.1677,0.9436
1998-09-07,2.1393,3.4836
1998-09-08,3.6656,-0.0524
1998-09-09,-1.2338,-0.6156
1998-09-10,-5.8232,-3.2892
1998-09-11,-0.2144,-0.3504
1998-09-14,3.3636,2.9305
1998-09-15,-1.333,0.2486
1998-09-16,0.5537,0.1893
1998-09-17,-3.8794,-3.0009
1998-09-18,-1.519,-1.506
1998-09-21,-3.5818,-1.2916
1998-09-22,3.1864,2.2644
1998-09-23,2.7155,2.1829
1998-09-24,-1.1308,-0.9032
1998-09-25,-1.8223,-2.0629
1998-09-28,2.0247,0.6422
1998-09-29,-1.6259,0.2984
1998-09-30,-2.2664,-0.8671
1998-10-01,-5.543,-3.0843
1998-10-02,-6.2461,-3.215
1998-10-05,1.8102,-2.1409
1998-10-06,3.0343,4.4163
1998-10-07,-1.6554,-0.5171
1998-10-08,-4.6908,-2.6942
1998-10-09,2.2476,2.6517
1998-10-12,6.0708,4.4409
1998-10-13,1.1594,-0.9429
1998-10-14,1.0303,0.9679
1998-10-15,1.8648,0.3553
1998-10-16,2.047,1.5189
1998-10-19,-0.6839,-1.0832
1998-10-20,3.0823,3.4348
1998-10-21,-1.5793,-0.8625
1998-10-22,-1.5246,0.4475
1998-10-23,-0.0716,-0.2447
1998-10-26,2.8454,0.276
1998-10-27,2.2874,1.9058
1998-10-28,-3.1204,-0.6997
1998-10-29,0.2864,1.2203
1998-10-30,2.6771,1.4911
1998-11-02,1.9274,1.6016
1998-11-03,-1.1777,-0.3909
1998-11-04,2.9041,2.1621
1998-11-05,-0.6221,-2.545
1998-11-06,0.5117,0.2044
1998-11-09,-1.3986,-1.0399
1998-11-10,-2.2187,-0.0294
1998-11-11,1.1778,0.8192
1998-11-12,-1.6493,-0.5094
1998-11-13,-0.0052,0.2624
1998-11-16,3.1063,0.8658
1998-11-17,-1.6962,-0.1415
1998-11-18,-0.0831,-0.5216
1998-11-19,2.0638,2.4151
1998-11-20,2.4228,1.9853
1998-11-23,2.1833,2.2895
1998-11-24,-1.2014,-0.8566
1998-11-25,-0.2914,-0.7416
1998-11-26,2.1693,1.2614
1998-11-27,1.3827,0.2797
1998-11-30,-1.9287,-1.7162
1998-12-01,-4.7976,-3.5951
1998-12-02,-1.883,-0.5454
1998-12-03,2.0332,1.0695
1998-12-04,-0.2475,0.2839
1998-12-07,-1.2831,-0.0932
1998-12-08,-0.3101,0.6993
1998-12-09,-0.7588,0.9509
1998-12-10,-0.4501,-0.1552
1998-12-11,-2.2937,-2.0953
1998-12-14,-0.2941,-0.1299
1998-12-15,1.1418,0.4083
1998-12-16,1.9445,1.319
1998-12-17,1.2943,0.9733
1998-12-18,-2.0022,0.9973
1998-12-21,3.277,2.3442
1998-12-22,0.9297,-0.565
1998-12-23,2.6193,1.1209
1998-12-24,0.0,-0.704
1998-12-25,0.0,0.0
1998-12-28,1.8781,0.0
1998-12-29,-0.2557,1.2664
1998-12-30,-0.5859,-0.9913
1998-12-31,0.0,0.0
1999-01-01,0.0,0.0
1999-01-04,4.997,-0.0544
1999-01-05,0.0295,1.3403
1999-01-06,3.6108,3.199
1999-01-07,-2.2119,-0.7741
1999-01-08,1.308,0.754
1999-01-11,-2.2667,-1.0118
1999-01-12,-1.3376,-0.8447
1999-01-13,-5.1595,-3.0413
1999-01-14,-0.3863,-0.5111
1999-01-15,0.9663,2.0755
1999-01-18,1.8181,3.0786
1999-01-19,0.4505,-1.5725
1999-01-20,1.378,1.294
1999-01-21,0.2646,-1.366
1999-01-22,-2.6643,-2.6734
1999-01-25,-0.7338,0.3361
1999-01-26,0.0873,0.0816
1999-01-27,1.4915,-0.158
1999-01-28,0.6961,-0.0664
1999-01-29,1.247,0.4002
1999-02-01,0.5981,1.9742
1999-02-02,-0.4614,0.01
1999-02-03,-1.5717,-1.209
1999-02-04,-0.1536,-0.0067
1999-02-05,0.0575,-1.4243
1999-02-08,-1.054,-0.3484
1999-02-09,-2.4441,-0.9426
1999-02-10,-2.1925,-0.1678
1999-02-11,0.8862,2.0502
1999-02-12,1.021,1.0563
1999-02-15,-0.188,1.2183
1999-02-16,0.515,1.4179
1999-02-17,-1.9286,-0.4944
1999-02-18,0.7274,-0.0576
1999-02-19,-0.8813,-0.7194
1999-02-22,0.8912,0.6417
1999-02-23,2.9386,1.4053
1999-02-24,1.4987,2.476
1999-02-25,-2.0491,-1.6028
1999-02-26,-0.9432,-0.5059
1999-03-01,-2.5958,-1.8494
1999-03-02,0.412,0.0066
1999-03-03,-2.2138,-0.2145
1999-03-04,-0.4034,0.8779
1999-03-05,3.4276,1.7062
1999-03-08,-1.0415,0.0548
1999-03-09,-0.6313,0.4639
1999-03-10,-0.7786,0.0609
1999-03-11,0.6989,1.5093
1999-03-12,5.3372,-0.8444
1999-03-15,0.4209,-1.2002
1999-03-16,1.3002,-0.0789
1999-03-17,-0.3376,-0.9884
1999-03-18,-1.2567,-0.4283
1999-03-19,1.7125,0.7998
1999-03-22,-1.4201,-0.1687
1999-03-23,-2.2285,-1.5001
1999-03-24,-2.7446,-0.7227
1999-03-25,1.6763,1.1352
1999-03-26,-1.7507,0.8907
1999-03-29,2.1308,1.852
1999-03-30,-0.4117,0.1791
1999-03-31,0.5633,0.4981
1999-04-01,0.6222,0.5515
1999-04-02,0.0,0.0
1999-04-05,0.0,0.0
1999-04-06,1.0316,1.3469
1999-04-07,1.7518,0.9032
1999-04-08,0.3262,-0.5461
1999-04-09,1.0936,0.543
1999-04-12,0.6826,-0.4893
1999-04-13,0.7757,1.1166
1999-04-14,-0.3274,-0.2997
1999-04-15,-0.0222,-0.4224
1999-04-16,-0.4953,-0.704
1999-04-19,1.2569,1.4754
1999-04-20,-2.5451,-3.0018
1999-04-21,1.4939,-0.1394
1999-04-22,1.0755,1.6257
1999-04-23,-0.4484,0.2251
1999-04-26,1.1703,1.1761
1999-04-27,1.7366,1.3843
1999-04-28,0.0208,0.0781
1999-04-29,-0.2653,-1.5332
1999-04-30,1.1002,0.84
1999-05-03,-0.2883,0.0
1999-05-04,0.1051,-0.2906
1999-05-05,-1.4116,-2.0124
1999-05-06,-0.6175,0.0769
1999-05-07,0.4347,-0.7892
1999-05-10,-1.7259,-0.1134
1999-05-11,0.8298,0.4637
1999-05-12,-0.0215,-0.5509
1999-05-13,0.0,1.7893
1999-05-14,-1.4247,-2.4192
1999-05-17,-1.1362,-2.1368
1999-05-18,0.7913,0.6591
1999-05-19,0.5154,0.9716
1999-05-20,1.0447,1.6189
1999-05-21,0.5547,-0.2368
1999-05-24,0.0,-0.488
1999-05-25,-2.3094,-1.1512
1999-05-26,0.3372,-0.2008
1999-05-27,-1.4846,-0.5981
1999-05-28,-0.297,0.4315
1999-05-31,0.0217,0.0
1999-06-01,-0.9584,0.3824
1999-06-02,-0.4662,0.8352
1999-06-03,0.0,0.7355
1999-06-04,2.2006,0.2032
1999-06-07,1.612,0.7946
1999-06-08,0.4033,0.3043
1999-06-09,0.8215,0.3338
1999-06-10,-0.9026,-0.7686
1999-06-11,1.0694,1.2709
1999-06-14,0.1277,-0.8426
1999-06-15,1.4043,0.328
1999-06-16,0.7185,0.8315
1999-06-17,0.5714,-0.1733
1999-06-18,0.3385,0.5267
1999-06-21,0.7025,0.8187
1999-06-22,0.0037,-0.4381
1999-06-23,-1.272,-0.8539
1999-06-24,-1.3245,-1.2281
1999-06-25,-0.4953,0.2921
1999-06-28,1.0515,-0.4612
1999-06-29,0.0482,-1.5403
1999-06-30,0.3543,0.1815
1999-07-01,1.8909,2.6964
1999-07-02,0.7085,0.0465
1999-07-05,1.9309,1.5416
1999-07-06,-0.2261,0.4343
1999-07-07,-0.4347,-0.3506
1999-07-08,0.3328,-0.6075
1999-07-09,0.568,0.0802
1999-07-12,0.2318,-0.261
1999-07-13,-1.3836,-1.5255
1999-07-14,0.6651,0.427
1999-07-15,0.1492,1.5734
1999-07-16,0.0121,-0.1786
1999-07-19,0.0854,-1.2117
1999-07-20,-2.3726,-1.4148
1999-07-21,-1.4044,-0.9725
1999-07-22,-1.3531,-0.5068
1999-07-23,-0.5669,-1.4343
1999-07-26,-1.9619,-0.6168
1999-07-27,0.3403,1.5189
1999-07-28,0.1034,0.5491
1999-07-29,-3.3892,-2.8535
1999-07-30,0.9807,1.87
1999-08-02,0.5416,0.9044
1999-08-03,-0.4254,-0.5986
1999-08-04,0.2289,-0.2435
1999-08-05,-2.7527,-2.1461
1999-08-06,0.6432,0.3178
1999-08-09,1.5334,0.089
1999-08-10,-1.6989,-2.4174
1999-08-11,0.3763,0.6037
1999-08-12,2.1463,2.3094
1999-08-13,1.7943,1.4917
1999-08-16,0.7217,-0.1556
1999-08-17,0.0535,-1.1059
1999-08-18,-0.5597,0.5729
1999-08-19,-0.834,-1.3512
1999-08-20,0.6362,1.0275
1999-08-23,1.5734,2.2856
1999-08-24,0.4157,-0.1115
1999-08-25,1.4331,0.8619
1999-08-26,-0.2033,0.2267
1999-08-27,0.5756,-0.1374
1999-08-30,-0.5134,0.0
1999-08-31,-2.2579,-2.0191
1999-09-01,0.8794,0.4761
1999-09-02,-2.3923,-1.2839
1999-09-03,2.8189,2.204
1999-09-06,1.2055,0.6878
1999-09-07,-0.1702,-1.0382
1999-09-08,0.1732,-0.8866
1999-09-09,0.6695,0.1121
1999-09-10,0.8661,-1.1112
1999-09-13,-0.6754,-0.356
1999-09-14,-0.8342,-0.8593
1999-09-15,-0.2646,-0.7892
1999-09-16,-1.5362,-0.8748
1999-09-17,-0.009,0.4188
1999-09-20,0.9057,0.277
1999-09-21,-1.2934,-1.6377
1999-09-22,-0.8329,-0.7287
1999-09-23,1.1608,0.9432
1999-09-24,-2.0638,-0.5372
1999-09-27,0.9526,2.3737
1999-09-28,-2.3005,-1.1746
1999-09-29,0.3227,0.2241
1999-09-30,0.2767,0.1528
1999-10-01,-0.4909,-0.9803
1999-10-04,1.8404,1.3759
1999-10-05,1.5902,0.5226
1999-10-06,0.9708,0.214
1999-10-07,1.2327,1.6879
1999-10-08,-0.0009,-0.0171
1999-10-11,-0.0878,0.5709
1999-10-12,-1.035,-0.9612
1999-10-13,-1.1763,-0.9958
1999-10-14,-1.419,-1.2098
1999-10-15,-0.6908,-2.1868
1999-10-18,-0.5391,-0.6458
1999-10-19,1.9244,2.1214
1999-10-20,0.6797,0.2167
1999-10-21,-0.8456,-1.1211
1999-10-22,2.1207,2.0132
1999-10-25,-0.6971,-0.8178
1999-10-26,1.2849,1.3818
1999-10-27,-0.4621,-0.7665
1999-10-28,2.1445,1.7103
1999-10-29,0.8489,1.7339
1999-11-01,-0.0087,0.4516
1999-11-02,0.3987,-0.5088
1999-11-03,0.2509,0.4613
1999-11-04,1.3442,0.8039
1999-11-05,0.3989,0.3993
1999-11-08,-0.1796,0.2789
1999-11-09,0.8284,0.9587
1999-11-10,0.8374,0.1789
1999-11-11,1.0438,1.6206
1999-11-12,-0.1949,-0.6084
1999-11-15,1.1784,0.3388
1999-11-16,0.8573,0.7553
1999-11-17,-0.6659,-0.4147
1999-11-18,1.3608,-0.0754
1999-11-19,0.0995,-1.0457
1999-11-22,-2.2848,-0.6211
1999-11-23,-0.0885,1.4314
1999-11-24,0.0686,0.4218
1999-11-25,2.4528,1.844
1999-11-26,-0.0567,0.0304
1999-11-29,-1.1613,0.1125
1999-11-30,0.1216,-1.4216
1999-12-01,0.6411,0.7397
1999-12-02,0.0566,0.1159
1999-12-03,3.0649,1.3301
1999-12-06,0.3762,-0.7143
1999-12-07,0.2699,-0.4943
1999-12-08,-0.7011,-0.6236
1999-12-09,0.0404,0.9285
1999-12-10,-0.3295,0.8783
1999-12-13,0.4805,-0.4275
1999-12-14,0.9921,-0.1286
1999-12-15,0.7233,-1.0185
1999-12-16,1.7414,0.5752
1999-12-17,0.1989,0.7884
1999-12-20,0.3897,0.0983
1999-12-21,0.6274,-0.3519
1999-12-22,1.1505,0.3153
1999-12-23,4.4645,0.7157
1999-12-24,0.0,0.4383
1999-12-27,0.8112,0.0
1999-12-28,0.3529,0.0
1999-12-29,-0.0286,0.4319
1999-12-30,1.4368,1.3793
1999-12-31,0.0,0.0
2000-01-03,-2.9804,0.0
2000-01-04,-2.4265,-3.8143
2000-01-05,-1.2886,-1.9496
2000-01-06,-0.4176,-1.3565
2000-01-07,4.7265,0.892
2000-01-10,2.1319,1.5828
2000-01-11,-0.4948,-1.3434
2000-01-12,0.3129,0.2132
2000-01-13,0.6245,-0.0211
2000-01-14,3.1231,1.9401
2000-01-17,1.1944,0.1694
2000-01-18,-2.5731,-2.4723
2000-01-19,0.2675,-0.9089
2000-01-20,0.3049,-1.5006
2000-01-21,-1.6859,-0.0381
2000-01-24,-0.8689,0.5282
2000-01-25,-1.765,-1.6573
2000-01-26,2.3456,1.6178
2000-01-27,2.2493,1.0253
2000-01-28,-0.8354,-1.0148
2000-01-31,-3.2689,-1.6794
2000-02-01,3.1433,0.3572
2000-02-02,1.7231,0.1892
2000-02-03,2.542,0.3411
2000-02-04,1.2285,-2.2034
2000-02-07,-1.9919,-1.0726
2000-02-08,3.4752,2.7321
2000-02-09,1.0494,0.4709
2000-02-10,1.0507,-0.5637
2000-02-11,-1.2676,-1.3773
2000-02-14,0.4368,-2.0135
2000-02-15,-3.2528,-1.0452
2000-02-16,1.2735,2.3678
2000-02-17,1.2044,1.0079
2000-02-18,-0.089,-0.7147
2000-02-21,0.2212,-1.3518
2000-02-22,0.2294,-1.0999
2000-02-23,1.1965,2.1509
2000-02-24,-0.7591,-0.9342
2000-02-25,1.2846,1.8282
2000-02-28,-1.9583,-1.5866
2000-02-29,0.7568,2.1791
2000-03-01,1.0907,2.1232
2000-03-02,2.8189,1.0559
2000-03-03,0.1795,0.8607
2000-03-06,0.1979,1.2385
2000-03-07,1.1183,-1.5419
2000-03-08,-0.9668,-0.8556
2000-03-09,-0.4739,1.8858
2000-03-10,0.3371,0.5606
2000-03-13,-3.5369,-1.5507
2000-03-14,-0.5693,0.313
2000-03-15,-3.0796,-0.6185
2000-03-16,2.2861,1.7103
2000-03-17,1.6741,0.0113
2000-03-20,2.0939,1.0143
2000-03-21,-0.8187,-0.1002
2000-03-22,-0.1192,-0.1247
2000-03-23,-1.3315,-0.2271
2000-03-24,3.0883,2.1819
2000-03-27,-0.5034,-0.7617
2000-03-28,0.4997,-0.5537
2000-03-29,-0.8468,-0.7716
2000-03-30,-2.7956,-2.3286
2000-03-31,-0.5952,1.4747
2000-04-03,-2.2393,-1.1941
2000-04-04,1.2596,-0.543
2000-04-05,-2.5526,-0.7423
2000-04-06,1.5747,1.1258
2000-04-07,1.0205,1.8406
2000-04-10,-0.0698,-0.5556
2000-04-11,-0.9883,-2.3596
2000-04-12,0.0055,-0.4455
2000-04-13,0.0805,0.0976
2000-04-14,-3.1444,-2.8139
2000-04-17,-0.3838,-2.971
2000-04-18,0.1301,1.3257
2000-04-19,0.281,1.8253
2000-04-20,-0.8142,0.9104
2000-04-21,0.0,0.0
2000-04-24,0.0,0.0
2000-04-25,1.7122,0.6689
2000-04-26,1.484,-0.4208
2000-04-27,-2.2577,-1.2349
2000-04-28,2.6717,2.3977
2000-05-01,0.0,0.0
2000-05-02,1.9049,0.7264
2000-05-03,-2.3689,-2.9592
2000-05-04,0.1326,0.2391
2000-05-05,1.9509,0.6333
2000-05-08,-1.6297,-0.3613
2000-05-09,-1.7218,-1.4879
2000-05-10,-2.1932,-0.3782
2000-05-11,1.9467,2.3806
2000-05-12,0.135,0.6015
2000-05-15,-1.0198,-0.569
2000-05-16,2.4448,1.131
2000-05-17,-2.1645,-1.9331
2000-05-18,-0.415,0.5928
2000-05-19,-2.6812,-3.0093
2000-05-22,-1.0884,-0.1628
2000-05-23,0.2131,0.8491
2000-05-24,-1.3397,0.5229
2000-05-25,2.1067,1.8385
2000-05-26,-0.5809,-0.2277
2000-05-29,1.1289,0.0
2000-05-30,1.4622,2.2945
2000-05-31,-0.1347,-0.0035
2000-06-01,2.2939,1.7484
2000-06-02,2.2851,2.4085
2000-06-05,-0.4158,-1.2032
2000-06-06,-0.6509,0.0015
2000-06-07,-0.9079,-0.6557
2000-06-08,-0.6835,-0.1115
2000-06-09,0.1574,-0.8126
2000-06-12,-0.2604,-0.2002
2000-06-13,0.4598,0.2524
2000-06-14,1.1285,1.3833
2000-06-15,-0.3036,-0.6958
2000-06-16,-2.6911,0.5423
2000-06-19,0.9451,-0.5484
2000-06-20,0.3955,0.5656
2000-06-21,-1.7597,-0.7533
2000-06-22,-0.6538,-0.9871
2000-06-23,-1.0386,-0.3482
2000-06-26,0.6702,0.214
2000-06-27,0.3098,-0.4659
2000-06-28,0.1006,-0.9694
2000-06-29,-2.5724,-1.1808
2000-06-30,0.3443,1.1818
2000-07-03,0.8807,2.4985
2000-07-04,-0.2098,-0.8259
2000-07-05,0.2501,-0.5381
2000-07-06,-0.1528,0.5818
2000-07-07,1.4549,1.2143
2000-07-10,0.2637,-0.4817
2000-07-11,-0.9453,0.1485
2000-07-12,0.8851,0.6588
2000-07-13,1.8401,-0.6561
2000-07-14,1.7008,-0.0057
2000-07-17,1.5348,0.7735
2000-07-18,-0.3202,-1.148
2000-07-19,-0.5446,0.2311
2000-07-20,1.5417,0.0551
2000-07-21,-1.4289,-1.4004
2000-07-24,-0.6096,0.0453
2000-07-25,0.01,0.1478
2000-07-26,-0.3673,-0.0571
2000-07-27,-1.6253,-0.5474
2000-07-28,-0.7676,-0.2588
2000-07-31,0.8708,0.4667
2000-08-01,-0.6236,0.2214
2000-08-02,-0.4629,0.187
2000-08-03,-1.048,-1.1602
2000-08-04,-0.3029,0.7342
2000-08-07,1.3772,0.3814
2000-08-08,0.1489,-0.4643
2000-08-09,1.4445,0.8784
2000-08-10,0.7508,-0.4163
2000-08-11,0.577,-0.044
2000-08-14,0.1187,0.5556
2000-08-15,-0.3306,0.8659
2000-08-16,0.1073,0.873
2000-08-17,-0.5036,-0.2125
2000-08-18,-0.6321,0.3911
2000-08-21,-0.4574,-0.0225
2000-08-22,0.6926,0.6516
2000-08-23,-0.2265,-0.2822
2000-08-24,-0.0348,-0.1401
2000-08-25,1.0637,0.1017
2000-08-28,0.4386,0.0
2000-08-29,-0.6107,0.3437
2000-08-30,-1.4921,0.438
2000-08-31,0.4299,0.8698
2000-09-01,1.7768,1.8336
2000-09-04,1.3736,0.0449
2000-09-05,-0.6781,-0.6705
2000-09-06,-0.8391,-0.8552
2000-09-07,0.5498,-0.0828
2000-09-08,-1.4318,-1.3223
2000-09-11,-0.7337,-0.2845
2000-09-12,-1.0909,-0.4017
2000-09-13,-1.8147,-1.1796
2000-09-14,0.6029,1.1934
2000-09-15,-0.6946,-2.1082
2000-09-18,-1.5408,-0.1114
2000-09-19,0.6682,-0.1037
2000-09-20,-2.4865,-1.9307
2000-09-21,-1.2167,-1.2852
2000-09-22,0.8579,0.109
2000-09-25,0.7187,0.8252
2000-09-26,-0.3484,-0.7019
2000-09-27,0.7246,0.9034
2000-09-28,0.2744,-0.0842
2000-09-29,-0.507,0.4818
2000-10-02,0.9435,-0.1554
2000-10-03,0.0,0.964
2000-10-04,-0.5658,-0.1592
2000-10-05,1.0121,0.7425
2000-10-06,-1.6844,0.1449
2000-10-09,-1.4109,-1.9776
2000-10-10,-0.1142,-0.2739
2000-10-11,-1.6712,-2.0816
2000-10-12,-1.4687,0.2339
2000-10-13,3.0322,1.2662
2000-10-16,-0.5112,1.2263
2000-10-17,-1.4416,-1.3122
2000-10-18,-0.7457,-0.8868
2000-10-19,2.1044,1.1494
2000-10-20,-0.0151,0.9223
2000-10-23,0.0369,0.6314
2000-10-24,2.748,1.9392
2000-10-25,-0.8025,-1.0958
2000-10-26,0.2916,-1.0288
2000-10-27,2.3165,1.0191
2000-10-30,0.0273,0.3432
2000-10-31,2.1781,0.783
2000-11-01,-0.2596,0.2981
2000-11-02,0.4189,-1.0159
2000-11-03,0.5591,-0.1028
2000-11-06,0.1127,0.7133
2000-11-07,-0.8411,0.5585
2000-11-08,-0.9559,0.1617
2000-11-09,-0.7011,-0.5431
2000-11-10,-1.5491,-0.6515
2000-11-13,-1.5995,-1.9596
2000-11-14,3.3306,2.2009
2000-11-15,-0.0798,0.3025
2000-11-16,-1.7092,-0.0295
2000-11-17,-1.3128,0.1508
2000-11-20,-2.115,-1.477
2000-11-21,1.0378,0.5858
2000-11-22,-2.5087,-2.5194
2000-11-23,1.3894,1.0593
2000-11-24,0.9571,0.6408
2000-11-27,0.4911,0.745
2000-11-28,-1.0654,-1.9592
2000-11-29,-0.4111,-1.3588
2000-11-30,-3.425,-0.3679
2000-12-01,2.2061,0.4594
2000-12-04,-1.6093,-0.1904
2000-12-05,3.5734,2.2783
2000-12-06,-0.2236,-0.4074
2000-12-07,-0.8482,-0.6687
2000-12-08,1.9063,0.9141
2000-12-11,1.364,1.3043
2000-12-12,-0.7214,0.3149
2000-12-13,-1.6838,0.1964
2000-12-14,-2.2697,-2.1732
2000-12-15,-2.143,-1.4049
2000-12-18,0.9311,1.1443
2000-12-19,1.3932,0.7764
2000-12-20,-3.5578,-1.8788
2000-12-21,-0.769,-0.9913
2000-12-22,0.8175,-0.2935
2000-12-25,0.0,0.0
2000-12-26,0.0,0.0
2000-12-27,1.2279,1.9785
2000-12-28,0.6871,0.0812
2000-12-29,0.9726,-0.0122
2001-01-01,0.0,0.0
2001-01-02,-2.235,-0.7669
2001-01-03,2.3075,-2.1839
2001-01-04,-0.9079,2.4128
2001-01-05,0.0905,0.2016
2001-01-08,0.1545,-0.7823
2001-01-09,0.1932,-0.9994
2001-01-10,-1.3186,-0.4645
2001-01-11,2.2965,0.9081
2001-01-12,0.3839,0.8281
2001-01-15,0.506,0.0774
2001-01-16,-0.3259,-1.4101
2001-01-17,2.3343,1.8751
2001-01-18,-0.2648,0.2019
2001-01-19,0.2377,-0.0089
2001-01-22,0.3529,0.3649
2001-01-23,0.7103,-0.2779
2001-01-24,-0.2341,0.7997
2001-01-25,0.3104,-0.1394
2001-01-26,-0.48,0.6188
2001-01-29,0.8328,0.3597
2001-01-30,-0.1727,0.2778
2001-01-31,0.8286,-0.5841
2001-02-01,-1.3312,-0.7257
2001-02-02,-0.9915,0.0736
2001-02-05,-0.1526,0.2043
2001-02-06,0.9801,0.3863
2001-02-07,-1.7043,-1.077
2001-02-08,0.8793,-0.314
2001-02-09,-2.1055,-0.6743
2001-02-12,1.0442,1.2512
2001-02-13,-0.1063,-0.2065
2001-02-14,-1.1903,-0.8392
2001-02-15,1.7253,0.3509
2001-02-16,-2.3122,-1.7685
2001-02-19,0.5117,0.0931
2001-02-20,-0.3189,-1.8679
2001-02-21,-1.6055,-0.1299
2001-02-22,-1.1027,0.5154
2001-02-23,-3.2279,-0.9902
2001-02-26,1.872,-0.4533
2001-02-27,0.5075,0.4134
2001-02-28,-0.1968,-0.3927
2001-03-01,-1.3669,-0.157
2001-03-02,0.582,-0.8467
2001-03-05,0.9313,1.2414
2001-03-06,1.0887,1.3611
2001-03-07,0.3434,-0.1698
2001-03-08,-0.6118,0.0227
2001-03-09,-0.9995,-1.4309
2001-03-12,-2.5443,-1.5336
2001-03-13,-1.3831,-1.8155
2001-03-14,-2.831,-1.657
2001-03-15,1.6539,1.8356
2001-03-16,-2.6394,-2.9042
2001-03-19,-1.3462,-0.2028
2001-03-20,2.2072,1.7157
2001-03-21,-2.7683,-1.8782
2001-03-22,-4.1634,-4.0787
2001-03-23,2.9074,1.6479
2001-03-26,3.2878,3.2258
2001-03-27,3.6885,2.7172
2001-03-28,-2.0324,-1.9923
2001-03-29,1.062,-0.4558
2001-03-30,-0.8394,0.8108
2001-04-02,-1.1868,-0.2709
2001-04-03,-3.5985,-2.7648
2001-04-04,0.7959,1.3287
2001-04-05,3.1385,1.5545
2001-04-06,-1.2897,-0.3613
2001-04-09,1.4412,1.104
2001-04-10,2.2977,2.4668
2001-04-11,0.6311,-0.2573
2001-04-12,0.8593,-0.3706
2001-04-13,0.0,0.0
2001-04-16,0.0,0.0
2001-04-17,-1.1116,-0.0961
2001-04-18,3.8631,2.2412
2001-04-19,0.2762,-0.3153
2001-04-20,-0.8725,0.1397
2001-04-23,-1.2482,-0.1454
2001-04-24,1.2078,-0.528
2001-04-25,-0.1532,-0.2193
2001-04-26,0.1385,0.701
2001-04-27,0.8423,1.4156
2001-04-30,1.4456,0.2615
2001-05-01,0.0,-0.6524
2001-05-02,-0.8088,-0.4018
2001-05-03,-2.0063,-2.3439
2001-05-04,0.8065,1.8121
2001-05-07,-0.2551,0.0
2001-05-08,-0.227,0.2744
2001-05-09,-0.7331,0.1235
2001-05-10,1.6695,1.1931
2001-05-11,-0.3919,-1.1271
2001-05-14,-1.2431,-3.4985
2001-05-15,0.094,2.6789
2001-05-16,1.2859,0.7038
2001-05-17,0.4126,0.3487
2001-05-18,0.2115,0.1766
2001-05-21,1.0183,0.4499
2001-05-22,0.3315,0.5896
2001-05-23,-0.8825,-1.3247
2001-05-24,1.0241,0.313
2001-05-25,-0.8812,-0.4414
2001-05-28,-0.1083,0.0
2001-05-29,-1.5522,-0.4403
2001-05-30,-1.2926,-1.1429
2001-05-31,1.358,-0.0121
2001-06-01,0.0312,0.2321
2001-06-04,0.8583,0.8073
2001-06-05,1.0423,1.1278
2001-06-06,-0.796,-0.3556
2001-06-07,-0.1323,0.7932
2001-06-08,0.0479,0.0383
2001-06-11,-0.3955,-1.5133
2001-06-12,-1.6809,-0.9644
2001-06-13,0.8712,0.2791
2001-06-14,-1.3199,-1.1625
2001-06-15,-1.9248,-0.5142
2001-06-18,-0.78,-0.8973
2001-06-19,0.9114,0.1543
2001-06-20,-0.785,0.3382
2001-06-21,0.8567,-1.0211
2001-06-22,0.2597,0.4306
2001-06-25,-0.6639,-0.0669
2001-06-26,-0.9239,-1.8757
2001-06-27,-0.2512,0.9405
2001-06-28,2.3773,0.5435
2001-06-29,1.4503,0.0725
2001-07-02,0.8438,1.3147
2001-07-03,-0.8619,-1.3429
2001-07-04,-0.6789,-0.6989
2001-07-05,-0.2748,-0.9085
2001-07-06,-2.2851,-1.268
2001-07-09,0.1324,-0.1894
2001-07-10,-0.9121,-0.0176
2001-07-11,-0.2496,-1.3907
2001-07-12,1.5181,1.664
2001-07-13,0.6474,1.0107
2001-07-16,-1.2525,-0.3587
2001-07-17,-0.1213,-1.6197
2001-07-18,-2.0232,-0.4269
2001-07-19,1.7687,0.6076
2001-07-20,-1.1258,-0.9265
2001-07-23,0.48,0.3384
2001-07-24,-2.2182,-1.5748
2001-07-25,-1.4214,-0.8351
2001-07-26,1.6658,0.196
2001-07-27,1.3936,2.2139
2001-07-30,0.6487,0.8062
2001-07-31,1.1913,1.5127
2001-08-01,-0.4429,0.3234
2001-08-02,-0.9931,0.678
2001-08-03,-0.7166,-0.6622
2001-08-06,0.1771,-0.3809
2001-08-07,0.1126,0.1876
2001-08-08,-2.399,-1.0893
2001-08-09,-1.8208,-1.3432
2001-08-10,-1.4294,0.4492
2001-08-13,0.3732,0.0715
2001-08-14,1.2274,1.4121
2001-08-15,-1.1823,-0.8386
2001-08-16,-1.7143,-1.3148
2001-08-17,-2.6073,-0.8839
2001-08-20,-0.2736,0.2868
2001-08-21,0.159,1.36
2001-08-22,0.0786,-0.3985
2001-08-23,0.6481,-0.2245
2001-08-24,2.5401,1.3963
2001-08-27,0.3521,0.0
2001-08-28,-1.8069,-0.6804
2001-08-29,-0.0712,-0.313
2001-08-30,-2.688,-1.5684
2001-08-31,0.4992,0.2307
2001-09-03,-1.8132,-0.6146
2001-09-04,2.2379,1.2707
2001-09-05,-3.0725,-1.1817
2001-09-06,-3.4213,-2.1016
2001-09-07,-2.968,-2.5755
2001-09-10,-1.2797,-0.722
2001-09-11,-8.4923,-5.7155
2001-09-12,1.4431,2.8685
2001-09-13,1.3194,1.2595
2001-09-14,-6.2931,-3.8001
2001-09-17,2.8807,3.009
2001-09-18,-0.9375,-1.0237
2001-09-19,-3.6485,-2.6195
2001-09-20,-5.7432,-3.4901
2001-09-21,-0.589,-2.7038
2001-09-24,6.6397,4.0637
2001-09-25,-0.7322,1.0742
2001-09-26,2.1501,0.7008
2001-09-27,2.1776,1.438
2001-09-28,2.955,2.9339
2001-10-01,-1.5826,-2.4016
2001-10-02,1.5149,0.976
2001-10-03,3.0775,1.0237
2001-10-04,2.5125,2.7537
2001-10-05,-1.3289,0.3945
2001-10-08,0.1662,-0.0659
2001-10-09,-0.5057,-0.4554
2001-10-10,3.1475,2.8598
2001-10-11,2.2819,0.2302
2001-10-12,-1.978,-0.376
2001-10-15,-1.6573,-1.5206
2001-10-16,1.7149,0.3023
2001-10-17,0.3964,2.3773
2001-10-18,-1.5167,-1.6793
2001-10-19,-1.33,-1.9222
2001-10-22,2.3438,1.0509
2001-10-23,1.8379,2.4243
2001-10-24,2.2873,-0.4956
2001-10-25,-1.9997,-1.5677
2001-10-26,2.2194,2.0065
2001-10-29,-3.3175,-1.9805
2001-10-30,-2.497,-1.618
2001-10-31,0.3334,0.7217
2001-11-01,1.6889,0.6254
2001-11-02,-1.1393,1.1498
2001-11-05,3.7484,1.5514
2001-11-06,-0.9981,0.0948
2001-11-07,3.2502,0.0424
2001-11-08,2.7344,1.1851
2001-11-09,-1.6722,-0.6419
2001-11-12,-1.8269,-1.8683
2001-11-13,2.6264,2.5424
2001-11-14,0.1326,-0.6883
2001-11-15,1.0659,-0.0487
2001-11-16,1.1248,1.0076
2001-11-19,2.4189,0.8879
2001-11-20,-1.7149,-0.7357
2001-11-21,-0.1795,0.2848
2001-11-22,0.7374,0.6052
2001-11-23,0.5158,-0.9864
2001-11-26,-0.7154,0.1746
2001-11-27,-1.0667,-0.6882
2001-11-28,-2.8386,-1.1533
2001-11-29,0.4095,0.063
2001-11-30,1.0905,-0.0952
2001-12-03,-0.0295,-0.7478
2001-12-04,0.5122,0.9197
2001-12-05,4.9613,2.329
2001-12-06,0.1623,0.6797
2001-12-07,-1.3708,-1.9561
2001-12-10,-1.4301,-1.5138
2001-12-11,0.4248,-0.4681
2001-12-12,-1.6301,-0.7902
2001-12-13,-1.9063,-0.8814
2001-12-14,-1.1403,-0.2727
2001-12-17,3.2299,1.4876
2001-12-18,-0.5594,0.2876
2001-12-19,-1.0904,-0.5927
2001-12-20,-1.0141,-0.7874
2001-12-21,1.7201,1.555
2001-12-24,0.0,0.3524
2001-12-25,0.0,0.0
2001-12-26,0.0,0.0
2001-12-27,1.955,0.6917
2001-12-28,0.8397,0.5601
2001-12-31,0.0,-0.4782
2002-01-01,0.0,0.0
2002-01-02,0.1508,0.018
2002-01-03,1.9817,1.9259
2002-01-04,0.9191,0.0934
2002-01-07,-1.6265,-0.5671
2002-01-08,0.0793,-0.8161
2002-01-09,0.99,-0.4173
2002-01-10,-1.1365,-0.7222
2002-01-11,-0.347,0.1516
2002-01-14,-2.7664,-1.6364
2002-01-15,-0.075,1.0267
2002-01-16,-1.5377,-0.7437
2002-01-17,2.9935,0.212
2002-01-18,-0.2176,-0.2269
2002-01-21,-1.0247,0.229
2002-01-22,-0.4738,0.2075
2002-01-23,2.3249,0.611
2002-01-24,0.1435,1.0132
2002-01-25,-0.2671,-0.7661
2002-01-28,0.0463,0.5887
2002-01-29,-1.4441,-1.7654
2002-01-30,-0.6357,-0.82
2002-01-31,1.0967,1.4827
2002-02-01,-0.2066,0.4821
2002-02-04,-2.2087,-0.431
2002-02-05,-0.9576,-1.4311
2002-02-06,-2.6807,-0.3838
2002-02-07,1.2116,1.0489
2002-02-08,-0.5485,0.0207
2002-02-11,2.1516,0.657
2002-02-12,-1.1178,-0.5051
2002-02-13,1.0353,0.3546
2002-02-14,0.7785,1.0639
2002-02-15,-2.2351,-0.5043
2002-02-18,0.1884,-0.5439
2002-02-19,-2.2109,-1.1988
2002-02-20,0.3398,-1.3422
2002-02-21,1.4746,0.9785
2002-02-22,-2.1677,-0.4429
2002-02-25,2.4857,0.988
2002-02-26,0.7034,0.7491
2002-02-27,1.2755,0.7684
2002-02-28,1.5898,-1.4962
2002-03-01,1.1576,1.3343
2002-03-04,2.9119,1.4115
2002-03-05,-0.3273,-0.5332
2002-03-06,1.0823,0.6043
2002-03-07,0.0789,0.6977
2002-03-08,1.3257,0.0665
2002-03-11,-0.3523,-0.5055
2002-03-12,-1.2145,-0.1223
2002-03-13,-0.5652,0.3705
2002-03-14,0.5886,-0.1999
2002-03-15,2.3544,0.5951
2002-03-18,0.4616,0.136
2002-03-19,0.6729,0.3045
2002-03-20,-1.7913,-0.9249
2002-03-21,-0.2986,-0.2582
2002-03-22,0.3262,-0.0533
2002-03-25,-0.9085,-0.8931
2002-03-26,1.3768,-0.1566
2002-03-27,-0.7901,0.3703
2002-03-28,0.9217,1.0942
2002-03-29,0.0,0.0
2002-04-01,0.0,0.0
2002-04-02,-1.5973,-0.3855
2002-04-03,-0.5505,-0.0686
2002-04-04,-0.5091,-0.7313
2002-04-05,0.1062,0.464
2002-04-08,-1.5246,-1.0524
2002-04-09,-0.1946,0.0195
2002-04-10,1.8396,0.9568
2002-04-11,-1.9448,-1.7534
2002-04-12,0.517,0.4592
2002-04-15,1.0511,0.7832
2002-04-16,1.9008,1.1235
2002-04-17,-0.474,0.076
2002-04-18,-1.0467,-0.6556
2002-04-19,0.4118,0.2721
2002-04-22,-1.4962,-0.422
2002-04-23,-0.257,-0.5837
2002-04-24,-0.6156,0.5236
2002-04-25,-2.049,-0.3953
2002-04-26,-1.069,-0.7413
2002-04-29,0.1532,-0.0998
2002-04-30,0.6621,0.2274
2002-05-01,0.0,-0.7757
2002-05-02,-1.5203,0.9472
2002-05-03,-1.6475,0.5603
2002-05-06,-0.043,0.0
2002-05-07,-0.1692,-1.5981
2002-05-08,3.2054,1.7422
2002-05-09,-1.2351,-0.2212
2002-05-10,-1.9084,-0.5068
2002-05-13,2.1303,0.6497
2002-05-14,1.4793,0.6653
2002-05-15,0.4617,0.3748
2002-05-16,-0.4917,-0.2012
2002-05-17,-0.2187,-0.5821
2002-05-20,-0.743,-0.1893
2002-05-21,-0.2877,-0.2091
2002-05-22,-1.3062,-0.872
2002-05-23,-0.8131,0.4546
2002-05-24,0.4023,-0.1206
2002-05-27,1.2739,-0.6347
2002-05-28,-0.8659,-1.2079
2002-05-29,-0.7478,0.1726
2002-05-30,-2.4548,-0.8308
2002-05-31,1.1831,0.8792
2002-06-03,-1.4601,0.0
2002-06-04,-2.5729,0.0
2002-06-05,-0.032,-1.8863
2002-06-06,0.7182,-0.6318
2002-06-07,-1.0164,-0.751
2002-06-10,-0.4538,0.1587
2002-06-11,0.3667,0.1341
2002-06-12,-2.082,-1.685
2002-06-13,-0.888,-1.644
2002-06-14,-3.72,-2.9577
2002-06-17,3.979,2.7205
2002-06-18,-0.9218,-1.1508
2002-06-19,-1.7824,-1.0544
2002-06-20,-2.5062,-1.5495
2002-06-21,-0.3128,0.546
2002-06-24,-2.4854,-1.3784
2002-06-25,1.8356,1.9615
2002-06-26,-2.4725,-2.1583
2002-06-27,3.9126,0.2128
2002-06-28,2.8908,2.5483
2002-07-01,-0.3594,0.6314
2002-07-02,-3.9127,-2.9662
2002-07-03,-1.3775,-3.3919
2002-07-04,2.9112,1.7903
2002-07-05,5.2695,3.2309
2002-07-08,-0.9079,-0.3111
2002-07-09,-1.6336,-1.2681
2002-07-10,-4.1087,-2.7033
2002-07-11,-1.7116,-4.3003
2002-07-12,0.2987,-0.1404
2002-07-15,-5.2844,-5.4357
2002-07-16,1.6675,0.6867
2002-07-17,2.8928,4.1945
2002-07-18,0.1938,2.5454
2002-07-19,-5.0935,-4.6303
2002-07-22,-5.1505,-4.9489
2002-07-23,-4.757,-0.9629
2002-07-24,3.323,-2.0959
2002-07-25,-3.0886,4.9974
2002-07-26,1.6629,1.2799
2002-07-29,7.8452,4.632
2002-07-30,0.4964,-0.5182
2002-07-31,-4.6095,1.5616
2002-08-01,-2.5321,-4.7499
2002-08-02,-2.0508,0.7672
2002-08-05,-5.6572,-1.9418
2002-08-06,7.0812,3.3685
2002-08-07,-2.8891,-0.886
2002-08-08,6.167,3.5668
2002-08-09,2.2178,1.9312
2002-08-12,-3.024,-2.3321
2002-08-13,0.9893,1.1868
2002-08-14,-2.5328,-2.3551
2002-08-15,2.112,3.7494
2002-08-16,0.5169,0.0582
2002-08-19,4.1518,2.2374
2002-08-20,-1.8021,-1.3093
2002-08-21,2.6445,-0.0936
2002-08-22,0.9922,1.6019
2002-08-23,-2.0041,-1.0125
2002-08-26,-1.1603,0.0
2002-08-27,1.7839,1.3645
2002-08-28,-4.3751,-3.9486
2002-08-29,-0.5944,-1.514
2002-08-30,1.4201,0.4269
2002-09-02,-2.7884,-1.0976
2002-09-03,-5.8298,-3.6411
2002-09-04,0.7917,-0.0422
2002-09-05,-2.078,-0.3958
2002-09-06,3.9041,2.3986
2002-09-09,-1.6198,-1.0903
2002-09-10,1.9092,2.7835
2002-09-11,2.5753,0.8416
2002-09-12,-4.5421,-2.9867
2002-09-13,-1.7707,-1.8821
2002-09-16,-1.2564,0.9039
2002-09-17,-0.9015,-0.4723
2002-09-18,-4.9925,-3.9685
2002-09-19,-3.7585,-1.3422
2002-09-20,1.9372,1.2212
2002-09-23,-4.9411,-3.1276
2002-09-24,-1.4083,-1.8249
2002-09-25,3.1077,0.6843
2002-09-26,1.9612,4.1761
2002-09-27,-3.3669,1.4696
2002-09-30,-5.1345,-4.7464
2002-10-01,3.4741,2.0326
2002-10-02,2.1468,2.8401
2002-10-03,-3.876,-0.6379
2002-10-04,-3.5076,-1.7156
2002-10-07,-1.7398,-0.8611
2002-10-08,-1.6983,-1.3346
2002-10-09,-0.9233,0.3198
2002-10-10,5.2085,0.932
2002-10-11,7.2278,4.6621
2002-10-14,-2.7512,-0.5499
2002-10-15,6.9527,5.0536
2002-10-16,-1.2906,-1.7582
2002-10-17,5.4348,2.7841
2002-10-18,-0.2771,-0.9624
2002-10-21,3.7615,0.0782
2002-10-22,-3.8597,-0.3602
2002-10-23,-4.4535,-2.7185
2002-10-24,2.4736,2.4153
2002-10-25,0.3883,-1.2818
2002-10-28,3.1254,0.9718
2002-10-29,-5.5315,-3.7778
2002-10-30,3.0304,1.6952
2002-10-31,1.2609,0.9246
2002-11-01,0.3904,-1.0565
2002-11-04,5.1429,3.6147
2002-11-05,0.7025,0.1128
2002-11-06,-1.566,-1.0229
2002-11-07,-4.3403,-0.5473
2002-11-08,-2.4261,-1.1438
2002-11-11,-1.2029,-0.4709
2002-11-12,2.4266,1.73
2002-11-13,-1.5874,-1.3628
2002-11-14,3.9776,0.5897
2002-11-15,0.1057,0.9494
2002-11-18,0.8334,0.5956
2002-11-19,-0.3551,-0.4733
2002-11-20,0.189,-0.0403
2002-11-21,2.8522,2.3234
2002-11-22,0.4917,-0.3525
2002-11-25,-0.6516,-1.2699
2002-11-26,-3.2617,-1.2433
2002-11-27,4.8411,1.7988
2002-11-28,0.4369,0.9944
2002-11-29,-1.2033,-0.382
2002-12-02,1.8034,-0.3631
2002-12-03,-2.9498,-1.8988
2002-12-04,1.2273,-0.6574
2002-12-05,-2.8912,-0.3996
2002-12-06,-0.5337,-0.4702
2002-12-09,-4.4258,-1.9816
2002-12-10,3.341,-0.227
2002-12-11,0.8857,1.2706
2002-12-12,-2.6336,-0.9953
2002-12-13,-1.1189,-1.4545
2002-12-16,4.1673,2.7307
2002-12-17,-2.0379,-1.8891
2002-12-18,-3.7351,-1.8812
2002-12-19,-2.0273,0.1624
2002-12-20,2.1209,1.2613
2002-12-23,-0.7731,1.2085
2002-12-24,0.0,0.1328
2002-12-25,0.0,0.0
2002-12-26,0.0,0.0
2002-12-27,-5.3598,-2.8591
2002-12-30,1.8532,1.8601
2002-12-31,0.0,1.0188
2003-01-01,0.0,0.0
2003-01-02,7.3431,1.7536
2003-01-03,-0.3897,-0.1125
2003-01-06,2.0793,-0.0894
2003-01-07,-1.4088,-1.0991
2003-01-08,-3.8477,-0.823
2003-01-09,1.4928,0.2334
2003-01-10,-0.0115,1.0203
2003-01-13,0.7678,-0.6505
2003-01-14,1.2439,-0.0679
2003-01-15,-1.5916,-1.4659
2003-01-16,0.1545,-0.1528
2003-01-17,-4.4298,-1.5776
2003-01-20,-0.8658,-1.0983
2003-01-21,-0.7942,-1.1094
2003-01-22,-2.3452,-1.5712
2003-01-23,0.2843,-1.5177
2003-01-24,-3.3224,-0.5091
2003-01-27,-2.7235,-3.4101
2003-01-28,1.0424,0.2629
2003-01-29,1.3181,-0.1774
2003-01-30,-0.4726,2.7235
2003-01-31,2.0065,-0.3146
2003-02-03,0.1514,3.4184
2003-02-04,-4.3245,-2.6907
2003-02-05,3.5283,2.4687
2003-02-06,-2.8204,-2.2203
2003-02-07,-3.0072,0.0589
2003-02-10,0.6519,-0.5582
2003-02-11,1.5819,2.5185
2003-02-12,-2.1222,-1.4469
2003-02-13,-0.6215,-0.1466
2003-02-14,4.6645,0.0299
2003-02-17,1.2904,2.2279
2003-02-18,1.1506,1.0067
2003-02-19,-4.2147,-1.9102
2003-02-20,-1.2722,0.7914
2003-02-21,2.2232,1.081
2003-02-24,-2.9265,-0.678
2003-02-25,-3.3387,-2.1711
2003-02-26,-1.4202,-0.7781
2003-02-27,2.572,-0.6515
2003-02-28,1.3461,2.4006
2003-03-03,0.1021,0.7958
2003-03-04,-1.9069,-1.6102
2003-03-05,-0.1204,-1.7047
2003-03-06,-2.4223,-0.2279
2003-03-07,-0.24,-1.7953
2003-03-10,-4.2202,-1.5907
2003-03-11,-1.0193,0.4854
2003-03-12,-4.4393,-4.7988
2003-03-13,6.8703,6.0802
2003-03-14,2.0762,3.2961
2003-03-17,3.4924,3.3439
2003-03-18,3.9198,0.6719
2003-03-19,1.1843,0.4844
2003-03-20,-0.3965,0.0061
2003-03-21,4.231,2.5337
2003-03-24,-6.1395,-3.051
2003-03-25,3.4426,0.4993
2003-03-26,-2.1536,0.8283
2003-03-27,0.183,-1.6891
2003-03-28,-2.4462,-0.5503
2003-03-31,-3.8467,-2.5684
2003-04-01,1.0859,1.9788
2003-04-02,5.6796,1.8625
2003-04-03,-0.7546,0.47
2003-04-04,3.2788,1.1485
2003-04-07,5.8352,3.1843
2003-04-08,-1.465,-1.7031
2003-04-09,-1.2172,-0.1905
2003-04-10,-1.3533,-1.5059
2003-04-11,1.3663,0.1265
2003-04-14,1.5666,1.0853
2003-04-15,2.065,1.752
2003-04-16,-0.3331,-1.5816
2003-04-17,2.6587,0.8903
2003-04-18,0.0,0.0
2003-04-21,0.0,0.0
2003-04-22,2.1098,0.732
2003-04-23,0.4539,1.2446
2003-04-24,-2.7831,-1.6998
2003-04-25,-1.8464,-0.7394
2003-04-28,4.0761,1.81
2003-04-29,-1.522,-0.3155
2003-04-30,1.1372,-0.0471
2003-05-01,0.0,-1.1676
2003-05-02,1.4942,1.8675
2003-05-05,0.9056,0.0
2003-05-06,1.7892,1.3611
2003-05-07,-1.9991,-0.3367
2003-05-08,-3.9779,-1.6036
2003-05-09,2.4431,1.0303
2003-05-12,-0.6538,0.4557
2003-05-13,-0.9298,0.3122
2003-05-14,0.5526,-0.6218
2003-05-15,2.165,0.9072
2003-05-16,-0.01,0.9456
2003-05-19,-4.6302,-2.6592
2003-05-20,-0.4122,0.768
2003-05-21,-0.4114,-0.887
2003-05-22,1.3426,1.3736
2003-05-23,-1.4791,-0.2659
2003-05-26,0.1931,0.0
2003-05-27,1.6024,0.3151
2003-05-28,1.5987,1.9908
2003-05-29,-0.4395,0.2881
2003-05-30,2.6136,-0.8691
2003-06-02,2.7452,2.0054
2003-06-03,-1.2315,-0.3281
2003-06-04,1.7576,0.2629
2003-06-05,-1.3071,-0.5404
2003-06-06,2.8851,1.1339
2003-06-09,-1.0456,-0.5228
2003-06-10,1.4728,-0.3894
2003-06-11,1.204,0.903
2003-06-12,1.3001,0.2677
2003-06-13,-1.5767,-0.6522
2003-06-16,3.023,0.4543
2003-06-17,0.6733,0.902
2003-06-18,0.5377,0.3973
2003-06-19,-1.7263,-1.7958
2003-06-20,-0.2504,0.6942
2003-06-23,-1.6237,-1.7367
2003-06-24,0.9713,-0.6595
2003-06-25,-0.5756,0.1707
2003-06-26,1.3255,-0.6438
2003-06-27,-0.5109,0.6475
2003-06-30,-0.1265,-0.9015
2003-07-01,-2.2987,-1.6683
2003-07-02,3.003,1.0833
2003-07-03,0.0272,0.4477
2003-07-04,-0.0713,-0.082
2003-07-07,2.8787,1.3246
2003-07-08,0.3477,-0.0287
2003-07-09,-0.6587,-0.4642
2003-07-10,-1.5829,-0.6395
2003-07-11,1.7331,0.7293
2003-07-14,2.0911,1.7126
2003-07-15,-0.3351,-0.6091
2003-07-16,0.0872,-0.6184
2003-07-17,-1.6814,-0.5043
2003-07-18,1.0818,0.41
2003-07-21,-2.3676,-0.71
2003-07-22,0.9477,0.877
2003-07-23,-0.412,0.1652
2003-07-24,2.1286,1.5444
2003-07-25,-0.5313,-0.4439
2003-07-28,1.8136,0.427
2003-07-29,0.3028,-0.2847
2003-07-30,0.0265,0.1006
2003-07-31,1.7156,0.3827
2003-08-01,-1.404,-1.4094
2003-08-04,-0.9765,0.0395
2003-08-05,0.9705,0.5115
2003-08-06,-1.8235,-1.2279
2003-08-07,-1.2966,0.6176
2003-08-08,0.0105,1.2753
2003-08-11,0.2203,0.696
2003-08-12,1.2615,0.2133
2003-08-13,0.508,-0.1168
2003-08-14,1.5832,1.367
2003-08-15,-0.254,0.2244
2003-08-18,1.838,0.5834
2003-08-19,-0.077,-0.4986
2003-08-20,-0.0942,-0.7871
2003-08-21,1.8348,0.1451
2003-08-22,-0.4605,0.0571
2003-08-25,-1.3795,0.0
2003-08-26,-1.2745,-1.1484
2003-08-27,0.7987,0.6949
2003-08-28,0.2753,-0.2002
2003-08-29,-0.2316,-0.8792
2003-09-01,2.4864,1.0423
2003-09-02,-0.1126,-0.0017
2003-09-03,2.2513,1.3738
2003-09-04,0.5801,-0.3118
2003-09-05,-1.6616,0.197
2003-09-08,0.9374,0.8196
2003-09-09,-1.2942,-0.6566
2003-09-10,-1.6005,-0.2774
2003-09-11,0.8476,-0.2326
2003-09-12,-1.6482,-0.1032
2003-09-15,0.2352,0.5453
2003-09-16,1.3776,0.8932
2003-09-17,-0.1044,-0.14
2003-09-18,1.4319,0.5064
2003-09-19,-0.9225,-1.3371
2003-09-22,-3.4211,-0.6779
2003-09-23,-1.3092,-0.1523
2003-09-24,-3.0396,0.3477
2003-09-25,0.5724,-0.8075
2003-09-26,-0.0427,-1.0721
2003-09-29,-0.0442,-0.3466
2003-09-30,-2.004,-1.241
2003-10-01,2.243,1.9035
2003-10-02,-1.5974,0.9563
2003-10-03,4.3447,1.5438
2003-10-06,-0.4121,-0.0922
2003-10-07,-1.4429,0.0436
2003-10-08,1.1786,-0.0789
2003-10-09,2.5497,1.061
2003-10-10,-0.3059,-0.0663
2003-10-13,1.9342,1.1904
2003-10-14,-0.0073,-0.6476
2003-10-15,0.9172,0.8013
2003-10-16,0.2,-0.667
2003-10-17,-1.7064,0.0989
2003-10-20,1.2131,0.0824
2003-10-21,0.583,0.1095
2003-10-22,-2.4994,-1.5321
2003-10-23,0.1874,-1.0596
2003-10-24,-1.2725,-0.0288
2003-10-27,1.867,0.2904
2003-10-28,1.9854,0.5085
2003-10-29,0.7943,-0.1704
2003-10-30,0.6705,0.8271
2003-10-31,0.4487,-0.3102
2003-11-03,2.421,1.0491
2003-11-04,-0.0745,-0.0535
2003-11-05,-0.6417,-0.6194
2003-11-06,0.4366,0.4824
2003-11-07,1.3024,1.2183
2003-11-10,-0.9602,-0.8022
2003-11-11,-0.437,0.0762
2003-11-12,0.4952,0.6025
2003-11-13,0.4602,0.0409
2003-11-14,0.8448,0.5477
2003-11-17,-3.2354,-1.3216
2003-11-18,-0.2248,0.3646
2003-11-19,-0.3816,-0.6281
2003-11-20,-0.3902,-0.4476
2003-11-21,0.1157,0.2563
2003-11-24,2.6039,1.4663
2003-11-25,-0.1052,0.146
2003-11-26,-0.5406,-0.4193
2003-11-27,0.8621,-0.2119
2003-11-28,0.0256,-0.424
2003-12-01,2.0088,1.5528
2003-12-02,-0.3125,-0.705
2003-12-03,1.7431,0.2987
2003-12-04,-0.0227,-0.3144
2003-12-05,-0.853,-0.2554
2003-12-08,-0.916,-0.1646
2003-12-09,1.0414,0.4528
2003-12-10,-0.6568,-1.009
2003-12-11,0.9927,-0.095
2003-12-12,0.0332,0.3779
2003-12-15,0.3974,0.0081
2003-12-16,-0.2449,-0.3457
2003-12-17,-0.4762,0.4909
2003-12-18,0.6058,0.9882
2003-12-19,0.7115,0.3416
2003-12-22,-0.551,0.2652
2003-12-23,0.6809,0.3818
2003-12-24,0.0,0.0862
2003-12-25,0.0,0.0
2003-12-26,0.0,0.0
2003-12-29,1.2651,0.2878
2003-12-30,0.3147,0.2892
2003-12-31,0.0,0.1452
2004-01-01,0.0,0.0
2004-01-02,1.3452,0.744
2004-01-05,0.433,0.0681
2004-01-06,-0.0114,-0.1779
2004-01-07,-0.7692,-0.7158
2004-01-08,1.0246,0.474
2004-01-09,-0.723,-0.6204
2004-01-12,-0.5047,-0.3735
2004-01-13,0.0078,-0.2128
2004-01-14,1.4761,0.4786
2004-01-15,0.3339,-0.1186
2004-01-16,1.0541,0.7132
2004-01-19,0.6878,0.6743
2004-01-20,-0.8094,-0.4176
2004-01-21,0.7703,0.2647
2004-01-22,0.044,-0.7623
2004-01-23,0.2891,-0.357
2004-01-26,-0.5576,-0.3437
2004-01-27,0.139,0.0342
2004-01-28,0.3826,0.4749
2004-01-29,-1.3139,-1.2665
2004-01-30,-0.9061,-0.4726
2004-02-02,0.3203,-0.212
2004-02-03,-0.3461,0.2102
2004-02-04,-0.7182,0.1795
2004-02-05,-0.3371,-0.3197
2004-02-06,0.7522,0.4178
2004-02-09,1.3345,0.72
2004-02-10,0.2886,-0.6646
2004-02-11,0.2763,-0.202
2004-02-12,-0.0124,-0.4167
2004-02-13,-1.5673,0.7831
2004-02-16,0.3305,-0.0882
2004-02-17,0.624,1.2107
2004-02-18,-0.0127,-0.4167
2004-02-19,1.1279,1.6356
2004-02-20,-1.6463,-0.0117
2004-02-23,-0.1139,0.2053
2004-02-24,-1.8996,-0.6089
2004-02-25,0.0982,0.24
2004-02-26,0.3121,0.185
2004-02-27,0.2582,-0.5244
2004-03-01,0.9027,0.9971
2004-03-02,1.1323,0.0685
2004-03-03,-0.6985,-0.3299
2004-03-04,1.5247,0.75
2004-03-05,-0.1848,-0.263
2004-03-08,0.4811,0.1467
2004-03-09,-1.4096,-0.2578
2004-03-10,-1.0483,0.0731
2004-03-11,-3.4551,-2.2025
2004-03-12,0.2671,0.4978
2004-03-15,-2.672,-1.2182
2004-03-16,0.3047,0.3619
2004-03-17,1.947,0.63
2004-03-18,-1.7799,-1.3222
2004-03-19,-0.2163,0.4518
2004-03-22,-2.3545,-1.9007
2004-03-23,-0.011,-0.3521
2004-03-24,-0.0737,-0.2098
2004-03-25,2.304,1.4893
2004-03-26,0.2731,-0.3681
2004-03-29,1.5415,1.1291
2004-03-30,-0.1858,0.1382
2004-03-31,-0.4476,-0.6153
2004-04-01,1.7671,0.571
2004-04-02,2.1084,1.2447
2004-04-05,1.0231,0.3379
2004-04-06,-0.637,-0.1759
2004-04-07,-0.5382,-0.0921
2004-04-08,0.3092,0.4693
2004-04-09,0.0,0.0
2004-04-12,0.0,0.0
2004-04-13,1.4424,0.5816
2004-04-14,-1.4405,-0.6723
2004-04-15,-0.2034,0.4477
2004-04-16,0.7334,0.7054
2004-04-19,-0.2209,0.197
2004-04-20,0.8959,0.5015
2004-04-21,-0.8613,-0.638
2004-04-22,0.8196,0.704
2004-04-23,1.0955,-0.0411
2004-04-26,0.5412,0.0416
2004-04-27,0.2004,0.0838
2004-04-28,-1.6536,-1.1185
2004-04-29,-1.3978,-0.1098
2004-04-30,-0.5912,-0.6602
2004-05-03,0.5631,0.0
2004-05-04,-0.4217,1.2816
2004-05-05,0.7856,0.4904
2004-05-06,-2.8005,-1.1677
2004-05-07,-0.3535,-0.3941
2004-05-10,-2.8501,-2.2944
2004-05-11,1.7236,1.3547
2004-05-12,-1.9118,-0.9377
2004-05-13,1.2894,0.9264
2004-05-14,-0.5707,-0.2699
2004-05-17,-1.2813,-0.8728
2004-05-18,0.9288,0.2587
2004-05-19,2.1909,1.3001
2004-05-20,-0.8507,-0.9636
2004-05-21,-0.1948,0.0614
2004-05-24,0.9395,-0.0578
2004-05-25,-1.0282,-0.2454
2004-05-26,1.0305,0.4593
2004-05-27,1.1845,0.3454
2004-05-28,-0.2711,-0.5149
2004-05-31,0.4789,0.0
2004-06-01,-1.4594,-0.1808
2004-06-02,0.6245,0.0027
2004-06-03,0.7399,0.2851
2004-06-04,1.145,0.4293
2004-06-07,1.4104,0.834
2004-06-08,0.0284,0.2945
2004-06-09,-0.5273,-0.341
2004-06-10,0.5973,-0.0751
2004-06-11,-0.176,-0.0477
2004-06-14,-1.6418,-1.1327
2004-06-15,0.9788,0.5739
2004-06-16,0.3998,0.7294
2004-06-17,-0.4441,0.0481
2004-06-18,0.3596,0.2786
2004-06-21,-0.262,-0.0806
2004-06-22,-1.5271,-0.7483
2004-06-23,0.4254,0.4082
2004-06-24,1.5703,0.3669
2004-06-25,0.1572,-0.203
2004-06-28,1.3953,0.5481
2004-06-29,0.0093,-0.1388
2004-06-30,-0.4177,-1.0713
2004-07-01,-0.437,-0.8815
2004-07-02,-0.8984,-0.3914
2004-07-05,-0.076,-0.0935
2004-07-06,-1.2726,-0.739
2004-07-07,-0.3625,-0.283
2004-07-08,0.0992,0.5218
2004-07-09,-0.2539,0.2755
2004-07-12,-0.7963,-0.7559
2004-07-13,0.2733,-0.0511
2004-07-14,-0.1291,0.3399
2004-07-15,-1.3248,-0.7282
2004-07-16,-0.0328,-0.0341
2004-07-19,-0.8659,-0.4178
2004-07-20,0.6549,0.4228
2004-07-21,1.0392,0.8741
2004-07-22,-1.9711,-1.6231
2004-07-23,-0.0979,0.4665
2004-07-26,-1.1782,-0.9084
2004-07-27,1.6386,0.8822
2004-07-28,-0.1801,0.7258
2004-07-29,2.1662,1.4336
2004-07-30,0.1525,-0.1272
2004-08-02,-0.8445,0.06
2004-08-03,0.3782,0.3159
2004-08-04,-1.3819,-0.4878
2004-08-05,0.1383,0.1202
2004-08-06,-2.6453,-1.7105
2004-08-09,-1.0036,-0.5413
2004-08-10,0.8213,0.8455
2004-08-11,-1.1216,-0.8899
2004-08-12,-0.5654,0.3699
2004-08-13,-0.304,-0.6141
2004-08-16,1.4291,1.1308
2004-08-17,0.179,0.1956
2004-08-18,0.5605,-0.0787
2004-08-19,-0.0942,0.1695
2004-08-20,-0.2788,0.1504
2004-08-23,1.6035,0.8265
2004-08-24,-0.0302,0.049
2004-08-25,0.4741,0.0933
2004-08-26,1.1455,0.9595
2004-08-27,0.4932,0.813
2004-08-30,-0.3202,0.0
2004-08-31,-1.3973,-0.6857
2004-09-01,0.8562,0.9582
2004-09-02,0.4147,0.3672
2004-09-03,0.8749,0.7139
2004-09-06,0.5325,0.2843
2004-09-07,0.0376,0.0405
2004-09-08,-0.1255,-0.1581
2004-09-09,-0.8481,-0.4471
2004-09-10,0.9039,0.154
2004-09-13,1.7313,0.2961
2004-09-14,-0.1406,-0.2823
2004-09-15,-0.152,0.0625
2004-09-16,0.5556,0.1763
2004-09-17,0.6161,0.7569
2004-09-20,-0.2605,-0.2494
2004-09-21,0.3354,0.6311
2004-09-22,-1.2195,-0.3496
2004-09-23,-0.9307,-0.522
2004-09-24,0.1188,0.2147
2004-09-27,-0.9189,-0.806
2004-09-28,0.2039,0.5747
2004-09-29,0.9811,0.4539
2004-09-30,-0.7004,-0.3771
2004-10-01,2.6217,1.9445
2004-10-04,0.9592,0.4745
2004-10-05,0.3826,0.5421
2004-10-06,0.0235,-0.017
2004-10-07,-0.1556,-0.163
2004-10-08,-0.688,0.0043
2004-10-11,0.0568,-0.2843
2004-10-12,-1.2778,-0.8018
2004-10-13,0.2408,-0.2836
2004-10-14,-0.8946,-0.1163
2004-10-15,-0.4657,-0.1432
2004-10-18,-0.1769,0.0831
2004-10-19,1.2505,0.6192
2004-10-20,-1.305,-0.835
2004-10-21,0.5536,0.0217
2004-10-22,0.0275,-0.0424
2004-10-25,-2.0515,-1.1017
2004-10-26,0.2037,0.4121
2004-10-27,1.7288,1.0191
2004-10-28,0.7778,0.2752
2004-10-29,0.0167,-0.4006
2004-11-01,1.3229,1.0722
2004-11-02,0.6213,0.4153
2004-11-03,0.0364,0.5382
2004-11-04,0.0579,0.2077
2004-11-05,0.5493,0.2436
2004-11-08,0.1326,-0.4895
2004-11-09,-0.0895,0.0233
2004-11-10,0.5854,0.3559
2004-11-11,1.0193,0.8953
2004-11-12,0.3036,0.3571
2004-11-15,-0.2175,0.1913
2004-11-16,-0.4141,-0.6812
2004-11-17,1.6076,0.5348
2004-11-18,-0.1131,0.1964
2004-11-19,-1.0479,-0.9252
2004-11-22,-0.2639,-0.5831
2004-11-23,-0.2573,0.1963
2004-11-24,0.29,-0.4839
2004-11-25,0.8496,0.7206
2004-11-26,-0.1461,-0.2499
2004-11-29,-0.1755,0.1732
2004-11-30,-0.5059,-0.9807
2004-12-01,1.4549,0.691
2004-12-02,0.7255,0.3275
2004-12-03,-0.1786,-0.0695
2004-12-06,-0.3554,-0.5284
2004-12-07,0.4461,0.1256
2004-12-08,-0.2675,-0.5247
2004-12-09,-1.2125,-0.3302
2004-12-10,0.5816,0.1199
2004-12-13,1.0705,0.9114
2004-12-14,0.2858,-0.2962
2004-12-15,-0.4162,0.1143
2004-12-16,0.4751,0.1487
2004-12-17,-1.215,-0.8103
2004-12-20,0.7001,0.7292
2004-12-21,0.0674,0.041
2004-12-22,0.6381,0.9379
2004-12-23,0.2438,0.2156
2004-12-24,0.0,0.2164
2004-12-27,-0.3824,0.0
2004-12-28,0.624,0.0
2004-12-29,-0.3294,0.4531
2004-12-30,0.1961,0.006
2004-12-31,0.0,-0.1201
2005-01-03,0.8329,0.0
2005-01-04,-0.024,0.6782
2005-01-05,-0.7519,-0.844
2005-01-06,1.0028,0.3789
2005-01-07,0.3595,0.6185
2005-01-10,-0.2092,-0.2758
2005-01-11,-1.1459,-0.4541
2005-01-12,-1.1552,-0.7292
2005-01-13,0.0789,0.3497
2005-01-14,0.48,0.4264
2005-01-17,0.3107,0.5368
2005-01-18,0.1225,-0.4696
2005-01-19,-0.1214,-0.1153
2005-01-20,-0.5917,-0.3634
2005-01-21,-0.1595,0.0506
2005-01-24,-0.2803,0.1928
2005-01-25,0.763,0.6375
2005-01-26,-0.4684,0.0805
2005-01-27,0.0543,0.1296
2005-01-28,-0.3463,-0.4232
2005-01-31,1.2623,0.4029
2005-02-01,0.5904,1.1108
2005-02-02,0.3818,0.2044
2005-02-03,-0.3415,-0.1615
2005-02-04,1.3462,0.6764
2005-02-07,0.6238,0.7755
2005-02-08,0.1154,0.3141
2005-02-09,-0.4173,-0.1009
2005-02-10,-0.2559,0.1918
2005-02-11,1.0546,0.884
2005-02-14,-0.0319,-0.0474
2005-02-15,0.3563,0.3388
2005-02-16,-0.7556,-0.1119
2005-02-17,0.0208,0.0829
2005-02-18,-0.2337,-0.0049
2005-02-21,-0.1406,0.0718
2005-02-22,-0.6921,-0.5521
2005-02-23,-0.2903,-0.8822
2005-02-24,-0.1478,-0.3288
2005-02-25,1.0304,0.6983
2005-02-28,0.0425,-0.7644
2005-03-01,0.7615,0.6435
2005-03-02,0.2238,-0.153
2005-03-03,-0.4589,0.44
2005-03-04,1.149,0.4283
2005-03-07,0.1033,-0.1803
2005-03-08,-0.7134,-0.3236
2005-03-09,-0.4754,-0.2968
2005-03-10,-0.8666,-0.6803
2005-03-11,0.5259,0.4029
2005-03-14,0.1562,-0.1411
2005-03-15,0.4669,0.5069
2005-03-16,-1.7909,-1.2523
2005-03-17,0.158,-0.3139
2005-03-18,0.2609,0.024
2005-03-21,-0.7122,0.2066
2005-03-22,0.5663,0.0768
2005-03-23,-0.0808,-0.5432
2005-03-24,0.6115,0.2456
2005-03-25,0.0,0.0
2005-03-28,0.0,0.0
2005-03-29,0.1909,-0.0719
2005-03-30,-0.1004,-0.3704
2005-03-31,0.0288,-0.13
2005-04-01,0.5694,0.4017
2005-04-04,-0.7349,-0.3518
2005-04-05,0.4888,0.9425
2005-04-06,0.3798,0.0916
2005-04-07,0.2361,0.5981
2005-04-08,0.2542,0.1334
2005-04-11,-0.1043,-0.2087
2005-04-12,-0.5453,-0.5441
2005-04-13,0.7678,0.2958
2005-04-14,-0.0826,-0.311
2005-04-15,-2.04,-1.0873
2005-04-18,-2.552,-1.3186
2005-04-19,0.0574,0.589
2005-04-20,-0.6181,-0.6901
2005-04-21,0.3609,-0.05
2005-04-22,0.6996,0.6152
2005-04-25,0.5664,0.3217
2005-04-26,-0.3108,-0.398
2005-04-27,-1.0567,-1.1576
2005-04-28,-0.2607,0.0159
2005-04-29,0.1613,0.2399
2005-05-02,0.9362,0.0
2005-05-03,0.5095,1.2406
2005-05-04,0.4431,0.4361
2005-05-05,0.8245,0.407
2005-05-06,0.2686,0.3372
2005-05-09,-0.4326,-0.1746
2005-05-10,-0.9617,-0.3631
2005-05-11,-0.164,-0.3485
2005-05-12,0.5393,0.3665
2005-05-13,0.2027,-0.1384
2005-05-16,-0.3162,-0.0471
2005-05-17,-0.2442,0.294
2005-05-18,1.7129,1.0379
2005-05-19,0.8283,0.2685
2005-05-20,0.006,0.1838
2005-05-23,1.0611,0.3626
2005-05-24,-0.2339,-0.1475
2005-05-25,-0.1615,-0.2192
2005-05-26,1.0721,0.4703
2005-05-27,0.1828,-0.173
2005-05-30,0.8037,0.0
2005-05-31,-0.4419,-0.4474
2005-06-01,1.4917,0.9482
2005-06-02,0.1104,-0.1205
2005-06-03,-0.4806,-0.1123
2005-06-06,-0.2911,-0.3794
2005-06-07,1.5287,0.9003
2005-06-08,-0.191,-0.4282
2005-06-09,0.1198,0.1093
2005-06-10,0.5118,0.4228
2005-06-13,0.2859,0.3972
2005-06-14,-0.1635,-0.0713
2005-06-15,-0.9424,-0.5405
2005-06-16,0.6914,0.508
2005-06-17,0.5393,0.6468
2005-06-20,-0.3846,-0.1113
2005-06-21,0.4633,0.2003
2005-06-22,0.2493,0.3377
2005-06-23,0.1706,0.2961
2005-06-24,-1.3182,-0.6924
2005-06-27,-0.9342,-0.6978
2005-06-28,0.7436,0.9293
2005-06-29,0.5742,0.3681
2005-06-30,0.0578,0.0787
2005-07-01,0.6714,0.9358
2005-07-04,0.1373,0.4518
2005-07-05,-0.4274,0.1121
2005-07-06,0.2572,0.7611
2005-07-07,-1.8483,-1.3647
2005-07-08,1.4964,1.4323
2005-07-11,1.4226,0.1953
2005-07-12,-0.2219,-0.4811
2005-07-13,0.5773,0.5505
2005-07-14,0.4141,0.2629
2005-07-15,0.29,-0.5478
2005-07-18,0.1415,-0.3175
2005-07-19,1.08,-0.2434
2005-07-20,0.2926,0.2632
2005-07-21,0.9483,0.1218
2005-07-22,0.1456,0.387
2005-07-25,0.1199,0.5513
2005-07-26,0.0163,-0.2759
2005-07-27,0.2449,0.1421
2005-07-28,0.7651,0.1271
2005-07-29,-0.1226,0.2273
2005-08-01,0.089,0.1619
2005-08-02,0.8592,0.6921
2005-08-03,-0.1977,0.0907
2005-08-04,-0.9965,-0.3145
2005-08-05,-0.9618,-0.0147
2005-08-08,0.2212,0.5558
2005-08-09,1.4804,0.3636
2005-08-10,1.6517,0.2565
2005-08-11,-0.7342,-0.3517
2005-08-12,-0.3351,-0.2387
2005-08-15,-0.3036,-0.0288
2005-08-16,-0.7828,-0.4096
2005-08-17,-0.2529,-0.5569
2005-08-18,-0.4145,-0.4419
2005-08-19,1.621,0.8217
2005-08-22,0.2389,0.1096
2005-08-23,-0.4847,-0.3422
2005-08-24,-0.0364,-0.4719
2005-08-25,-1.2193,-0.371
2005-08-26,-1.487,-0.5251
2005-08-29,0.5945,0.0
2005-08-30,-0.4264,0.5306
2005-08-31,0.7924,0.7824
2005-09-01,0.2743,0.5964
2005-09-02,-0.1059,-0.0312
2005-09-05,1.4899,0.2063
2005-09-06,1.1892,0.3992
2005-09-07,0.3997,0.1265
2005-09-08,0.0924,-0.4685
2005-09-09,0.264,0.3468
2005-09-12,-0.3186,0.2946
2005-09-13,-1.7655,-0.69
2005-09-14,0.1895,0.1767
2005-09-15,-0.1057,0.6734
2005-09-16,1.6413,0.4542
2005-09-19,-1.2107,0.4027
2005-09-20,0.7456,-0.2453
2005-09-21,-1.7659,-0.8618
2005-09-22,-0.5376,0.2989
2005-09-23,0.6923,0.5167
2005-09-26,2.3672,0.73
2005-09-27,-0.6458,-0.1058
2005-09-28,1.6686,0.8716
2005-09-29,-0.5461,-0.3016
2005-09-30,0.4571,-0.0093
2005-10-03,0.7524,0.4352
2005-10-04,1.1009,-0.1294
2005-10-05,-1.3351,-1.2123
2005-10-06,-1.0287,-1.0216
2005-10-07,-0.1893,-0.1874
2005-10-10,0.2999,0.2284
2005-10-11,0.1925,0.1139
2005-10-12,-1.0073,-0.7157
2005-10-13,-0.6363,-1.4402
2005-10-14,0.5149,0.1857
2005-10-17,0.0657,0.2186
2005-10-18,-0.6357,-0.4275
2005-10-19,-2.0456,-1.8253
2005-10-20,0.377,-0.0731
2005-10-21,-0.5314,-0.4251
2005-10-24,1.3101,1.2734
2005-10-25,-0.5879,-0.4893
2005-10-26,0.5709,0.8817
2005-10-27,-1.9332,-0.8619
2005-10-28,0.4076,0.5914
2005-10-31,2.1433,1.9926
2005-11-01,-0.1323,0.5087
2005-11-02,0.6558,0.2676
2005-11-03,1.1336,1.3679
2005-11-04,-0.3145,-0.1541
2005-11-07,0.5798,0.6866
2005-11-08,-0.3059,0.002
2005-11-09,0.0509,-0.3864
2005-11-10,0.0832,-0.2998
2005-11-11,1.4993,0.7663
2005-11-14,0.033,0.0904
2005-11-15,0.357,-0.5558
2005-11-16,-0.5704,-0.1774
2005-11-17,0.3593,0.5538
2005-11-18,0.4663,0.7121
2005-11-21,0.9195,-0.0175
2005-11-22,0.0795,0.3505
2005-11-23,0.4128,0.2628
2005-11-24,-0.1559,-0.3742
2005-11-25,0.1212,0.2328
2005-11-28,-0.3404,-0.8413
2005-11-29,0.4422,0.2487
2005-11-30,-0.1169,-1.2351
2005-12-01,1.4085,1.1608
2005-12-02,0.7869,0.7648
2005-12-05,-0.7749,-0.32
2005-12-06,0.6454,0.515
2005-12-07,-0.6433,-0.1793
2005-12-08,0.3797,0.0411
2005-12-09,-0.0874,-0.2475
2005-12-12,0.3612,-0.2889
2005-12-13,0.1711,0.1047
2005-12-14,-0.4429,0.2522
2005-12-15,0.1714,-0.4671
2005-12-16,1.0922,0.6604
2005-12-19,-0.065,0.1473
2005-12-20,0.12,0.1473
2005-12-21,0.7585,0.7109
2005-12-22,0.0195,0.1718
2005-12-23,0.3848,-0.0273
2005-12-26,0.0,0.0
2005-12-27,0.4759,0.0
2005-12-28,0.0424,0.4886
2005-12-29,0.2098,0.2762
2005-12-30,-0.9219,-0.3469
2006-01-02,0.7714,0.0
2006-01-03,0.1963,1.1159
2006-01-04,1.1526,0.5829
2006-01-05,-0.1284,-0.4095
2006-01-06,0.3587,0.7134
2006-01-09,0.0143,-0.0056
2006-01-10,-0.7657,-0.7438
2006-01-11,0.6949,0.7508
2006-01-12,0.167,0.063
2006-01-13,-1.0653,-0.4206
2006-01-16,0.5754,0.5115
2006-01-17,-0.9879,-0.7191
2006-01-18,-1.1822,-0.6196
2006-01-19,0.6529,0.5216
2006-01-20,-1.5066,-0.3659
2006-01-23,-0.0056,-0.2013
2006-01-24,-0.2696,-0.4794
2006-01-25,1.7395,1.253
2006-01-26,2.2447,0.3194
2006-01-27,1.7753,1.1224
2006-01-30,0.2233,-0.121
2006-01-31,0.2495,-0.3388
2006-02-01,0.9231,0.7182
2006-02-02,-1.3434,-0.937
2006-02-03,0.1331,0.2097
2006-02-06,0.1708,0.2264
2006-02-07,0.1084,-0.443
2006-02-08,-0.1148,-0.3776
2006-02-09,1.3637,1.4613
2006-02-10,-0.7349,-0.7685
2006-02-13,0.9622,0.5101
2006-02-14,0.1228,-0.0211
2006-02-15,0.0168,-0.0143
2006-02-16,0.4316,0.6461
2006-02-17,0.1076,0.2966
2006-02-20,-0.0264,0.2872
2006-02-21,0.1224,-0.0904
2006-02-22,1.0519,0.2515
2006-02-23,-0.0713,-0.619
2006-02-24,0.2204,0.4189
2006-02-27,0.7556,0.2623
2006-02-28,-2.0136,-1.435
2006-03-01,1.2176,0.907
2006-03-02,-1.4168,-0.1898
2006-03-03,-1.0725,0.4408
2006-03-06,0.5698,0.6679
2006-03-07,-0.2569,-0.6858
2006-03-08,-1.1486,-0.7585
2006-03-09,1.0375,0.7389
2006-03-10,1.2683,0.8877
2006-03-13,0.8655,0.7612
2006-03-14,0.2685,-0.0378
2006-03-15,0.4701,0.2432
2006-03-16,-0.0117,0.4726
2006-03-17,-0.2613,0.1028
2006-03-20,0.347,-0.128
2006-03-21,0.1537,-0.008
2006-03-22,0.3459,0.2706
2006-03-23,0.2495,-0.2896
2006-03-24,0.4377,0.7714
2006-03-27,-1.0192,-1.0617
2006-03-28,-0.3658,-0.6112
2006-03-29,0.41,0.3966
2006-03-30,1.1735,0.9402
2006-03-31,-0.2358,-0.8425
2006-04-03,0.904,1.0011
2006-04-04,-0.1693,-0.3252
2006-04-05,0.2552,0.6562
2006-04-06,0.0363,0.0258
2006-04-07,-1.301,-0.3232
2006-04-10,0.848,0.6782
2006-04-11,-1.5813,-0.8322
2006-04-12,-0.1222,-0.2601
2006-04-13,0.2935,0.4754
2006-04-14,0.0,0.0
2006-04-17,0.0,0.0
2006-04-18,-0.2702,0.2448
2006-04-19,1.5447,0.7551
2006-04-20,1.1599,-0.1373
2006-04-21,0.519,0.844
2006-04-24,-0.2569,-0.5549
2006-04-25,-0.0048,-0.1982
2006-04-26,0.4659,0.2911
2006-04-27,-0.6448,-0.7259
2006-04-28,-0.9534,-0.6087
2006-05-01,0.0,0.0
2006-05-02,0.6889,0.9784
2006-05-03,-1.3605,-1.1846
2006-05-04,1.1788,0.4471
2006-05-05,1.2248,0.9086
2006-05-08,0.2403,-0.4045
2006-05-09,0.2079,0.6352
2006-05-10,-0.3638,-0.3644
2006-05-11,-1.0405,-0.6799
2006-05-12,-2.2865,-2.1503
2006-05-15,-1.0015,-1.1982
2006-05-16,-0.0872,0.0841
2006-05-17,-3.404,-2.9197
2006-05-18,0.2362,-0.0687
2006-05-19,0.1096,-0.2507
2006-05-22,-2.222,-2.2033
2006-05-23,2.3845,2.6387
2006-05-24,-1.6071,-1.6139
2006-05-25,2.1268,1.6223
2006-05-26,1.4423,1.9955
2006-05-29,-0.576,0.0
2006-05-30,-2.3039,-2.3999
2006-05-31,1.2527,1.2702
2006-06-01,0.2587,0.4521
2006-06-02,-0.36,0.2597
2006-06-05,-1.1579,-0.0432
2006-06-06,-2.106,-1.6025
2006-06-07,0.7473,0.6438
2006-06-08,-2.8978,-2.5121
2006-06-09,1.5009,1.6585
2006-06-12,-1.2542,-0.6072
2006-06-13,-1.9166,-1.801
2006-06-14,0.2617,-0.2321
2006-06-15,2.1905,2.0422
2006-06-16,-0.8522,-0.3887
2006-06-19,1.176,0.5118
2006-06-20,0.9998,0.5706
2006-06-21,0.1784,0.1209
2006-06-22,0.5453,0.3363
2006-06-23,-0.0665,0.1418
2006-06-26,-0.2732,-0.1915
2006-06-27,-1.0061,-0.5103
2006-06-28,-0.0418,0.4658
2006-06-29,2.287,1.9882
2006-06-30,1.821,0.7242
2006-07-03,0.517,0.8746
2006-07-04,0.2857,-0.0155
2006-07-05,-1.8045,-0.9663
2006-07-06,1.2415,1.0872
2006-07-07,-0.2391,-0.0199
2006-07-10,0.4307,0.1365
2006-07-11,-1.5821,-0.6715
2006-07-12,0.3878,0.0557
2006-07-13,-1.9605,-1.6302
2006-07-14,-1.9009,-0.9957
2006-07-17,-0.097,-0.1165
2006-07-18,-0.3712,-0.338
2006-07-19,2.6393,1.6942
2006-07-20,0.1179,-0.1225
2006-07-21,-1.7096,-0.8862
2006-07-24,2.3306,1.9954
2006-07-25,-0.2203,0.2964
2006-07-26,0.3115,0.4433
2006-07-27,1.3607,0.8914
2006-07-28,0.819,0.7662
2006-07-31,-0.411,-0.7798
2006-08-01,-1.5,-0.8011
2006-08-02,1.5023,0.8718
2006-08-03,-0.718,-1.5806
2006-08-04,1.4716,0.8744
2006-08-07,-1.6837,-1.029
2006-08-08,0.4488,-0.1837
2006-08-09,0.9004,0.7284
2006-08-10,-1.2599,-0.6329
2006-08-11,-0.046,-0.0558
2006-08-14,1.1305,0.8718
2006-08-15,1.4898,0.4601
2006-08-16,0.6256,-0.0217
2006-08-17,0.3539,0.0648
2006-08-18,-0.2827,0.0498
2006-08-21,-0.3815,0.2012
2006-08-22,0.4069,-0.213
2006-08-23,-0.7368,-0.7217
2006-08-24,0.6673,0.1544
2006-08-25,-0.0449,0.1619
2006-08-28,0.7489,0.0
2006-08-29,-0.1361,0.1648
2006-08-30,0.3508,0.6973
2006-08-31,-0.1357,-0.3914
2006-09-01,0.2896,0.7284
2006-09-04,0.5646,0.6302
2006-09-05,-0.434,-0.0827
2006-09-06,-1.2068,-0.8763
2006-09-07,-0.6768,-1.2
2006-09-08,0.3731,0.361
2006-09-11,0.0552,-0.4848
2006-09-12,1.3002,0.7642
2006-09-13,0.5494,-0.0565
2006-09-14,0.0212,-0.2534
2006-09-15,0.5163,-0.0036
2006-09-18,-0.1943,0.2253
2006-09-19,-0.8921,-0.9925
2006-09-20,1.3777,0.5906
2006-09-21,0.1285,0.5199
2006-09-22,-1.3202,-1.2626
2006-09-25,0.3117,-0.4117
2006-09-26,0.9992,1.2976
2006-09-27,0.4879,0.9635
2006-09-28,-0.0092,0.6948
2006-09-29,0.2533,-0.1763
2006-10-02,-0.0811,-0.05
2006-10-03,-0.1207,-0.3481
2006-10-04,0.9037,0.4954
2006-10-05,0.4781,0.6372
2006-10-06,0.1735,-0.0555
2006-10-09,-0.0233,0.4947
2006-10-10,0.5475,0.6933
2006-10-11,0.0284,0.0135
2006-10-12,0.6672,0.7865
2006-10-13,0.2175,0.5886
2006-10-16,0.2083,0.2446
2006-10-17,-1.1548,-1.0328
2006-10-18,1.1068,0.6838
2006-10-19,-0.0867,0.0907
2006-10-20,0.4112,-0.0127
2006-10-23,0.6463,0.1777
2006-10-24,0.0738,0.2656
2006-10-25,0.2785,0.5182
2006-10-26,0.3076,-0.4784
2006-10-27,-0.3445,-0.3871
2006-10-30,-0.0695,-0.5533
2006-10-31,0.1715,0.0397
2006-11-01,0.3666,0.3328
2006-11-02,-1.0898,-0.0055
2006-11-03,0.2863,-0.0187
2006-11-06,1.434,1.2428
2006-11-07,0.4946,0.312
2006-11-08,-0.1996,-0.0796
2006-11-09,0.1484,-0.1196
2006-11-10,-0.0143,-0.371
2006-11-13,0.5656,-0.2292
2006-11-14,-0.0993,-0.1219
2006-11-15,0.6812,0.6976
2006-11-16,0.1886,0.4023
2006-11-17,-0.4759,-1.0042
2006-11-20,0.6233,0.2015
2006-11-21,0.1249,-0.0306
2006-11-22,0.2436,-0.6826
2006-11-23,-0.0136,-0.3294
2006-11-24,-0.9774,-0.2919
2006-11-27,-1.7747,-1.1759
2006-11-28,-0.2618,-0.3995
2006-11-29,1.3073,0.97
2006-11-30,-0.8581,-0.5836
2006-12-01,-1.0787,-0.4515
2006-12-04,0.8668,0.4798
2006-12-05,1.2322,0.5948
2006-12-06,-0.0516,0.0646
2006-12-07,0.6833,0.6753
2006-12-08,0.2242,0.3418
2006-12-11,0.6536,0.1191
2006-12-12,0.1043,-0.0547
2006-12-13,0.6887,0.5857
2006-12-14,0.4878,0.5733
2006-12-15,0.5532,0.5148
2006-12-18,0.1278,-0.2011
2006-12-19,-0.663,-0.696
2006-12-20,0.5097,-0.0864
2006-12-21,-0.1966,-0.2402
2006-12-22,-1.0774,0.1014
2006-12-25,0.0,0.0
2006-12-26,0.0,0.0
2006-12-27,1.6258,0.8929
2006-12-28,0.0446,-0.0687
2006-12-29,-0.2252,-0.3227
2007-01-01,0.0,0.0
2007-01-02,1.2765,1.4487
2007-01-03,0.1525,0.128
2007-01-04,-0.2529,-0.5072
2007-01-05,-1.2182,-1.0632
2007-01-08,0.2199,-0.4174
2007-01-09,0.1026,0.032
2007-01-10,-0.7228,-0.5723
2007-01-11,1.8387,1.1263
2007-01-12,0.2672,0.1435
2007-01-15,0.3963,0.3919
2007-01-16,-0.2216,-0.7632
2007-01-17,-0.2251,-0.1802
2007-01-18,-0.1803,0.0936
2007-01-19,0.8603,0.4335
2007-01-22,-0.8872,-0.3008
2007-01-23,-0.1253,0.1476
2007-01-24,1.0397,1.3999
2007-01-25,-0.4266,-0.721
2007-01-26,-0.4351,-0.6575
2007-01-29,0.5332,0.1901
2007-01-30,0.9251,0.0333
2007-01-31,0.013,-0.6227
2007-02-01,0.9157,1.2758
2007-02-02,0.5033,0.4567
2007-02-05,-0.1699,0.1106
2007-02-06,0.0239,0.4489
2007-02-07,0.5797,0.3657
2007-02-08,-0.5615,-0.3624
2007-02-09,0.4999,0.5743
2007-02-12,-0.7475,-0.4603
2007-02-13,0.5232,0.4454
2007-02-14,0.9548,0.6182
2007-02-15,-0.0368,0.1886
2007-02-16,-0.0223,-0.2144
2007-02-19,0.4314,0.388
2007-02-20,-0.0597,-0.4983
2007-02-21,-0.5907,-0.8618
2007-02-22,0.462,0.3755
2007-02-23,0.2703,0.3221
2007-02-26,0.5007,0.5188
2007-02-27,-2.9589,-2.3097
2007-02-28,-1.5281,-1.8232
2007-03-01,-1.1198,-0.8982
2007-03-02,-0.556,0.0033
2007-03-05,-1.0411,-0.9416
2007-03-06,0.9248,1.3186
2007-03-07,0.345,0.2924
2007-03-08,1.4428,1.1565
2007-03-09,0.049,0.2816
2007-03-12,-0.0153,-0.1913
2007-03-13,-1.3625,-1.1572
2007-03-14,-2.6614,-2.6041
2007-03-15,2.1367,2.2082
2007-03-16,-0.085,-0.0427
2007-03-19,1.3912,0.9585
2007-03-20,0.4329,0.4992
2007-03-21,0.1757,0.587
2007-03-22,2.1588,0.9791
2007-03-23,0.614,0.3379
2007-03-26,-1.0181,-0.7483
2007-03-27,0.4323,0.0103
2007-03-28,-0.6044,-0.4033
2007-03-29,1.1763,0.909
2007-03-30,0.2893,-0.2554
2007-04-02,0.2912,0.1189
2007-04-03,1.5625,0.8009
2007-04-04,0.4024,-0.0221
2007-04-05,0.3675,0.5128
2007-04-06,0.0,0.0
2007-04-09,0.0,0.0
2007-04-10,0.9403,0.3194
2007-04-11,-0.1931,-0.0704
2007-04-12,-0.1381,0.0486
2007-04-13,0.9677,0.7179
2007-04-16,1.7469,0.8323
2007-04-17,0.1468,-0.283
2007-04-18,-0.9048,-0.7452
2007-04-19,-0.5439,-0.1363
2007-04-20,1.3781,0.717
2007-04-23,-0.0942,-0.1085
2007-04-24,-0.8902,-0.7743
2007-04-25,1.0008,0.5041
2007-04-26,0.5984,0.115
2007-04-27,-0.1205,-0.7838
2007-04-30,0.4168,0.4758
2007-05-01,0.0,-0.459
2007-05-02,0.6352,1.01
2007-05-03,0.2784,0.8223
2007-05-04,0.5359,1.0078
2007-05-07,0.1188,0.0
2007-05-08,-1.1094,-0.8061
2007-05-09,0.454,-0.0127
2007-05-10,-0.8114,-0.389
2007-05-11,0.8632,0.6369
2007-05-14,-0.2638,-0.1549
2007-05-15,0.6132,0.2006
2007-05-16,-0.3211,-0.1401
2007-05-17,0.2439,0.3019
2007-05-18,1.4406,0.9373
2007-05-21,0.1547,-0.0622
2007-05-22,0.526,-0.4547
2007-05-23,0.9986,0.1482
2007-05-24,-0.4977,-0.7701
2007-05-25,0.5433,0.0777
2007-05-28,0.0,0.0
2007-05-29,0.5406,0.5468
2007-05-30,-0.2065,-0.0666
2007-05-31,1.5205,0.2934
2007-06-01,1.3296,0.8338
2007-06-04,-0.1385,-0.188
2007-06-05,-0.7141,-0.4698
2007-06-06,-2.3963,-1.6601
2007-06-07,-1.4416,-0.2694
2007-06-08,-0.369,-0.0002
2007-06-11,1.523,0.9594
2007-06-12,-0.3613,-0.7167
2007-06-13,0.0326,0.5998
2007-06-14,2.1925,1.3775
2007-06-15,2.3121,1.2403
2007-06-18,0.0682,-0.4293
2007-06-19,-0.0324,-0.7945
2007-06-20,0.7092,-0.0149
2007-06-21,-1.5547,-0.801
2007-06-22,-0.1893,-0.4342
2007-06-25,-0.2393,0.3207
2007-06-26,-0.8838,-0.4421
2007-06-27,-0.7543,-0.4834
2007-06-28,1.5399,0.6696
2007-06-29,1.0852,0.5573
2007-07-02,-0.6129,-0.2626
2007-07-03,1.1616,0.7474
2007-07-04,0.3053,0.5009
2007-07-05,-1.0914,-0.5671
2007-07-06,0.7661,0.8273
2007-07-09,0.3612,0.3371
2007-07-10,-1.3944,-1.2177
2007-07-11,-0.8314,-0.2383
2007-07-12,1.961,1.2482
2007-07-13,0.4885,0.284
2007-07-16,0.1596,-0.2827
2007-07-17,-0.8325,-0.576
2007-07-18,-1.7989,-1.3829
2007-07-19,1.2364,1.1142
2007-07-20,-1.4561,-0.8283
2007-07-23,0.8808,0.5945
2007-07-24,-1.7298,-1.8971
2007-07-25,-1.4633,-0.6832
2007-07-26,-2.3866,-3.1469
2007-07-27,-0.7628,-0.5759
2007-07-30,0.0621,-0.1461
2007-07-31,1.7144,2.4813
2007-08-01,-1.4532,-1.7223
2007-08-02,0.8055,0.795
2007-08-03,-1.3069,-1.2065
2007-08-06,0.1181,-0.5647
2007-08-07,0.9297,1.9347
2007-08-08,1.2282,1.3479
2007-08-09,-2.003,-1.9186
2007-08-10,-1.4802,-3.7133
2007-08-13,1.7849,2.992
2007-08-14,-0.6591,-1.214
2007-08-15,0.2805,-0.5564
2007-08-16,-2.3614,-4.0986
2007-08-17,1.4886,3.5042
2007-08-20,0.3963,0.2381
2007-08-21,0.2325,0.1221
2007-08-22,1.02,1.8051
2007-08-23,0.1531,0.0147
2007-08-24,-0.0624,0.3747
2007-08-27,-0.2835,0.0
2007-08-28,-0.7447,-1.8948
2007-08-29,0.1203,0.4915
2007-08-30,1.0856,1.301
2007-08-31,1.5722,1.4697
2007-09-03,0.1363,0.1891
2007-09-04,0.9569,0.9757
2007-09-05,-1.732,-1.6649
2007-09-06,0.444,0.68
2007-09-07,-2.4285,-1.9337
2007-09-10,-0.8228,-0.9223
2007-09-11,1.118,2.3891
2007-09-12,0.2023,0.4062
2007-09-13,0.8428,0.915
2007-09-14,-0.5073,-1.1715
2007-09-17,-0.2386,-1.6943
2007-09-18,1.2749,1.6258
2007-09-19,2.3185,2.8129
2007-09-20,-0.2032,-0.4805
2007-09-21,0.7672,0.4307
2007-09-24,-0.0835,0.1428
2007-09-25,-0.2373,-1.0673
2007-09-26,0.4468,0.5648
2007-09-27,0.6361,0.8299
2007-09-28,0.0983,-0.3026
2007-10-01,0.7748,0.6102
2007-10-02,0.3076,-0.0899
2007-10-03,0.1071,0.5355
2007-10-04,-0.1296,0.1943
2007-10-05,0.7198,0.7315
2007-10-08,-0.3475,-0.8325
2007-10-09,0.0761,1.1388
2007-10-10,0.0768,0.2665
2007-10-11,0.59,1.3798
2007-10-12,0.0942,0.0918
2007-10-15,-0.8928,-1.2811
2007-10-16,-0.0857,-0.4544
2007-10-17,0.286,0.9582
2007-10-18,-0.8016,-1.0221
2007-10-19,-0.4706,-1.2331
2007-10-22,-1.1311,-1.0509
2007-10-23,0.6139,0.8464
2007-10-24,-0.1763,-0.4913
2007-10-25,1.3218,1.4551
2007-10-26,0.2109,1.293
2007-10-29,0.7611,0.671
2007-10-30,-0.3961,-0.7016
2007-10-31,0.5174,0.9398
2007-11-01,-1.7255,-2.0157
2007-11-02,-0.3979,-0.8424
2007-11-05,-0.5343,-1.0592
2007-11-06,0.2516,0.2089
2007-11-07,-0.3522,-1.3874
2007-11-08,0.2545,-0.0506
2007-11-09,-0.0904,-1.2064
2007-11-12,-0.0712,0.5237
2007-11-13,-0.3751,0.3858
2007-11-14,0.0714,1.0966
2007-11-15,-1.4914,-1.1278
2007-11-16,-0.7144,-1.0755
2007-11-19,-1.3175,-2.7081
2007-11-20,1.5754,1.7269
2007-11-21,-1.4664,-2.4996
2007-11-22,0.581,1.3909
2007-11-23,0.6197,1.7351
2007-11-26,-0.5467,-1.3036
2007-11-27,-0.4759,-0.6443
2007-11-28,2.5535,2.6965
2007-11-29,0.5377,0.6798
2007-11-30,1.3564,1.3126
2007-12-03,-0.4226,-0.7133
2007-12-04,-0.3614,-1.1173
2007-12-05,1.7394,2.8279
2007-12-06,-0.0527,-0.1258
2007-12-07,0.6736,1.0687
2007-12-10,0.4915,0.1591
2007-12-11,-0.298,-0.4342
2007-12-12,0.8328,0.3509
2007-12-13,-1.8302,-2.9818
2007-12-14,0.2529,0.5148
2007-12-17,-1.5465,-1.8624
2007-12-18,0.3233,0.0234
2007-12-19,-0.1709,0.0836
2007-12-20,0.4066,0.971
2007-12-21,1.6962,1.395
2007-12-24,0.0,0.7031
2007-12-25,0.0,0.0
2007-12-26,0.0,0.0
2007-12-27,0.449,0.2857
2007-12-28,0.3573,-0.3223
2007-12-31,0.0,-0.3085
2008-01-01,0.0,0.0
2008-01-02,-1.4653,-0.6231
2008-01-03,-0.512,0.9781
2008-01-04,-1.2609,-2.0205
2008-01-07,0.1086,-0.2024
2008-01-08,0.4198,0.3286
2008-01-09,-0.8571,-1.3182
2008-01-10,-0.8945,-0.7973
2008-01-11,0.063,-0.3319
2008-01-14,0.1823,0.2201
2008-01-15,-2.1423,-3.0586
2008-01-16,-1.253,-1.3725
2008-01-17,-0.7768,-0.681
2008-01-18,-1.3403,-0.012
2008-01-21,-7.1639,-5.481
2008-01-22,-0.3051,2.902
2008-01-23,-4.8787,-2.278
2008-01-24,5.9302,4.7503
2008-01-25,-0.0635,-0.1166
2008-01-28,0.031,-1.365
2008-01-29,1.0868,1.6651
2008-01-30,-0.2555,-0.8144
2008-01-31,-0.3433,0.7276
2008-02-01,1.7064,2.5409
2008-02-04,0.4566,-0.0493
2008-02-05,-3.3603,-2.6249
2008-02-06,1.2159,0.1251
2008-02-07,-1.6618,-2.5743
2008-02-08,0.4984,1.0463
2008-02-11,-0.3508,-1.3195
2008-02-12,3.3261,3.544
2008-02-13,0.0837,-0.5061
2008-02-14,-0.1633,-0.0129
2008-02-15,-1.865,-1.5595
2008-02-18,1.9776,2.7474
2008-02-19,0.4986,0.3415
2008-02-20,-1.4654,-1.2294
2008-02-21,0.0749,0.6558
2008-02-22,-1.4274,-0.7373
2008-02-25,1.1206,1.8855
2008-02-26,1.5025,1.4645
2008-02-27,0.1701,-0.1781
2008-02-28,-1.9339,-1.8246
2008-02-29,-1.6669,-1.3641
2008-03-03,-0.8622,-1.1159
2008-03-04,-2.1661,-0.8744
2008-03-05,2.1187,1.4862
2008-03-06,-1.3825,-1.4875
2008-03-07,-1.1731,-1.1529
2008-03-10,-1.0118,-1.2427
2008-03-11,1.1862,1.0892
2008-03-12,1.1464,1.5117
2008-03-13,-1.4973,-1.4542
2008-03-14,-0.7486,-1.0665
2008-03-17,-4.1786,-3.8582
2008-03-18,3.4144,3.5341
2008-03-19,-0.5032,-1.0728
2008-03-20,-0.6481,-0.9086
2008-03-21,0.0,0.0
2008-03-24,0.0,0.0
2008-03-25,3.2392,3.5272
2008-03-26,-0.5433,-0.5041
2008-03-27,1.3684,1.0084
2008-03-28,-0.2761,-0.4301
2008-03-31,-0.38,0.1621
2008-04-01,2.8364,2.6388
2008-04-02,0.8498,1.0826
2008-04-03,-0.527,-0.4162
2008-04-04,0.3214,0.947
2008-04-07,0.8522,1.1375
2008-04-08,-0.7191,-0.4082
2008-04-09,-0.7475,-0.1058
2008-04-10,-0.2535,-0.3138
2008-04-11,-1.5028,-1.1673
2008-04-14,-0.7432,-1.083
2008-04-15,0.4662,1.2904
2008-04-16,1.7887,2.3595
2008-04-17,-0.3137,-1.0896
2008-04-18,2.4136,1.2742
2008-04-21,-0.8261,-0.0591
2008-04-22,-0.8583,-0.3013
2008-04-23,0.9918,0.81
2008-04-24,0.3869,-0.5411
2008-04-25,1.1033,0.6723
2008-04-28,0.4169,-0.0166
2008-04-29,-0.5774,-0.0164
2008-04-30,0.922,-0.0338
2008-05-01,0.0,-0.0008
2008-05-02,1.3586,2.1074
2008-05-05,0.1257,0.0
2008-05-06,-0.496,-0.0045
2008-05-07,0.8429,0.7353
2008-05-08,-0.0615,0.1575
2008-05-09,-0.9719,-1.0544
2008-05-12,0.4681,0.2572
2008-05-13,0.3445,-0.1415
2008-05-14,0.3265,0.0666
2008-05-15,-0.0309,0.5764
2008-05-16,1.0662,0.8386
2008-05-19,0.9696,1.1459
2008-05-20,-1.4869,-2.8994
2008-05-21,-1.0911,0.1045
2008-05-22,0.419,-0.2665
2008-05-23,-1.7861,-1.5252
2008-05-26,0.141,0.0
2008-05-27,0.0693,-0.4723
2008-05-28,1.0804,0.1826
2008-05-29,0.3013,-0.0241
2008-05-30,0.5919,-0.2411
2008-06-02,-1.2403,-0.7581
2008-06-03,0.1478,0.8338
2008-06-04,-0.7651,-1.4454
2008-06-05,-0.3388,0.4221
2008-06-06,-1.9882,-1.4761
2008-06-09,0.1737,-0.4957
2008-06-10,-0.6534,-0.8548
2008-06-11,-1.7846,-1.7845
2008-06-12,0.9663,1.1738
2008-06-13,0.7566,0.2119
2008-06-16,-0.5238,-0.1417
2008-06-17,0.9849,1.1625
2008-06-18,-0.9895,-1.7924
2008-06-19,-0.115,-0.8423
2008-06-20,-2.1236,-1.5344
2008-06-23,0.1675,0.8266
2008-06-24,-0.8104,-0.5733
2008-06-25,1.2512,0.5569
2008-06-26,-2.3911,-2.6101
2008-06-27,-0.5835,0.2124
2008-06-30,-0.0559,1.7351
2008-07-01,-1.5951,-2.5946
2008-07-02,-0.1666,-0.9783
2008-07-03,0.7663,0.926
2008-07-04,-1.2832,-1.1653
2008-07-07,1.9696,1.8468
2008-07-08,-1.4281,-1.3097
2008-07-09,1.3015,1.6375
2008-07-10,-1.2755,-2.2215
2008-07-11,-2.406,-2.6848
2008-07-14,0.763,0.7368
2008-07-15,-1.912,-2.4236
2008-07-16,1.2113,-0.4116
2008-07-17,1.8829,2.6337
2008-07-18,1.776,1.7044
2008-07-21,0.661,0.5202
2008-07-22,0.2794,-0.7437
2008-07-23,1.4481,1.5984
2008-07-24,-1.4594,-1.6079
2008-07-25,-0.0619,-0.1809
2008-07-28,-1.3293,-0.7466
2008-07-29,0.7503,0.1248
2008-07-30,0.9583,1.9076
2008-07-31,0.3009,-0.1623
2008-08-01,-1.2825,-1.0575
2008-08-04,-0.7293,-0.6434
2008-08-05,2.6598,2.5234
2008-08-06,0.6549,0.5804
2008-08-07,-0.2728,-0.1575
2008-08-08,0.2775,0.2131
2008-08-11,0.7312,0.9586
2008-08-12,-0.3595,-0.1321
2008-08-13,-2.4853,-1.5508
2008-08-14,0.3117,0.896
2008-08-15,0.0591,-0.7764
2008-08-18,-0.2038,-0.084
2008-08-19,-2.3388,-2.3821
2008-08-20,0.563,0.9663
2008-08-21,-1.2796,-0.0294
2008-08-22,1.6909,2.5208
2008-08-25,-0.7169,0.0
2008-08-26,0.6919,-0.6341
2008-08-27,-0.3074,1.0511
2008-08-28,1.5743,1.3205
2008-08-29,0.0274,0.6331
2008-09-01,-0.0078,-0.5995
2008-09-02,1.5053,0.3191
2008-09-03,-0.7821,-2.1531
2008-09-04,-2.9056,-2.5023
2008-09-05,-2.4226,-2.2637
2008-09-08,2.2244,3.9232
2008-09-09,-0.4842,-0.5631
2008-09-10,-0.3704,-0.912
2008-09-11,-0.5059,-0.8919
2008-09-12,0.9061,1.8496
2008-09-15,-2.7383,-3.924
2008-09-16,-1.6324,-3.4317
2008-09-17,-1.7466,-2.2531
2008-09-18,0.0416,-0.659
2008-09-19,5.5618,8.839
2008-09-22,-1.3213,-1.4134
2008-09-23,-0.6421,-1.9124
2008-09-24,-0.2581,-0.7895
2008-09-25,1.9852,1.9909
2008-09-26,-1.7743,-2.0887
2008-09-29,-4.2289,-5.3002
2008-09-30,0.4123,1.7365
2008-10-01,-0.4234,1.1655
2008-10-02,-2.5093,-1.7995
2008-10-03,2.4096,2.2567
2008-10-06,-7.0729,-7.8522
2008-10-07,-1.1208,0.3493
2008-10-08,-5.8763,-5.1796
2008-10-09,-2.5255,-1.2112
2008-10-10,-7.0123,-8.8493
2008-10-13,11.402,8.2613
2008-10-14,2.7011,3.2256
2008-10-15,-6.4925,-7.1599
2008-10-16,-4.9123,-5.3486
2008-10-17,3.4291,5.2214
2008-10-20,1.1227,5.4063
2008-10-21,-1.0465,-1.2361
2008-10-22,-4.4591,-4.4646
2008-10-23,-1.1238,1.1616
2008-10-24,-4.9567,-5.0019
2008-10-27,0.9072,-0.7924
2008-10-28,11.2768,1.9153
2008-10-29,-0.306,8.0522
2008-10-30,1.2604,1.1576
2008-10-31,2.4371,1.9967
2008-11-03,0.7793,1.5064
2008-11-04,4.9972,4.4161
2008-11-05,-2.1063,-2.3444
2008-11-06,-6.8378,-5.7015
2008-11-07,2.5945,2.1662
2008-11-10,1.7631,0.8926
2008-11-11,-5.2522,-3.5702
2008-11-12,-2.9566,-1.5228
2008-11-13,0.6215,-0.3063
2008-11-14,1.3059,1.5293
2008-11-17,-3.2476,-2.3815
2008-11-18,0.4871,1.8487
2008-11-19,-4.9215,-4.8204
2008-11-20,-3.075,-3.2626
2008-11-21,-2.1987,-2.4266
2008-11-24,10.3435,9.8388
2008-11-25,0.1337,0.4404
2008-11-26,0.0018,-0.445
2008-11-27,2.2973,1.7678
2008-11-28,0.0894,1.4649
2008-12-01,-5.8819,-5.1894
2008-12-02,3.1173,1.4111
2008-12-03,0.7823,1.1424
2008-12-04,-0.0659,-0.1523
2008-12-05,-4.0042,-2.7438
2008-12-08,7.6324,6.1908
2008-12-09,1.3408,1.8883
2008-12-10,0.5392,-0.3191
2008-12-11,-0.7842,0.4902
2008-12-12,-2.178,-2.4686
2008-12-15,-0.1833,-0.0652
2008-12-16,1.6132,0.7369
2008-12-17,-0.4552,0.3507
2008-12-18,1.0199,0.1496
2008-12-19,-1.2552,-1.0098
2008-12-22,-1.2281,-0.8811
2008-12-23,-0.2078,0.1605
2008-12-24,0.0,-0.9255
2008-12-25,0.0,0.0
2008-12-26,0.0,0.0
2008-12-29,1.6305,2.437
2008-12-30,2.239,1.6977
2008-12-31,0.0,0.9445
2009-01-01,0.0,0.0
2009-01-02,3.3859,2.8781
2009-01-05,0.2196,0.3913
2009-01-06,0.8491,1.2944
2009-01-07,-1.7675,-2.8328
2009-01-08,-1.1658,-0.0475
2009-01-09,-1.9677,-1.2614
2009-01-12,-1.3435,-0.5024
2009-01-13,-1.7518,-0.6109
2009-01-14,-4.6278,-4.9671
2009-01-15,-1.9361,-1.4239
2009-01-16,0.6814,0.6297
2009-01-19,-1.1483,-0.9305
2009-01-20,-1.7676,-0.4155
2009-01-21,0.5024,-0.7704
2009-01-22,-0.9793,-0.1884
2009-01-23,-0.9594,0.0059
2009-01-26,3.5399,3.8628
2009-01-27,-0.0797,-0.3469
2009-01-28,4.5173,2.403
2009-01-29,-2.0052,-2.4467
2009-01-30,-2.027,-0.9658
2009-02-02,-1.5515,-1.7317
2009-02-03,2.4331,2.1257
2009-02-04,2.6933,1.5402
2009-02-05,0.394,0.0078
2009-02-06,2.974,1.4883
2009-02-09,0.4778,0.3667
2009-02-10,-3.4559,-2.1945
2009-02-11,0.5449,0.5027
2009-02-12,-2.7048,-0.7562
2009-02-13,0.1323,-0.301
2009-02-16,-1.0593,-1.309
2009-02-17,-3.4361,-2.4335
2009-02-18,-0.2761,-0.6767
2009-02-19,0.2438,0.288
2009-02-20,-4.7578,-3.218
2009-02-23,-1.9481,-0.9856
2009-02-24,-1.0339,-0.8905
2009-02-25,-1.2716,0.8526
2009-02-26,2.5066,1.7319
2009-02-27,-2.508,-2.1848
2009-03-02,-3.4776,-5.333
2009-03-03,-0.5216,-3.1369
2009-03-04,5.425,3.8091
2009-03-05,-5.0232,-3.182
2009-03-06,-0.7869,0.0246
2009-03-09,0.6988,0.3305
2009-03-10,5.2803,4.8789
2009-03-11,0.6977,-0.5765
2009-03-12,1.0761,0.4941
2009-03-13,-0.0662,1.1212
2009-03-16,2.3002,2.9387
2009-03-17,-1.4036,-0.1783
2009-03-18,0.2144,-1.351
2009-03-19,1.1796,0.3138
2009-03-20,0.6252,0.6791
2009-03-23,2.6453,2.8614
2009-03-24,0.2631,-1.0461
2009-03-25,0.8581,-0.2866
2009-03-26,0.8543,0.6397
2009-03-27,-1.3105,-0.6713
2009-03-30,-5.0985,-3.4867
2009-03-31,2.3947,4.3379
2009-04-01,1.1337,0.7506
2009-04-02,6.0723,4.2815
2009-04-03,0.0701,-2.3103
2009-04-06,-0.8023,-0.8966
2009-04-07,-0.6278,-1.578
2009-04-08,0.8194,-0.1272
2009-04-09,3.0565,1.4824
2009-04-10,0.0,0.0
2009-04-13,0.0,0.0
2009-04-14,1.4671,0.1325
2009-04-15,-0.1584,-0.5162
2009-04-16,1.3115,2.1313
2009-04-17,1.4618,0.9825
2009-04-20,-4.0741,-2.4907
2009-04-21,0.3417,-0.0852
2009-04-22,2.0613,1.0834
2009-04-23,-1.2234,-0.3084
2009-04-24,2.9992,3.4284
2009-04-27,0.4225,0.2652
2009-04-28,-1.8459,-1.6945
2009-04-29,2.1083,2.2749
2009-04-30,1.3793,1.2918
2009-05-01,0.0,-0.0115
2009-05-04,2.7886,0.0
2009-05-05,-1.0081,2.2087
2009-05-06,0.5704,1.3731
2009-05-07,-1.5696,0.0498
2009-05-08,2.2855,1.4416
2009-05-11,-0.9563,-0.5959
2009-05-12,-0.263,-0.2246
2009-05-13,-2.606,-2.1279
2009-05-14,0.2297,0.7206
2009-05-15,-0.0205,-0.3317
2009-05-18,2.416,2.2617
2009-05-19,2.2189,0.8051
2009-05-20,1.5993,-0.3088
2009-05-21,-2.744,-2.7513
2009-05-22,0.3689,0.4561
2009-05-25,-0.0061,0.0
2009-05-26,1.3653,1.0636
2009-05-27,0.3043,0.1022
2009-05-28,-1.3576,-0.6496
2009-05-29,0.161,0.6929
2009-06-01,4.0831,1.9975
2009-06-02,0.0292,-0.6473
2009-06-03,-1.7405,-2.0907
2009-06-04,0.2032,0.0803
2009-06-05,0.2415,1.1767
2009-06-08,-1.4243,-0.7511
2009-06-09,-0.1371,-0.0098
2009-06-10,1.0669,0.7256
2009-06-11,1.1102,0.5662
2009-06-12,-0.7444,-0.4464
2009-06-15,-3.537,-2.6101
2009-06-16,0.016,0.0592
2009-06-17,-1.8554,-1.1577
2009-06-18,0.7813,0.0561
2009-06-19,0.0409,1.52
2009-06-22,-3.0181,-2.5744
2009-06-23,0.293,-0.0952
2009-06-24,2.7375,1.1811
2009-06-25,-0.733,-0.6404
2009-06-26,-0.5018,-0.2718
2009-06-29,2.2741,1.2502
2009-06-30,-1.565,-1.0438
2009-07-01,2.013,2.1533
2009-07-02,-3.8111,-2.4521
2009-07-03,-0.2179,0.0475
2009-07-06,-1.1977,-0.9766
2009-07-07,-1.1529,-0.1886
2009-07-08,-0.5554,-1.117
2009-07-09,1.2557,0.4451
2009-07-10,-1.1611,-0.7572
2009-07-13,3.191,1.8163
2009-07-14,1.2568,0.846
2009-07-15,3.069,2.567
2009-07-16,0.5833,0.3539
2009-07-17,0.4279,0.6169
2009-07-20,1.0395,1.2502
2009-07-21,1.2687,0.845
2009-07-22,0.5416,0.2803
2009-07-23,2.4547,1.4703
2009-07-24,-0.3415,0.3687
2009-07-27,0.4243,0.208
2009-07-28,-1.4626,-1.2492
2009-07-29,1.847,0.4127
2009-07-30,1.7141,1.8489
2009-07-31,-0.532,-0.502
2009-08-03,1.7762,1.6079
2009-08-04,-0.1811,-0.2368
2009-08-05,-1.1816,-0.5189
2009-08-06,0.317,0.9339
2009-08-07,1.657,0.8747
2009-08-10,-0.7481,-0.1978
2009-08-11,-2.442,-1.077
2009-08-12,1.2161,0.9723
2009-08-13,0.9536,0.8205
2009-08-14,-1.7034,-0.8725
2009-08-17,-2.0248,-1.4629
2009-08-18,0.9445,0.8777
2009-08-19,-0.3573,0.083
2009-08-20,1.5115,1.4268
2009-08-21,2.8559,1.9827
2009-08-24,1.0436,0.9347
2009-08-25,0.6765,0.4201
2009-08-26,-0.632,-0.5333
2009-08-27,-0.9352,-0.4341
2009-08-28,0.8595,0.8122
2009-08-31,-0.9559,0.0
2009-09-01,-2.5129,-1.8171
2009-09-02,-0.1398,-0.0446
2009-09-03,-0.3463,-0.4318
2009-09-04,1.5658,1.1456
2009-09-07,1.4687,1.6794
2009-09-08,0.3335,0.287
2009-09-09,1.688,1.1513
2009-09-10,0.3679,-0.3321
2009-09-11,0.5228,0.477
2009-09-14,-0.0672,0.1473
2009-09-15,0.1555,0.4639
2009-09-16,1.2663,1.6263
2009-09-17,0.5417,0.7771
2009-09-18,-0.4765,0.1731
2009-09-21,-0.6168,-0.7448
2009-09-22,0.7185,0.1605
2009-09-23,-0.1284,-0.0628
2009-09-24,-1.6983,-1.1694
2009-09-25,-0.4246,0.0577
2009-09-28,2.7753,1.643
2009-09-29,-0.3973,-0.1158
2009-09-30,-0.6714,-0.5004
2009-10-01,-2.1252,-1.6769
2009-10-02,-1.56,-1.171
2009-10-05,0.7489,0.7142
2009-10-06,2.7009,2.262
2009-10-07,-0.2985,-0.566
2009-10-08,1.3436,0.8953
2009-10-09,-0.0815,0.1403
2009-10-12,1.2492,0.9357
2009-10-13,-1.1917,-1.0752
2009-10-14,2.447,1.978
2009-10-15,-0.3992,-0.6307
2009-10-16,-1.4986,-0.6263
2009-10-19,1.9008,1.7591
2009-10-20,-0.697,-0.7221
2009-10-21,0.3737,0.2756
2009-10-22,-1.2096,-0.9603
2009-10-23,-0.3935,0.6762
2009-10-26,-1.7088,-0.9696
2009-10-27,-0.1265,0.1778
2009-10-28,-2.4623,-2.3178
2009-10-29,1.6589,1.1279
2009-10-30,-3.0871,-1.8135
2009-11-02,0.2929,1.1884
2009-11-03,-1.4265,-1.3182
2009-11-04,1.6976,1.4032
2009-11-05,0.6739,0.3475
2009-11-06,0.1337,0.3332
2009-11-09,2.3955,1.7979
2009-11-10,-0.116,-0.0884
2009-11-11,0.9825,0.6921
2009-11-12,-0.0774,0.1851
2009-11-13,0.4038,0.3768
2009-11-16,2.0748,1.6292
2009-11-17,-0.4546,-0.6826
2009-11-18,0.1589,-0.0711
2009-11-19,-1.4761,-1.3933
2009-11-20,-0.6845,-0.3092
2009-11-23,2.4426,1.9821
2009-11-24,-0.5545,-0.5889
2009-11-25,0.5843,0.7673
2009-11-26,-3.2543,-3.1815
2009-11-27,1.2725,0.9934
2009-11-30,-1.0493,-1.0494
2009-12-01,2.6779,2.3405
2009-12-02,0.0878,0.2865
2009-12-03,-0.196,-0.2701
2009-12-04,0.8197,0.1762
2009-12-07,-0.5655,-0.2198
2009-12-08,-1.6625,-1.6482
2009-12-09,-0.7162,-0.3684
2009-12-10,1.0832,0.7779
2009-12-11,0.828,0.328
2009-12-14,0.7986,1.0219
2009-12-15,0.1565,-0.5563
2009-12-16,1.5847,0.6525
2009-12-17,-0.9992,-1.9294
2009-12-18,-0.2264,-0.3986
2009-12-21,1.7032,1.87
2009-12-22,0.2556,0.6549
2009-12-23,0.1976,0.8205
2009-12-24,0.0,0.559
2009-12-25,0.0,0.0
2009-12-28,0.7634,0.0
2009-12-29,0.1438,0.6516
2009-12-30,-0.9003,-0.731
2009-12-31,0.0,0.2783
2010-01-01,0.0,0.0
2010-01-04,1.5253,1.6158
2010-01-05,-0.2718,0.4029
2010-01-06,0.0409,0.1365
2010-01-07,-0.2481,-0.06
2010-01-08,0.3032,0.1361
2010-01-11,0.0479,0.0692
2010-01-12,-1.6141,-0.7107
2010-01-13,0.3389,-0.4588
2010-01-14,0.4317,0.4516
2010-01-15,-1.8853,-0.779
2010-01-18,0.7246,0.7153
2010-01-19,0.9788,0.3413
2010-01-20,-2.0907,-1.6749
2010-01-21,-1.7869,-1.5809
2010-01-22,-0.8987,-0.6019
2010-01-25,-1.1229,-0.8048
2010-01-26,0.667,0.3144
2010-01-27,-0.4539,-1.1253
2010-01-28,-1.8229,-1.3748
2010-01-29,1.2357,0.8314
2010-02-01,0.8146,1.135
2010-02-02,0.9759,0.6841
2010-02-03,-0.658,-0.5709
2010-02-04,-2.448,-2.1671
2010-02-05,-1.7874,-1.5253
2010-02-08,0.9295,0.6206
2010-02-09,0.2445,0.3831
2010-02-10,0.6931,0.3942
2010-02-11,-0.5859,0.5746
2010-02-12,-0.0643,-0.3687
2010-02-15,0.1947,0.4865
2010-02-16,1.4701,1.4822
2010-02-17,1.0053,0.6213
2010-02-18,0.5678,0.9182
2010-02-19,0.733,0.6212
2010-02-22,-0.5874,-0.1138
2010-02-23,-1.4832,-0.6909
2010-02-24,0.2041,0.5236
2010-02-25,-1.4813,-1.2109
2010-02-26,1.1953,1.4456
2010-03-01,2.055,0.9603
2010-03-02,1.1035,1.4451
2010-03-03,0.7153,0.8962
2010-03-04,-0.3878,-0.1093
2010-03-05,1.4156,1.3135
2010-03-08,-0.0247,0.1243
2010-03-09,0.1698,-0.0788
2010-03-10,0.8636,0.6831
2010-03-11,-0.1363,-0.4133
2010-03-12,0.278,0.1494
2010-03-15,-0.6989,-0.5653
2010-03-16,1.1422,0.4752
2010-03-17,0.8925,0.4306
2010-03-18,-0.1987,-0.0356
2010-03-19,-0.497,0.1329
2010-03-22,0.0847,-0.0988
2010-03-23,0.4972,0.5154
2010-03-24,0.3611,0.0749
2010-03-25,1.5557,0.8766
2010-03-26,-0.2103,-0.43
2010-03-29,0.6013,0.134
2010-03-30,-0.2339,-0.6714
2010-03-31,0.1807,0.129
2010-04-01,1.3327,1.1488
2010-04-02,0.0,0.0
2010-04-05,0.0,0.0
2010-04-06,0.267,0.6172
2010-04-07,-0.4766,-0.3164
2010-04-08,-0.8129,-0.8566
2010-04-09,1.2617,1.0202
2010-04-12,0.0158,0.1156
2010-04-13,-0.3177,-0.2768
2010-04-14,0.7635,0.6003
2010-04-15,0.2079,0.4962
2010-04-16,-1.7571,-1.3914
2010-04-19,-0.2987,-0.2794
2010-04-20,1.6518,0.9738
2010-04-21,-0.5404,-1.0419
2010-04-22,-0.9897,-1.0151
2010-04-23,1.4721,1.0294
2010-04-26,1.1594,0.5276
2010-04-27,-2.7256,-2.6127
2010-04-28,-1.2204,-0.3018
2010-04-29,0.9955,0.559
2010-04-30,-0.1499,-1.149
2010-05-03,0.5088,0.0
2010-05-04,-2.5955,-2.5603
2010-05-05,-0.8059,-1.2785
2010-05-06,-0.8423,-1.5152
2010-05-07,-3.2695,-2.6225
2010-05-10,5.2986,5.161
2010-05-11,0.329,-0.9877
2010-05-12,2.4145,0.9231
2010-05-13,1.1075,0.934
2010-05-14,-3.1232,-3.1448
2010-05-17,0.1686,-0.0059
2010-05-18,1.4671,0.8513
2010-05-19,-2.7171,-2.8123
2010-05-20,-2.017,-1.6469
2010-05-21,-0.6583,-0.2011
2010-05-24,-0.4043,0.1319
2010-05-25,-2.3363,-2.5432
2010-05-26,1.5517,1.9714
2010-05-27,3.1108,3.1181
2010-05-28,0.1523,-0.1297
2010-05-31,0.3052,0.0
2010-06-01,0.284,-0.4843
2010-06-02,-0.0012,-0.232
2010-06-03,1.2277,1.162
2010-06-04,-1.9118,-1.6346
2010-06-07,-0.5713,-1.1108
2010-06-08,-0.6164,-0.8071
2010-06-09,1.98,1.1477
2010-06-10,1.2004,0.9171
2010-06-11,-0.1446,0.6075
2010-06-14,1.276,0.7446
2010-06-15,0.8171,0.3016
2010-06-16,0.2568,0.3852
2010-06-17,0.5271,0.3049
2010-06-18,-0.1054,-0.0581
2010-06-21,1.2223,0.9193
2010-06-22,-0.3803,-0.9838
2010-06-23,-1.0292,-1.3048
2010-06-24,-1.4351,-1.5118
2010-06-25,-0.7339,-1.0541
2010-06-28,1.4269,0.4996
2010-06-29,-3.3325,-3.1047
2010-06-30,0.2266,0.0539
2010-07-01,-1.8119,-2.26
2010-07-02,-0.3974,0.6729
2010-07-05,-0.3077,-0.3009
2010-07-06,2.1454,2.9329
2010-07-07,0.8733,1.0034
2010-07-08,0.7142,1.8072
2010-07-09,0.4901,0.5384
2010-07-12,0.197,0.6639
2010-07-13,1.8749,2.0128
2010-07-14,0.3009,-0.332
2010-07-15,-0.9727,-0.8038
2010-07-16,-1.774,-1.0063
2010-07-19,-0.5159,-0.2049
2010-07-20,-0.6926,-0.1713
2010-07-21,0.3836,1.4628
2010-07-22,2.5336,1.9018
2010-07-23,0.3938,-0.0224
2010-07-26,0.452,0.7247
2010-07-27,0.2115,0.2719
2010-07-28,-0.457,-0.8571
2010-07-29,-0.716,-0.1077
2010-07-30,0.2163,-1.0525
2010-08-02,2.3448,2.6453
2010-08-03,0.2508,-0.0117
2010-08-04,0.3713,-0.1912
2010-08-05,0.0355,-0.3784
2010-08-06,-1.1676,-0.6223
2010-08-09,1.4693,1.4652
2010-08-10,-1.0289,-0.6304
2010-08-11,-2.1027,-2.4403
2010-08-12,-0.3071,0.3975
2010-08-13,-0.4036,0.1781
2010-08-16,0.0026,0.0125
2010-08-17,1.5683,1.4111
2010-08-18,-0.3237,-0.8911
2010-08-19,-1.7972,-1.727
2010-08-20,-1.1517,-0.3072
2010-08-23,0.0958,0.7615
2010-08-24,-1.2556,-1.507
2010-08-25,-0.6055,-0.9028
2010-08-26,0.2217,0.9089
2010-08-27,0.6527,0.8868
2010-08-30,-0.6513,0.0
2010-08-31,0.2167,0.4549
2010-09-01,2.678,2.7021
2010-09-02,-0.0008,0.0863
2010-09-03,0.8345,1.0633
2010-09-06,0.3329,0.2034
2010-09-07,-0.6036,-0.5767
2010-09-08,0.7609,0.4053
2010-09-09,0.926,1.1864
2010-09-10,-0.1085,0.1361
2010-09-13,0.7548,1.1613
2010-09-14,0.2193,0.0338
2010-09-15,-0.2158,-0.2128
2010-09-16,-0.1951,-0.2776
2010-09-17,-0.6383,-0.572
2010-09-20,1.3659,1.7081
2010-09-21,-0.2955,-0.4703
2010-09-22,-1.0779,-0.4354
2010-09-23,-0.3805,-0.087
2010-09-24,1.8366,0.9266
2010-09-27,-0.3082,-0.4476
2010-09-28,-0.0446,0.0901
2010-09-29,-0.4648,-0.1644
2010-09-30,-0.2865,-0.3708
2010-10-01,-0.2838,0.798
2010-10-04,-1.2418,-0.6603
2010-10-05,1.3306,1.4361
2010-10-06,0.8832,0.8097
2010-10-07,0.088,-0.339
2010-10-08,0.2457,-0.0798
2010-10-11,0.2835,0.2614
2010-10-12,-0.0783,-0.1906
2010-10-13,2.0612,1.5148
2010-10-14,0.3225,-0.3504
2010-10-15,0.5736,-0.4163
2010-10-18,0.3748,0.6864
2010-10-19,-0.3981,-0.6727
2010-10-20,0.5217,0.439
2010-10-21,1.3251,0.505
2010-10-22,-0.0782,-0.2864
2010-10-25,0.5052,0.1848
2010-10-26,-0.3827,-0.7768
2010-10-27,-0.6925,-1.0737
2010-10-28,0.4153,0.5645
2010-10-29,0.0923,-0.0481
2010-11-01,0.0529,0.3429
2010-11-02,0.7487,1.103
2010-11-03,-0.5487,-0.1469
2010-11-04,1.7663,1.9798
2010-11-05,0.2897,0.2142
2010-11-08,-0.0548,-0.4321
2010-11-09,0.5527,0.4313
2010-11-10,-1.0014,-0.9915
2010-11-11,0.0531,-0.0294
2010-11-12,0.1666,-0.3157
2010-11-15,0.825,0.4061
2010-11-16,-1.8693,-2.3797
2010-11-17,0.5527,0.1876
2010-11-18,1.9707,1.3377
2010-11-19,0.1674,-0.622
2010-11-22,-0.3142,-0.9071
2010-11-23,-1.7158,-1.7524
2010-11-24,1.7718,1.3585
2010-11-25,0.8186,0.7394
2010-11-26,-0.446,-0.5305
2010-11-29,-2.2049,-2.0772
2010-11-30,-0.1415,-0.4086
2010-12-01,2.6634,2.0663
2010-12-02,1.325,2.2164
2010-12-03,-0.1421,-0.3856
2010-12-06,0.0959,0.4344
2010-12-07,0.6835,0.6615
2010-12-08,-0.3719,-0.2397
2010-12-09,-0.1679,0.2318
2010-12-10,0.6032,0.0859
2010-12-13,0.3314,0.8223
2010-12-14,-0.0283,0.5197
2010-12-15,-0.157,-0.1533
2010-12-16,0.1144,-0.018
2010-12-17,-0.5972,-0.1593
2010-12-20,0.5177,0.3382
2010-12-21,0.8462,1.0216
2010-12-22,-0.1423,0.5324
2010-12-23,-0.1447,0.2102
2010-12-24,0.0,0.2143
2010-12-27,-1.2321,0.0
2010-12-28,0.0197,0.0
2010-12-29,0.3352,-0.209
2010-12-30,-1.1619,-0.4228
2010-12-31,0.0,-1.1903
2011-01-03,1.0927,0.0
2011-01-04,-0.2059,1.931
2011-01-05,-0.5094,0.4987
2011-01-06,0.599,-0.4029
2011-01-07,-0.4806,-0.5844
2011-01-10,-1.3066,-0.4684
2011-01-11,1.2325,0.9692
2011-01-12,1.8326,0.6101
2011-01-13,0.0895,-0.4436
2011-01-14,0.0083,-0.3621
2011-01-17,0.0334,-0.2727
2011-01-18,0.9238,1.1816
2011-01-19,-0.8496,-1.3165
2011-01-20,-0.8258,-1.8202
2011-01-21,0.5431,0.483
2011-01-24,0.0758,0.8073
2011-01-25,-0.1239,-0.4398
2011-01-26,0.9681,0.8703
2011-01-27,0.3961,-0.0692
2011-01-28,-0.7376,-1.4033
2011-01-31,-0.3565,-0.3134
2011-02-01,1.5089,1.6183
2011-02-02,-0.0084,0.7092
2011-02-03,0.1393,-0.2788
2011-02-04,0.3132,0.2347
2011-02-07,0.9341,0.8946
2011-02-08,0.544,0.666
2011-02-09,-0.032,-0.6409
2011-02-10,0.2647,-0.5334
2011-02-11,0.4212,0.7125
2011-02-14,0.345,-0.0463
2011-02-15,0.0461,-0.3797
2011-02-16,0.1927,0.7982
2011-02-17,-0.1186,0.0347
2011-02-18,0.2876,-0.0721
2011-02-21,-1.4138,-1.121
2011-02-22,-0.0473,-0.2999
2011-02-23,-1.691,-1.2212
2011-02-24,-0.8909,-0.0599
2011-02-25,0.7667,1.372
2011-02-28,1.2129,-0.1198
2011-03-01,-0.6741,-0.9718
2011-03-02,-0.5839,-0.3516
2011-03-03,0.6244,1.525
2011-03-04,-0.6513,-0.2448
2011-03-07,-0.2364,-0.2773
2011-03-08,0.0394,0.0164
2011-03-09,-0.4599,-0.627
2011-03-10,-0.9634,-1.5497
2011-03-11,-1.1553,-0.2843
2011-03-14,-1.6452,-0.9167
2011-03-15,-3.1889,-1.3845
2011-03-16,-2.013,-1.704
2011-03-17,2.1959,1.7484
2011-03-18,0.113,0.3866
2011-03-21,2.2766,1.1885
2011-03-22,-0.5157,-0.4041
2011-03-23,0.3463,0.5756
2011-03-24,1.8977,1.4664
2011-03-25,0.1843,0.3382
2011-03-28,-0.1113,0.0632
2011-03-29,-0.0604,0.4688
2011-03-30,1.7696,0.2719
2011-03-31,-0.2245,-0.6647
2011-04-01,1.967,1.712
2011-04-04,-0.0624,0.1175
2011-04-05,-0.0003,-0.1649
2011-04-06,0.5547,0.5672
2011-04-07,-0.5035,-0.5588
2011-04-08,0.5327,0.8053
2011-04-11,-0.1685,-0.0381
2011-04-12,-1.415,-1.4697
2011-04-13,1.0567,0.7707
2011-04-14,-0.4376,-0.776
2011-04-15,0.444,0.5401
2011-04-18,-2.1097,-2.1002
2011-04-19,0.1773,0.4564
2011-04-20,2.9815,2.1264
2011-04-21,0.6387,-0.0658
2011-04-22,0.0,0.0
2011-04-25,0.0,0.0
2011-04-26,0.8364,0.8484
2011-04-27,0.6585,-0.0198
2011-04-28,0.949,0.0287
2011-04-29,0.5249,0.0
2011-05-02,0.1754,0.0
2011-05-03,-0.3579,0.2138
2011-05-04,-1.6901,-1.6244
2011-05-05,0.0411,-1.071
2011-05-06,1.5628,0.9593
2011-05-09,-1.0909,-0.5702
2011-05-10,1.228,1.2822
2011-05-11,-0.0862,-0.7126
2011-05-12,-0.6818,-0.5194
2011-05-13,-0.5459,-0.3211
2011-05-16,-0.213,-0.0368
2011-05-17,-1.7718,-1.0583
2011-05-18,0.646,1.0662
2011-05-19,0.749,0.5487
2011-05-20,-1.2423,-0.1259
2011-05-23,-1.9995,-1.8929
2011-05-24,0.4092,0.3859
2011-05-25,0.2836,0.2002
2011-05-26,-0.7928,0.1848
2011-05-27,0.6941,0.9842
2011-05-30,-0.0443,0.0
2011-05-31,1.8629,0.8608
2011-06-01,-1.0456,-1.0247
2011-06-02,-1.9856,-1.361
2011-06-03,0.4935,0.1212
2011-06-06,-0.3441,0.1392
2011-06-07,0.2637,0.0254
2011-06-08,-0.6056,-0.9508
2011-06-09,1.4083,0.8169
2011-06-10,-1.2537,-1.546
2011-06-13,0.2156,0.1329
2011-06-14,1.6887,0.5139
2011-06-15,-1.2451,-1.0439
2011-06-16,-0.0686,-0.7617
2011-06-17,0.7574,0.283
2011-06-20,-0.1932,-0.3771
2011-06-21,1.8923,1.4389
2011-06-22,-0.1005,-0.0402
2011-06-23,-1.769,-1.7081
2011-06-24,-0.3925,0.4113
2011-06-27,-0.1893,0.4321
2011-06-28,0.8797,0.7784
2011-06-29,1.7253,1.5445
2011-06-30,1.1256,1.5328
2011-07-01,0.5857,0.7409
2011-07-04,0.317,0.4638
2011-07-05,-0.0473,0.1079
2011-07-06,-0.1109,-0.3504
2011-07-07,0.5416,0.8601
2011-07-08,-0.9196,-1.0566
2011-07-11,-2.33,-1.0253
2011-07-12,-0.776,-1.0153
2011-07-13,1.3065,0.6384
2011-07-14,-0.731,-1.007
2011-07-15,0.0746,-0.0563
2011-07-18,-1.554,-1.5547
2011-07-19,1.1923,0.6463
2011-07-20,0.3989,1.1024
2011-07-21,0.9525,0.787
2011-07-22,0.4972,0.5954
2011-07-25,0.2477,-0.1644
2011-07-26,0.0669,0.0754
2011-07-27,-1.3167,-1.2336
2011-07-28,-0.8634,0.284
2011-07-29,-0.4352,-0.9879
2011-08-01,-2.8607,-0.7009
2011-08-02,-2.261,-0.9705
2011-08-03,-2.2976,-2.3412
2011-08-04,-3.4008,-3.4268
2011-08-05,-2.7842,-2.7099
2011-08-08,-5.0174,-3.3932
2011-08-09,-0.1045,1.8933
2011-08-10,-5.1319,-3.0545
2011-08-11,3.2821,3.1089
2011-08-12,3.451,3.0448
2011-08-15,0.4085,0.5742
2011-08-16,-0.454,0.1318
2011-08-17,-0.7667,-0.4858
2011-08-18,-5.8185,-4.4896
2011-08-19,-2.1918,-1.0108
2011-08-22,-0.1135,1.082
2011-08-23,1.0706,0.6696
2011-08-24,2.6878,1.49
2011-08-25,-1.7064,-1.4359
2011-08-26,-0.8356,-0.023
2011-08-29,2.3944,0.0
2011-08-30,-0.4612,2.7045
2011-08-31,2.497,2.389
2011-09-01,-0.9373,0.4471
2011-09-02,-3.3557,-2.3367
2011-09-05,-5.2751,-3.5799
2011-09-06,-0.9952,1.0634
2011-09-07,4.0732,3.1366
2011-09-08,0.0542,0.4097
2011-09-09,-4.0405,-2.3543
2011-09-12,-2.2659,-1.6306
2011-09-13,1.8538,0.87
2011-09-14,3.3647,1.0199
2011-09-15,3.1469,2.1144
2011-09-16,1.185,0.5784
2011-09-19,-2.8277,-2.0276
2011-09-20,2.8762,1.9802
2011-09-21,-2.4747,-1.4039
2011-09-22,-4.9614,-4.6668
2011-09-23,0.6264,0.4998
2011-09-26,2.8673,0.4453
2011-09-27,5.2919,4.0217
2011-09-28,-0.8887,-1.4435
2011-09-29,1.0964,-0.3985
2011-09-30,-2.4392,-1.3154
2011-10-03,-2.2777,-1.0331
2011-10-04,-2.9756,-2.5822
2011-10-05,4.9134,3.19
2011-10-06,3.1467,3.7061
2011-10-07,0.5394,0.2294
2011-10-10,3.0232,1.8026
2011-10-11,0.303,-0.0611
2011-10-12,2.2073,0.8544
2011-10-13,-1.3284,-0.706
2011-10-14,0.8852,1.1656
2011-10-17,-1.806,-0.5426
2011-10-18,0.3069,-0.4847
2011-10-19,0.6146,0.7419
2011-10-20,-2.4867,-1.2074
2011-10-21,3.546,1.9308
2011-10-24,1.412,1.0824
2011-10-25,-0.1407,-0.4059
2011-10-26,-0.5074,0.5013
2011-10-27,5.3485,2.8916
2011-10-28,0.1317,-0.2027
2011-10-31,-3.2279,-2.7712
2011-11-01,-4.9961,-2.2122
2011-11-02,2.2473,1.1534
2011-11-03,2.8086,1.1222
2011-11-04,-2.7232,-0.3332
2011-11-07,-0.6282,-0.2956
2011-11-08,0.5526,1.0256
2011-11-09,-2.2126,-1.9212
2011-11-10,0.6565,-0.285
2011-11-11,3.2247,1.8469
2011-11-14,-1.1889,-0.475
2011-11-15,-0.8668,-0.029
2011-11-16,-0.3334,-0.1526
2011-11-17,-1.0686,-1.5589
2011-11-18,-0.8535,-1.1101
2011-11-21,-3.3488,-2.6168
2011-11-22,-1.2239,-0.3021
2011-11-23,-1.4379,-1.2875
2011-11-24,-0.5434,-0.2376
2011-11-25,1.193,0.7231
2011-11-28,4.5961,2.8678
2011-11-29,0.95,0.4563
2011-11-30,4.9816,3.1557
2011-12-01,-0.8698,-0.2921
2011-12-02,0.7422,1.1468
2011-12-05,0.4179,0.2822
2011-12-06,-1.2655,0.0136
2011-12-07,-0.5655,-0.3917
2011-12-08,-2.0066,-1.1383
2011-12-09,1.9112,0.8286
2011-12-12,-3.3621,-1.833
2011-12-13,-0.1931,1.1476
2011-12-14,-1.7166,-2.2468
2011-12-15,0.9776,0.6345
2011-12-16,-0.5033,-0.2501
2011-12-19,-0.5449,-0.4149
2011-12-20,3.1093,1.0179
2011-12-21,-0.9492,-0.551
2011-12-22,1.0472,1.2474
2011-12-23,0.4571,1.0213
2011-12-26,0.0,0.0
2011-12-27,0.1842,0.0
2011-12-28,-2.0118,-0.0961
2011-12-29,1.343,1.078
2011-12-30,0.8475,0.099
2012-01-02,3.0037,0.0
2012-01-03,1.4986,2.2904
2012-01-04,-0.8922,-0.5519
2012-01-05,-0.2546,-0.7796
2012-01-06,-0.6245,0.452
2012-01-09,-0.6717,-0.6623
2012-01-10,2.4222,1.5046
2012-01-11,-0.1726,-0.4543
2012-01-12,0.4367,-0.1481
2012-01-13,-0.5847,-0.4553
2012-01-16,1.2523,0.369
2012-01-17,1.8154,0.6453
2012-01-18,0.3417,0.1479
2012-01-19,0.9708,0.6801
2012-01-20,-0.185,-0.2195
2012-01-23,0.5032,0.9428
2012-01-24,-0.2703,-0.5302
2012-01-25,0.041,-0.5024
2012-01-26,1.8375,1.2616
2012-01-27,-0.4262,-1.0655
2012-01-30,-1.037,-1.0877
2012-01-31,0.2244,0.1855
2012-02-01,2.4421,1.9204
2012-02-02,0.5893,0.0924
2012-02-03,1.6684,1.8116
2012-02-06,-0.0272,-0.1503
2012-02-07,-0.1571,-0.0329
2012-02-08,-0.0805,-0.2433
2012-02-09,0.5933,0.3325
2012-02-10,-1.4117,-0.7307
2012-02-13,0.68,0.9109
2012-02-14,-0.1526,-0.0987
2012-02-15,0.4422,-0.1307
2012-02-16,-0.0885,-0.1151
2012-02-17,1.4228,0.3346
2012-02-20,1.4635,0.6804
2012-02-21,-0.5767,-0.2868
2012-02-22,-0.9309,-0.1965
2012-02-23,-0.5028,0.3607
2012-02-24,0.8073,-0.0465
2012-02-27,-0.216,-0.3299
2012-02-28,0.5552,0.2089
2012-02-29,-0.4581,-0.9514
2012-03-01,1.2498,1.0175
2012-03-02,-0.2939,-0.3392
2012-03-05,-0.7933,-0.6143
2012-03-06,-3.3984,-1.8557
2012-03-07,0.5729,0.4442
2012-03-08,2.4498,1.1797
2012-03-09,0.6682,0.4737
2012-03-12,0.3073,0.0893
2012-03-13,1.3702,1.0718
2012-03-14,1.1937,-0.176
2012-03-15,0.9186,-0.0792
2012-03-16,0.1871,0.4185
2012-03-19,-0.0503,-0.0749
2012-03-20,-1.3877,-1.1692
2012-03-21,0.2322,0.0092
2012-03-22,-1.2736,-0.7858
2012-03-23,0.2057,0.1581
2012-03-26,1.1952,0.8166
2012-03-27,-0.0047,-0.5616
2012-03-28,-1.1315,-1.0318
2012-03-29,-1.7667,-1.1527
2012-03-30,1.0426,0.4601
2012-04-02,1.5809,1.8452
2012-04-03,-1.0539,-0.6221
2012-04-04,-2.8389,-2.3049
2012-04-05,-0.1297,0.3489
2012-04-06,0.0,0.0
2012-04-09,0.0,0.0
2012-04-10,-2.4919,-2.2384
2012-04-11,1.0338,0.7004
2012-04-12,1.0264,1.3438
2012-04-13,-2.363,-1.0274
2012-04-16,0.6271,0.2564
2012-04-17,2.6537,1.7767
2012-04-18,-1.0141,-0.3756
2012-04-19,-0.9033,-0.0129
2012-04-20,1.1827,0.4805
2012-04-23,-3.3647,-1.8465
2012-04-24,1.0334,0.7752
2012-04-25,1.7312,0.1646
2012-04-26,0.528,0.5216
2012-04-27,0.9113,0.4938
2012-04-30,-0.59,-0.6808
2012-05-01,0.0,1.2975
2012-05-02,-0.7457,-0.9311
2012-05-03,-0.2433,0.1466
2012-05-04,-1.9863,-1.9334
2012-05-07,0.1221,0.0
2012-05-08,-1.8988,-1.7773
2012-05-09,0.4743,-0.4411
2012-05-10,0.6593,0.2514
2012-05-11,0.9501,0.5694
2012-05-14,-1.9447,-1.9729
2012-05-15,-0.7891,-0.5105
2012-05-16,-0.2625,-0.5953
2012-05-17,-1.1795,-1.2371
2012-05-18,-0.5982,-1.3255
2012-05-21,0.9539,0.6997
2012-05-22,1.6515,1.8626
2012-05-23,-2.3285,-2.5331
2012-05-24,0.4795,1.5882
2012-05-25,0.3808,0.0277
2012-05-28,-0.2642,0.0899
2012-05-29,1.1648,0.6497
2012-05-30,-1.814,-1.741
2012-05-31,-0.2614,0.4451
2012-06-01,-3.4176,-1.1402
2012-06-04,-1.191,0.0
2012-06-05,-0.1477,0.0
2012-06-06,2.0871,2.3558
2012-06-07,0.8243,1.1827
2012-06-08,-0.2181,-0.2333
2012-06-11,0.1669,-0.0499
2012-06-12,0.3288,0.7615
2012-06-13,-0.142,0.184
2012-06-14,-0.2256,-0.3056
2012-06-15,1.4792,0.2151
2012-06-18,0.3016,0.2241
2012-06-19,1.8431,1.7341
2012-06-20,0.4521,0.6441
2012-06-21,-0.7666,-0.9948
2012-06-22,-1.2593,-0.9462
2012-06-25,-2.0893,-1.1433
2012-06-26,0.0701,-0.0677
2012-06-27,1.5041,1.4129
2012-06-28,-1.2695,-0.5587
2012-06-29,4.3313,1.4216
2012-07-02,1.2437,1.2473
2012-07-03,1.2643,0.8348
2012-07-04,-0.2039,-0.0573
2012-07-05,-0.4454,0.1435
2012-07-06,-1.9195,-0.527
2012-07-09,-0.3516,-0.6234
2012-07-10,0.7947,0.6529
2012-07-11,0.2411,0.0072
2012-07-12,-0.5346,-0.9927
2012-07-13,2.1459,1.0321
2012-07-16,0.1315,-0.0653
2012-07-17,0.1815,-0.5888
2012-07-18,1.6234,1.0069
2012-07-19,1.1066,0.4998
2012-07-20,-1.8994,-1.0924
2012-07-23,-3.1778,-2.0861
2012-07-24,-0.4505,-0.626
2012-07-25,0.2521,-0.0165
2012-07-26,2.7541,1.3611
2012-07-27,1.6169,0.9698
2012-07-30,1.2656,1.1803
2012-07-31,-0.0266,-1.0248
2012-08-01,-0.2628,1.376
2012-08-02,-2.1966,-0.8843
2012-08-03,3.9293,2.2072
2012-08-06,0.7728,0.3713
2012-08-07,0.7115,0.559
2012-08-08,-0.0258,0.0801
2012-08-09,-0.0167,0.0956
2012-08-10,-0.2933,-0.0752
2012-08-13,-0.5023,-0.2605
2012-08-14,0.9365,0.5641
2012-08-15,-0.3956,-0.5412
2012-08-16,0.7124,0.0252
2012-08-17,0.6373,0.307
2012-08-20,-0.1023,-0.4793
2012-08-21,0.7911,0.5692
2012-08-22,-1.0095,-1.4224
2012-08-23,-0.9715,0.0416
2012-08-24,0.3094,0.0
2012-08-27,1.0957,0.0
2012-08-28,-0.6353,-0.0154
2012-08-29,0.1127,-0.5572
2012-08-30,-1.6415,-0.4193
2012-08-31,1.092,-0.1393
2012-09-03,0.6318,0.8217
2012-09-04,-1.1725,-1.5004
2012-09-05,0.4632,-0.2495
2012-09-06,2.9095,2.1118
2012-09-07,0.6581,0.3022
2012-09-10,-0.0111,-0.0276
2012-09-11,1.3365,-0.0174
2012-09-12,0.4572,-0.1745
2012-09-13,-0.4522,0.6544
2012-09-14,1.3927,1.6431
2012-09-17,-0.1139,-0.3724
2012-09-18,-0.7564,-0.4303
2012-09-19,0.5862,0.3463
2012-09-20,-0.0172,-0.5747
2012-09-21,0.8408,-0.0345
2012-09-24,-0.5161,-0.2355
2012-09-25,0.1612,0.3574
2012-09-26,-2.0013,-1.5636
2012-09-27,0.1857,0.1964
2012-09-28,-1.0133,-0.6463
2012-10-01,1.5324,1.365
2012-10-02,-0.2848,-0.189
2012-10-03,0.222,0.2816
2012-10-04,-0.2304,0.0338
2012-10-05,1.2684,0.742
2012-10-08,-1.4418,-0.4987
2012-10-09,-0.7774,-0.5391
2012-10-10,-0.405,-0.5773
2012-10-11,1.0613,0.9182
2012-10-12,-0.6758,-0.6249
2012-10-15,0.3977,0.2121
2012-10-16,1.584,1.1184
2012-10-17,0.2478,0.6877
2012-10-18,0.5772,0.1039
2012-10-19,-0.7609,-0.3532
2012-10-22,-0.7125,-0.2246
2012-10-23,-2.1064,-1.4449
2012-10-24,0.2671,0.1185
2012-10-25,0.1026,0.0047
2012-10-26,0.4392,0.0286
2012-10-29,-0.3967,-0.1999
2012-10-30,1.1278,0.9456
2012-10-31,-0.3263,-1.1487
2012-11-01,1.0335,1.3699
2012-11-02,0.3842,0.1131
2012-11-05,-0.5076,-0.5025
2012-11-06,0.7001,0.7851
2012-11-07,-1.9644,-1.5849
2012-11-08,-0.3853,-0.269
2012-11-09,-0.5754,-0.1103
2012-11-12,0.0734,-0.0418
2012-11-13,0.005,0.3291
2012-11-14,-0.9374,-1.1102
2012-11-15,-0.8237,-0.7735
2012-11-16,-1.3188,-1.2709
2012-11-19,2.4935,2.356
2012-11-20,0.6899,0.182
2012-11-21,0.1634,0.0684
2012-11-22,0.839,0.678
2012-11-23,0.8853,0.4854
2012-11-26,-0.234,-0.5571
2012-11-27,0.5527,0.2245
2012-11-28,0.1511,0.0616
2012-11-29,0.7837,1.1549
2012-11-30,0.0613,-0.0593
2012-12-03,0.4012,0.0753
2012-12-04,-0.0012,-0.0375
2012-12-05,0.2613,0.3926
2012-12-06,1.073,0.1585
2012-12-07,-0.2222,0.2199
2012-12-10,0.1745,0.1222
2012-12-11,0.7812,0.0564
2012-12-12,0.3299,0.3524
2012-12-13,-0.4309,-0.2731
2012-12-14,0.1911,-0.1324
2012-12-17,0.1115,-0.1623
2012-12-18,0.6396,0.4017
2012-12-19,0.1949,0.4328
2012-12-20,0.0469,-0.0545
2012-12-21,-0.4675,-0.308
2012-12-24,0.0,0.2389
2012-12-25,0.0,0.0
2012-12-26,0.0,0.0
2012-12-27,0.2573,0.002
2012-12-28,-0.5681,-0.4859
2012-12-31,0.0,-0.4651
2013-01-01,0.0,0.0
2013-01-02,2.1858,2.1967
2013-01-03,-0.2872,0.3313
2013-01-04,0.2569,0.7028
2013-01-07,-0.5621,-0.4148
2013-01-08,-0.4763,-0.1806
2013-01-09,0.3202,0.7437
2013-01-10,-0.1554,0.0469
2013-01-11,0.0916,0.3289
2013-01-14,0.1813,-0.2241
2013-01-15,-0.6936,0.1547
2013-01-16,0.1983,-0.2179
2013-01-17,0.5764,0.4649
2013-01-18,-0.4296,0.3596
2013-01-21,0.6054,0.4317
2013-01-22,-0.6795,-0.0293
2013-01-23,0.1472,0.2989
2013-01-24,0.5266,1.0854
2013-01-25,1.4176,0.3119
2013-01-28,-0.3178,0.1585
2013-01-29,0.1988,0.7114
2013-01-30,-0.4747,-0.2537
2013-01-31,-0.4514,-0.7311
2013-02-01,0.7374,1.1209
2013-02-04,-2.4914,-1.5818
2013-02-05,0.346,0.575
2013-02-06,-1.0892,0.2002
2013-02-07,0.1276,-1.063
2013-02-08,0.8074,0.5701
2013-02-11,-0.2405,0.2096
2013-02-12,0.3465,0.9769
2013-02-13,0.6749,0.3271
2013-02-14,-1.0464,-0.4993
2013-02-15,-0.4938,0.0142
2013-02-18,0.4638,-0.1591
2013-02-19,1.6218,0.9636
2013-02-20,-0.3038,0.2555
2013-02-21,-1.8803,-1.6235
2013-02-22,1.033,0.7019
2013-02-25,1.4524,0.3105
2013-02-26,-2.2652,-1.3364
2013-02-27,1.0362,0.8841
2013-02-28,0.8581,0.5522
2013-03-01,-0.4332,0.2797
2013-03-04,-0.2138,-0.5169
2013-03-05,2.3224,1.3603
2013-03-06,0.6228,-0.067
2013-03-07,0.2581,0.1792
2013-03-08,0.5882,0.6898
2013-03-11,-0.0273,0.3092
2013-03-12,-0.2276,0.1075
2013-03-13,0.0601,-0.4473
2013-03-14,1.0972,0.7392
2013-03-15,-0.1926,-0.6089
2013-03-18,-0.3997,-0.4889
2013-03-19,-0.7853,-0.257
2013-03-20,0.6817,-0.1338
2013-03-21,-0.868,-0.6863
2013-03-22,-0.2668,0.0659
2013-03-25,-0.5113,-0.2249
2013-03-26,0.1114,0.3291
2013-03-27,-1.1495,-0.1845
2013-03-28,0.0799,0.3785
2013-03-29,0.0,0.0
2013-04-01,0.0,0.0
2013-04-02,1.9058,1.2309
2013-04-03,-0.8701,-1.0843
2013-04-04,-0.7284,-1.1862
2013-04-05,-2.0293,-1.487
2013-04-08,0.0508,0.4346
2013-04-09,-0.328,0.5778
2013-04-10,2.2667,1.1747
2013-04-11,0.781,0.4504
2013-04-12,-1.6116,-0.4948
2013-04-15,-0.415,-0.6389
2013-04-16,-0.3896,-0.6151
2013-04-17,-2.3371,-0.9576
2013-04-18,-0.3905,-0.0086
2013-04-19,-0.1842,0.6874
2013-04-22,0.2433,-0.095
2013-04-23,2.4084,1.9982
2013-04-24,1.3165,0.4002
2013-04-25,0.9515,0.1684
2013-04-26,-0.2311,-0.251
2013-04-29,0.7517,0.4917
2013-04-30,0.5107,-0.432
2013-05-01,0.0,0.3292
2013-05-02,0.6065,0.146
2013-05-03,2.0169,0.9403
2013-05-06,-0.1257,0.0
2013-05-07,0.8592,0.5496
2013-05-08,0.8303,0.3992
2013-05-09,0.1556,0.1407
2013-05-10,0.1941,0.489
2013-05-13,0.0085,0.1023
2013-05-14,0.7225,0.8188
2013-05-15,0.2795,0.112
2013-05-16,0.0891,-0.0859
2013-05-17,0.3361,0.5272
2013-05-20,0.6886,0.4845
2013-05-21,0.1936,0.7141
2013-05-22,0.6927,0.535
2013-05-23,-2.0972,-2.0976
2013-05-24,-0.5587,-0.6339
2013-05-27,0.9389,0.0
2013-05-28,1.1639,1.618
2013-05-29,-1.7014,-1.9941
2013-05-30,0.7631,0.45
2013-05-31,-0.6114,-1.1101
2013-06-03,-0.7551,-0.8806
2013-06-04,0.1226,0.5128
2013-06-05,-1.2028,-2.1235
2013-06-06,-1.188,-1.2961
2013-06-07,1.9246,1.1976
2013-06-10,0.6422,-0.18
2013-06-11,-1.0259,-0.9432
2013-06-12,-0.9631,-0.6408
2013-06-13,-0.588,0.0822
2013-06-14,0.4023,0.0576
2013-06-17,1.0799,0.3524
2013-06-18,0.1677,0.6906
2013-06-19,-0.3941,-0.3983
2013-06-20,-3.2768,-2.9818
2013-06-21,-1.7562,-0.7036
2013-06-24,-1.2426,-1.4236
2013-06-25,1.545,1.2076
2013-06-26,1.6603,1.0418
2013-06-27,0.6266,1.2638
2013-06-28,-0.3946,-0.4474
2013-07-01,0.3103,1.4852
2013-07-02,-0.9162,-0.0609
2013-07-03,-1.0296,-1.175
2013-07-04,2.1073,3.0787
2013-07-05,-2.3556,-0.7187
2013-07-08,2.0822,1.1693
2013-07-09,1.1195,0.9769
2013-07-10,0.1083,-0.1247
2013-07-11,1.1445,0.5911
2013-07-12,0.6615,0.0234
2013-07-15,0.2684,0.629
2013-07-16,-0.41,-0.4519
2013-07-17,0.6544,0.2376
2013-07-18,0.9979,0.9499
2013-07-19,-0.0662,-0.0556
2013-07-22,-0.0061,-0.1131
2013-07-23,-0.202,-0.3885
2013-07-24,0.7803,0.3485
2013-07-25,-0.9563,-0.4906
2013-07-26,-0.6515,-0.5033
2013-07-29,0.1713,0.0833
2013-07-30,0.1452,0.1631
2013-07-31,0.0598,0.7626
2013-08-01,1.6283,0.9201
2013-08-02,-0.0451,-0.5105
2013-08-05,-0.1018,-0.4255
2013-08-06,-1.1746,-0.2322
2013-08-07,-0.4729,-1.4082
2013-08-08,0.7002,0.2837
2013-08-09,0.2403,0.8226
2013-08-12,0.2511,-0.1375
2013-08-13,0.676,0.5719
2013-08-14,0.2657,-0.3707
2013-08-15,-0.7327,-1.5801
2013-08-16,0.1868,0.2568
2013-08-19,-0.3057,-0.5271
2013-08-20,-0.792,-0.1898
2013-08-21,-0.1761,-0.9703
2013-08-22,1.3576,0.8767
2013-08-23,0.2274,0.7016
2013-08-26,0.2158,0.0
2013-08-27,-2.2832,-0.7876
2013-08-28,-1.0271,-0.1694
2013-08-29,0.4493,0.8241
2013-08-30,-1.1154,-1.0816
2013-09-02,1.7366,1.4542
2013-09-03,-0.7661,-0.5807
2013-09-04,0.1859,0.0979
2013-09-05,0.4766,0.8912
2013-09-06,0.4941,0.2279
2013-09-09,0.0079,-0.2534
2013-09-10,2.0567,0.8154
2013-09-11,0.5824,0.0674
2013-09-12,-0.0204,0.0083
2013-09-13,0.1815,-0.0786
2013-09-16,1.2172,0.5933
2013-09-17,-0.1863,-0.7956
2013-09-18,0.4549,-0.1728
2013-09-19,0.673,1.015
2013-09-20,-0.2122,-0.4371
2013-09-23,-0.4661,-0.5921
2013-09-24,0.3394,0.2149
2013-09-25,0.0119,-0.3033
2013-09-26,-0.0177,0.2146
2013-09-27,-0.0299,-0.8062
2013-09-30,-0.7748,-0.7745
2013-10-01,1.1023,-0.0342
2013-10-02,-0.6873,-0.3485
2013-10-03,-0.3651,0.1793
2013-10-04,0.2915,0.075
2013-10-07,-0.364,-0.2572
2013-10-08,-0.4154,-1.1099
2013-10-09,-0.4582,-0.4386
2013-10-10,1.9853,1.4607
2013-10-11,0.4497,0.8817
2013-10-14,-0.0117,0.3154
2013-10-15,0.9243,0.6371
2013-10-16,0.472,0.3433
2013-10-17,-0.3846,0.0695
2013-10-18,0.6028,0.7059
2013-10-21,0.0239,0.4775
2013-10-22,0.9049,0.6231
2013-10-23,-0.3085,-0.3163
2013-10-24,0.6813,0.5798
2013-10-25,0.0569,0.1216
2013-10-28,-0.0789,0.0667
2013-10-29,0.4833,0.7272
2013-10-30,-0.1305,0.0438
2013-10-31,0.2625,-0.6827
2013-11-01,-0.2888,0.0492
2013-11-04,0.3264,0.4288
2013-11-05,-0.3112,-0.2481
2013-11-06,0.3525,-0.0763
2013-11-07,0.4442,-0.6596
2013-11-08,-0.0303,0.1672
2013-11-11,0.3258,0.2974
2013-11-12,-0.3445,-0.0235
2013-11-13,-0.2385,-1.4389
2013-11-14,1.0473,0.5449
2013-11-15,0.208,0.4097
2013-11-18,0.6188,0.4485
2013-11-19,-0.3484,-0.3785
2013-11-20,0.0955,-0.2528
2013-11-21,-0.0651,0.0037
2013-11-22,0.2497,-0.1052
2013-11-25,0.8776,0.3045
2013-11-26,-0.1062,-0.8723
2013-11-27,0.6573,0.1997
2013-11-28,0.3875,0.0752
2013-11-29,0.191,-0.0586
2013-12-02,-0.0355,-0.8306
2013-12-03,-1.8992,-0.9537
2013-12-04,-0.8974,-0.3438
2013-12-05,-0.6091,-0.1788
2013-12-06,0.9627,0.8258
2013-12-09,0.2481,0.1143
2013-12-10,-0.878,-0.5514
2013-12-11,-0.4096,-0.239
2013-12-12,-0.6622,-0.9599
2013-12-13,-0.1169,-0.0821
2013-12-16,1.7443,1.277
2013-12-17,-0.856,-0.5521
2013-12-18,1.0636,0.0908
2013-12-19,1.6771,1.4267
2013-12-20,0.6903,0.3323
2013-12-23,0.943,1.0903
2013-12-24,0.0,0.233
2013-12-25,0.0,0.0
2013-12-26,0.0,0.0
2013-12-27,1.0599,0.847
2013-12-30,-0.3882,-0.2903
2013-12-31,0.0,0.2647
2014-01-01,0.0,0.0
2014-01-02,-1.5925,-0.462
2014-01-03,0.3735,0.1899
2014-01-06,-0.0758,0.0009
2014-01-07,0.8294,0.3673
2014-01-08,-0.0879,-0.4984
2014-01-09,-0.8026,-0.4529
2014-01-10,0.548,0.7263
2014-01-13,0.3898,0.2553
2014-01-14,0.319,0.1437
2014-01-15,2.0261,0.7832
2014-01-16,-0.1654,-0.0651
2014-01-17,0.2598,0.2037
2014-01-20,-0.2777,0.1088
2014-01-21,0.1464,-0.0361
2014-01-22,-0.1029,-0.116
2014-01-23,-0.9163,-0.7771
2014-01-24,-2.4818,-1.6172
2014-01-27,-0.4557,-1.6969
2014-01-28,0.6171,0.3308
2014-01-29,-0.746,-0.4268
2014-01-30,0.3936,-0.0891
2014-01-31,-0.7148,-0.4284
2014-02-03,-1.289,-0.6878
2014-02-04,-0.638,-0.2535
2014-02-05,-0.127,0.1337
2014-02-06,1.5386,1.5545
2014-02-07,0.4898,0.2043
2014-02-10,-0.1297,0.3024
2014-02-11,2.0335,1.2305
2014-02-12,0.646,0.0355
2014-02-13,0.5951,-0.2339
2014-02-14,0.6839,0.0631
2014-02-17,-0.0584,1.0862
2014-02-18,0.0313,0.8971
2014-02-19,0.0028,0.0041
2014-02-20,-0.4265,0.2395
2014-02-21,0.3961,0.368
2014-02-24,0.5384,0.4065
2014-02-25,-0.0988,-0.515
2014-02-26,-0.3879,-0.459
2014-02-27,-0.7597,0.1635
2014-02-28,1.082,-0.0084
2014-03-03,-3.4378,-1.4883
2014-03-04,2.4603,1.7205
2014-03-05,-0.4915,-0.7086
2014-03-06,0.0089,0.1929
2014-03-07,-2.0132,-1.1169
2014-03-10,-0.9117,-0.3459
2014-03-11,0.4564,-0.0587
2014-03-12,-1.2796,-0.9666
2014-03-13,-1.8599,-1.0138
2014-03-14,0.4283,-0.395
2014-03-17,1.3745,0.6198
2014-03-18,0.6716,0.5622
2014-03-19,0.3733,-0.4867
2014-03-20,0.2056,-0.4669
2014-03-21,0.5037,0.2251
2014-03-24,-1.6501,-0.5609
2014-03-25,1.6284,1.2959
2014-03-26,1.1799,0.0062
2014-03-27,0.0278,-0.2571
2014-03-28,1.4388,0.4138
2014-03-31,-0.3263,-0.2601
2014-04-01,0.5002,0.822
2014-04-02,0.2046,0.0967
2014-04-03,0.0567,-0.1487
2014-04-04,0.6953,0.698
2014-04-07,-1.9072,-1.0859
2014-04-08,-0.2109,-0.4854
2014-04-09,0.1639,0.6816
2014-04-10,-0.545,0.0958
2014-04-11,-1.4728,-1.2085
2014-04-14,0.2564,0.3362
2014-04-15,-1.7717,-0.6402
2014-04-16,1.5709,0.6506
2014-04-17,0.9862,0.6239
2014-04-18,0.0,0.0
2014-04-21,0.0,0.0
2014-04-22,2.0232,0.8529
2014-04-23,-0.5823,-0.1051
2014-04-24,0.047,0.4234
2014-04-25,-1.5408,-0.2582
2014-04-28,0.4766,0.2164
2014-04-29,1.4583,1.041
2014-04-30,0.1994,0.1495
2014-05-01,0.0,0.4254
2014-05-02,-0.4916,0.199
2014-05-05,-0.2775,0.0
2014-05-06,-0.6503,-0.3497
2014-05-07,0.5679,-0.0312
2014-05-08,0.9043,0.6299
2014-05-09,-0.2701,-0.3609
2014-05-12,1.263,0.5456
2014-05-13,0.5356,0.3113
2014-05-14,-0.0004,0.0787
2014-05-15,-1.0082,-0.5466
2014-05-16,-0.2791,0.2181
2014-05-19,0.3146,-0.1642
2014-05-20,-0.2103,-0.6217
2014-05-21,0.6099,0.2799
2014-05-22,0.2376,-0.007
2014-05-23,0.4845,-0.0705
2014-05-26,1.2777,0.0
2014-05-27,0.4852,0.4283
2014-05-28,-0.0166,0.0917
2014-05-29,-0.0027,0.2929
2014-05-30,0.044,-0.3897
2014-06-02,0.0689,0.2862
2014-06-03,-0.3053,-0.405
2014-06-04,0.0699,-0.2585
2014-06-05,0.2132,-0.0754
2014-06-06,0.3957,0.6563
2014-06-09,0.2147,0.2448
2014-06-10,0.2015,-0.0211
2014-06-11,-0.7876,-0.5045
2014-06-12,-0.1117,0.062
2014-06-13,-0.2599,-0.9537
2014-06-16,-0.2914,-0.3424
2014-06-17,0.3677,0.1796
2014-06-18,0.1009,0.1742
2014-06-19,0.7419,0.4359
2014-06-20,-0.1675,0.251
2014-06-23,-0.664,-0.361
2014-06-24,0.173,-0.1984
2014-06-25,-0.7077,-0.7875
2014-06-26,-0.6369,0.0223
2014-06-27,0.1047,0.3363
2014-06-30,0.1824,-0.2047
2014-07-01,0.7052,0.8746
2014-07-02,0.0895,0.1977
2014-07-03,1.1922,0.7165
2014-07-04,-0.2029,0.0122
2014-07-07,-1.0292,-0.6196
2014-07-08,-1.3466,-1.2466
2014-07-09,0.3636,-0.3029
2014-07-10,-1.5199,-0.6798
2014-07-11,0.0746,0.2668
2014-07-14,1.207,0.8366
2014-07-15,-0.6501,-0.529
2014-07-16,1.439,1.106
2014-07-17,-1.0689,-0.6832
2014-07-18,-0.3471,0.1652
2014-07-21,-1.1108,-0.3113
2014-07-22,1.2722,0.9943
2014-07-23,0.1975,0.0414
2014-07-24,0.4152,0.3429
2014-07-25,-1.5321,-0.4385
2014-07-28,-0.4753,-0.0512
2014-07-29,0.5778,0.2899
2014-07-30,-0.621,-0.504
2014-07-31,-1.9409,-0.6397
2014-08-01,-2.0983,-0.7567
2014-08-04,-0.6074,-0.0249
2014-08-05,0.3889,0.0743
2014-08-06,-0.6496,-0.6932
2014-08-07,-0.9975,-0.5845
2014-08-08,-0.328,-0.4549
2014-08-11,1.9027,0.9967
2014-08-12,-1.212,-0.006
2014-08-13,1.4269,0.3658
2014-08-14,0.285,0.4293
2014-08-15,-1.4363,0.0571
2014-08-18,1.6797,0.7799
2014-08-19,0.9621,0.5646
2014-08-20,-0.2112,-0.3515
2014-08-21,0.9336,0.3283
2014-08-22,-0.6633,-0.0356
2014-08-25,1.8307,0.0
2014-08-26,0.8203,0.7012
2014-08-27,-0.1923,0.1158
2014-08-28,-1.1197,-0.3639
2014-08-29,0.0804,0.205
2014-09-01,0.0936,0.0815
2014-09-02,0.2953,0.0566
2014-09-03,1.2567,0.6503
2014-09-04,1.0156,0.0639
2014-09-05,0.2341,-0.3325
2014-09-08,0.113,-0.2966
2014-09-09,-0.485,-0.0844
2014-09-10,-0.1084,0.0163
2014-09-11,-0.0916,-0.4464
2014-09-12,-0.4143,0.1079
2014-09-15,0.0881,-0.0404
2014-09-16,-0.2764,-0.1759
2014-09-17,0.2966,-0.167
2014-09-18,1.4142,0.5661
2014-09-19,0.0115,0.2732
2014-09-22,-0.5074,-0.9402
2014-09-23,-1.5848,-1.4401
2014-09-24,0.6977,0.4522
2014-09-25,-1.5728,-0.9925
2014-09-26,-0.2046,0.1458
2014-09-29,-0.7127,-0.042
2014-09-30,0.5454,-0.3593
2014-10-01,-0.9739,-0.9845
2014-10-02,-1.9862,-1.6947
2014-10-03,0.0,1.2646
2014-10-06,0.1504,0.5475
2014-10-07,-1.3388,-1.0371
2014-10-08,-1.0002,-0.2054
2014-10-09,0.1077,-0.7774
2014-10-10,-2.401,-1.4285
2014-10-13,0.2688,0.4144
2014-10-14,0.145,0.4153
2014-10-15,-2.8697,-2.832
2014-10-16,0.1277,-0.2532
2014-10-17,3.1151,1.8461
2014-10-20,-1.4972,-0.6849
2014-10-21,1.9409,1.6796
2014-10-22,0.5984,0.43
2014-10-23,1.1988,0.3035
2014-10-24,-0.6578,-0.4739
2014-10-27,-0.9478,-0.3955
2014-10-28,1.8599,0.6083
2014-10-29,0.1612,0.8075
2014-10-30,0.3526,0.15
2014-10-31,2.3262,1.2829
2014-11-03,-0.806,-0.8936
2014-11-04,-0.9212,-0.524
2014-11-05,1.6256,1.3197
2014-11-06,0.6648,0.1837
2014-11-07,-0.9126,0.2456
2014-11-10,0.6462,0.6701
2014-11-11,0.1835,0.2443
2014-11-12,-1.6872,-0.2469
2014-11-13,0.4077,0.3692
2014-11-14,0.0479,0.2851
2014-11-17,0.5772,0.2645
2014-11-18,1.6137,0.557
2014-11-19,0.1721,-0.1868
2014-11-20,0.1179,-0.2643
2014-11-21,2.6211,1.0759
2014-11-24,0.5445,-0.3106
2014-11-25,0.7733,0.0201
2014-11-26,0.5511,-0.0293
2014-11-27,0.5982,-0.0854
2014-11-28,0.06,-0.0119
2014-12-01,-0.1737,-0.9855
2014-12-02,-0.2954,1.2879
2014-12-03,0.3796,-0.3778
2014-12-04,-1.2078,-0.5547
2014-12-05,2.3933,0.9502
2014-12-08,-0.7151,-1.0484
2014-12-09,-2.2095,-2.1384
2014-12-10,0.0615,-0.4507
2014-12-11,0.6408,-0.5898
2014-12-12,-2.7153,-2.4927
2014-12-15,-2.7173,-1.8714
2014-12-16,2.4628,2.4117
2014-12-17,-0.2035,0.0734
2014-12-18,2.7936,2.044
2014-12-19,-0.2456,1.226
2014-12-22,0.8052,0.4808
2014-12-23,0.5712,0.326
2014-12-24,0.0,0.1781
2014-12-25,0.0,0.0
2014-12-26,0.0,0.0
2014-12-29,0.0506,0.3567
2014-12-30,-1.2247,-1.3041
2014-12-31,0.0,0.2916
2015-01-01,0.0,0.0
2015-01-02,-0.4163,-0.2786
2015-01-05,-2.986,-1.9952
2015-01-06,-0.0369,-0.7893
2015-01-07,0.5124,0.8375
2015-01-08,3.356,2.3385
2015-01-09,-1.9223,-1.0475
2015-01-12,1.3826,0.0043
2015-01-13,1.6265,0.6272
2015-01-14,-1.2466,-2.35
2015-01-15,2.1955,1.7269
2015-01-16,1.3472,0.7923
2015-01-19,0.7335,0.5383
2015-01-20,0.1443,0.5249
2015-01-21,0.4104,1.6305
2015-01-22,1.3243,1.0195
2015-01-23,2.0503,0.5326
2015-01-26,1.3968,0.2864
2015-01-27,-1.572,-0.5953
2015-01-28,0.7752,0.2104
2015-01-29,0.2511,-0.2247
2015-01-30,-0.4056,-0.8986
2015-02-02,1.2501,0.4912
2015-02-03,0.5813,1.3159
2015-02-04,0.187,-0.1714
2015-02-05,-0.0542,0.0862
2015-02-06,-0.5412,-0.1819
2015-02-09,-1.6861,-0.2377
2015-02-10,0.847,-0.1174
2015-02-11,-0.016,-0.1603
2015-02-12,1.5582,0.1458
2015-02-13,0.4007,0.665
2015-02-16,-0.3664,-0.2396
2015-02-17,-0.2528,0.5991
2015-02-18,0.6001,-0.0007
2015-02-19,0.3735,-0.1331
2015-02-20,0.4426,0.3818
2015-02-23,0.7265,-0.044
2015-02-24,0.6722,0.5421
2015-02-25,0.0404,-0.205
2015-02-26,1.043,0.2069
2015-02-27,0.6574,-0.0442
2015-03-02,0.0763,-0.0867
2015-03-03,-1.1393,-0.7422
2015-03-04,0.9753,0.4371
2015-03-05,0.9976,0.6056
2015-03-06,0.4082,-0.7088
2015-03-09,0.2696,-0.5112
2015-03-10,-0.7057,-2.525
2015-03-11,2.6574,0.2785
2015-03-12,-0.0559,0.5886
2015-03-13,0.8663,-0.3031
2015-03-16,2.2359,0.9421
2015-03-17,-1.5358,0.4928
2015-03-18,-0.4848,1.5735
2015-03-19,-0.196,0.2465
2015-03-20,1.1763,0.8645
2015-03-23,-1.1922,0.2159
2015-03-24,0.9234,-0.2556
2015-03-25,-1.1692,-0.409
2015-03-26,-0.1824,-1.3681
2015-03-27,0.2081,-0.5846
2015-03-30,1.8341,0.5311
2015-03-31,-0.9916,-1.7179
2015-04-01,0.2942,0.5383
2015-04-02,-0.2832,0.3519
2015-04-03,0.0,0.0
2015-04-06,0.0,0.0
2015-04-07,1.3046,1.8777
2015-04-08,-0.7231,-0.3499
2015-04-09,1.0849,1.1236
2015-04-10,1.712,1.0607
2015-04-13,-0.2909,-0.3593
2015-04-14,-0.9007,0.1551
2015-04-15,0.0306,0.3042
2015-04-16,-1.9007,-0.5119
2015-04-17,-2.5849,-0.9322
2015-04-20,1.7385,0.8221
2015-04-21,0.4009,0.1531
2015-04-22,-0.6048,-0.4912
2015-04-23,-1.2116,0.3618
2015-04-24,0.7444,0.2414
2015-04-27,1.9331,0.4707
2015-04-28,-1.8897,-1.0339
2015-04-29,-3.2082,-1.1983
2015-04-30,0.1895,0.2066
2015-05-01,0.0,0.3638
2015-05-04,1.4446,0.0
2015-05-05,-2.5144,-0.8355
2015-05-06,0.1984,0.0889
2015-05-07,0.5094,-0.6748
2015-05-08,2.6452,2.3213
2015-05-11,-0.3107,-0.2408
2015-05-12,-1.7214,-1.3663
2015-05-13,-1.0543,0.2283
2015-05-14,1.8355,0.3369
2015-05-15,-0.9757,-0.18
2015-05-18,1.2864,0.1204
2015-05-19,2.2343,0.3764
2015-05-20,-0.041,0.1738
2015-05-21,0.1361,0.0886
2015-05-22,-0.4179,0.2602
2015-05-25,0.0,0.0
2015-05-26,-1.6071,-1.1765
2015-05-27,1.2559,1.2137
2015-05-28,-0.7948,0.1079
2015-05-29,-2.2586,-0.8023
2015-06-01,0.1948,-0.4417
2015-06-02,-0.9378,-0.364
2015-06-03,0.8017,0.3203
2015-06-04,-0.692,-1.3124
2015-06-05,-1.2649,-0.7966
2015-06-08,-1.1809,-0.214
2015-06-09,-0.5751,-0.5337
2015-06-10,2.4006,1.1323
2015-06-11,0.5982,0.2411
2015-06-12,-1.2026,-0.9029
2015-06-15,-1.8892,-1.0965
2015-06-16,0.5375,-0.0063
2015-06-17,-0.5976,-0.4404
2015-06-18,1.114,0.4091
2015-06-19,-0.5423,0.0383
2015-06-22,3.8079,1.717
2015-06-23,0.7159,0.1348
2015-06-24,-0.6175,0.1453
2015-06-25,0.0163,-0.5403
2015-06-26,0.1682,-0.795
2015-06-29,-3.5609,-1.9725
2015-06-30,-1.2472,-1.5029
2015-07-01,2.1519,1.3435
2015-07-02,-0.7258,0.3311
2015-07-03,-0.369,-0.674
2015-07-06,-1.517,-0.7607
2015-07-07,-1.9636,-1.5832
2015-07-08,0.6605,0.9093
2015-07-09,2.3179,1.4009
2015-07-10,2.9029,1.394
2015-07-13,1.4913,0.9676
2015-07-14,0.2832,0.2345
2015-07-15,0.1976,0.0
2015-07-16,1.5347,0.6322
2015-07-17,-0.3699,-0.3144
2015-07-20,0.5337,0.2009
2015-07-21,-1.1156,-0.289
2015-07-22,-0.725,-1.5029
2015-07-23,-0.0743,-0.1849
2015-07-24,-1.4303,-1.13
2015-07-27,-2.5649,-1.135
2015-07-28,1.0628,0.7709
2015-07-29,0.3395,1.1551
2015-07-30,0.404,0.5711
2015-07-31,0.4605,0.411
2015-08-03,1.1914,-0.1144
2015-08-04,0.1079,-0.0306
2015-08-05,1.5732,0.9847
2015-08-06,-0.44,-0.0788
2015-08-07,-0.8137,-0.4239
2015-08-10,0.9917,0.2639
2015-08-11,-2.6811,-1.0641
2015-08-12,-3.2677,-1.4007
2015-08-13,0.824,-0.0435
2015-08-14,-0.2677,-0.2678
2015-08-17,-0.4079,-0.0067
2015-08-18,-0.2231,-0.3665
2015-08-19,-2.1416,-1.8822
2015-08-20,-2.34,-0.5553
2015-08-21,-2.9492,-2.8305
2015-08-24,-4.7023,-4.667
2015-08-25,4.9717,3.0933
2015-08-26,-1.2904,-1.6796
2015-08-27,3.1827,3.5595
2015-08-28,-0.1657,0.9029
2015-08-31,-0.3794,0.0
2015-09-01,-2.3772,-3.0314
2015-09-02,0.3243,0.4088
2015-09-03,2.685,1.8212
2015-09-04,-2.7118,-2.4407
2015-09-07,0.703,0.5229
2015-09-08,1.61,1.1784
2015-09-09,0.3092,1.349
2015-09-10,-0.8995,-1.1751
2015-09-11,-0.8509,-0.6181
2015-09-14,0.0808,-0.5422
2015-09-15,0.5566,0.8712
2015-09-16,0.3836,1.4926
2015-09-17,0.0232,-0.6778
2015-09-18,-3.0639,-1.3396
2015-09-21,0.3262,0.0754
2015-09-22,-3.7981,-2.8299
2015-09-23,0.4384,1.624
2015-09-24,-1.9243,-1.1729
2015-09-25,2.7673,2.4745
2015-09-28,-2.1157,-2.4578
2015-09-29,-0.3496,-0.8327
2015-09-30,2.2226,2.5785
2015-10-01,-1.565,0.1792
2015-10-02,0.4608,0.9471
2015-10-05,2.7396,2.756
2015-10-06,0.897,0.4325
2015-10-07,0.6823,0.1611
2015-10-08,0.2274,0.6071
2015-10-09,1.036,0.6485
2015-10-12,0.2301,-0.701
2015-10-13,-0.8598,-0.4536
2015-10-14,-1.1659,-1.1458
2015-10-15,1.5021,1.1015
2015-10-16,0.3937,0.6211
2015-10-19,0.5926,-0.4031
2015-10-20,-0.1636,-0.1133
2015-10-21,0.891,0.0519
2015-10-22,2.4797,0.4388
2015-10-23,2.8838,1.0633
2015-10-26,0.063,-0.4199
2015-10-27,-1.0105,-0.8064
2015-10-28,1.3072,1.1395
2015-10-29,-0.2873,-0.6524
2015-10-30,0.4564,-0.5427
2015-11-02,0.9265,0.0112
2015-11-03,0.0044,0.3428
2015-11-04,-0.9671,0.4585
2015-11-05,0.3919,-0.7482
2015-11-06,0.9211,-0.1739
2015-11-09,-1.5706,-0.9234
2015-11-10,0.1578,-0.3158
2015-11-11,0.6956,0.3493
2015-11-12,-1.1482,-1.8821
2015-11-13,-0.6884,-0.9776
2015-11-16,0.0451,0.4593
2015-11-17,2.4065,1.9911
2015-11-18,-0.1011,0.1629
2015-11-19,1.145,0.8116
2015-11-20,0.3102,0.0743
2015-11-23,-0.2475,-0.46
2015-11-24,-1.4273,-0.4482
2015-11-25,2.1543,0.9624
2015-11-26,1.354,0.8756
2015-11-27,-0.2386,-0.2812
2015-11-30,0.7834,-0.299
2015-12-01,-1.063,0.6224
2015-12-02,-0.6324,0.3953
2015-12-03,-3.5816,-2.2727
2015-12-04,-0.3442,-0.585
2015-12-07,1.2462,-0.2368
2015-12-08,-1.9519,-1.4188
2015-12-09,-0.7599,-0.1392
2015-12-10,0.0608,-0.6305
2015-12-11,-2.4424,-2.2219
2015-12-14,-1.9412,-1.3224
2015-12-15,3.0677,2.4469
2015-12-16,0.1807,0.7212
2015-12-17,2.5681,0.6822
2015-12-18,-1.21,-0.8213
2015-12-21,-1.0409,-0.2905
2015-12-22,-0.0859,0.7997
2015-12-23,2.2776,2.5954
2015-12-24,0.0,0.2189
2015-12-25,0.0,0.0
2015-12-28,-0.6873,0.0
2015-12-29,1.9357,0.9582
2015-12-30,-1.0785,-0.6417
2015-12-31,0.0,-0.5057
2016-01-01,0.0,0.0
2016-01-04,-4.2779,-2.3852
2016-01-05,0.2593,0.719
2016-01-06,-0.9319,-1.0405
2016-01-07,-2.2926,-1.9643
2016-01-08,-1.3077,-0.6994
2016-01-11,-0.2464,-0.6869
2016-01-12,1.6322,0.9777
2016-01-13,-0.2451,0.5351
2016-01-14,-1.6741,-0.717
2016-01-15,-2.5416,-1.9284
2016-01-18,-0.2454,-0.4166
2016-01-19,1.4951,1.6761
2016-01-20,-2.8204,-3.458
2016-01-21,1.9434,1.7663
2016-01-22,1.992,2.1861
2016-01-25,-0.2942,-0.39
2016-01-26,0.8895,0.5864
2016-01-27,0.5912,1.3349
2016-01-28,-2.4414,-0.9781
2016-01-29,1.6445,2.5626
2016-02-01,-0.4106,-0.3894
2016-02-02,-1.8123,-2.2787
2016-02-03,-1.5261,-1.4331
2016-02-04,-0.4394,1.0557
2016-02-05,-1.1405,-0.8595
2016-02-08,-3.3046,-2.7137
2016-02-09,-1.1132,-1.0049
2016-02-10,1.5529,0.7122
2016-02-11,-2.9324,-2.3858
2016-02-12,2.4522,3.0816
2016-02-15,2.6689,2.0443
2016-02-16,-0.7791,0.6506
2016-02-17,2.6502,2.8684
2016-02-18,0.9217,-0.9679
2016-02-19,-0.7987,-0.3637
2016-02-22,1.9763,1.4705
2016-02-23,-1.638,-1.2491
2016-02-24,-2.6439,-1.5955
2016-02-25,1.7854,2.4821
2016-02-26,1.9485,1.3837
2016-02-29,-0.1882,0.0177
2016-03-01,2.3354,0.915
2016-03-02,0.6119,-0.0946
2016-03-03,-0.2526,-0.27
2016-03-04,0.7409,1.125
2016-03-07,-0.4605,-0.2747
2016-03-08,-0.8806,-0.9213
2016-03-09,0.3123,0.3409
2016-03-10,-2.3135,-1.7835
2016-03-11,3.5057,1.7077
2016-03-14,1.6186,0.5665
2016-03-15,-0.5646,-0.5604
2016-03-16,0.4989,0.5785
2016-03-17,-0.9136,0.415
2016-03-18,0.5924,-0.1851
2016-03-21,-0.0217,-0.0817
2016-03-22,0.4157,0.1319
2016-03-23,0.3296,0.1029
2016-03-24,-1.7119,-1.4942
2016-03-25,0.0,0.0
2016-03-28,0.0,0.0
2016-03-29,0.3714,-0.0095
2016-03-30,1.6047,1.593
2016-03-31,-0.8072,-0.4557
2016-04-01,-1.7146,-0.4672
2016-04-04,0.2802,0.3038
2016-04-05,-2.6341,-1.1921
2016-04-06,0.6394,1.1558
2016-04-07,-0.9755,-0.4015
2016-04-08,0.9615,1.1002
2016-04-11,0.6311,-0.0691
2016-04-12,0.8105,0.6818
2016-04-13,2.711,1.9304
2016-04-14,0.6737,0.0347
2016-04-15,-0.4169,-0.3354
2016-04-18,0.6839,0.154
2016-04-19,2.2655,0.8158
2016-04-20,0.6928,0.0767
2016-04-21,0.1386,-0.4496
2016-04-22,-0.5964,-1.1126
2016-04-25,-0.7629,-0.7847
2016-04-26,-0.3377,0.3769
2016-04-27,0.3922,0.5631
2016-04-28,0.207,0.0394
2016-04-29,-2.734,-1.2734
2016-05-02,0.8397,0.0
2016-05-03,-1.9411,-0.902
2016-05-04,-0.9925,-1.1894
2016-05-05,0.2402,0.0856
2016-05-06,0.1836,0.1381
2016-05-09,1.12,-0.1778
2016-05-10,0.6508,0.6842
2016-05-11,-0.698,0.0949
2016-05-12,-1.1348,-0.946
2016-05-13,0.9205,0.5621
2016-05-16,0.0,0.2101
2016-05-17,-0.6301,0.2661
2016-05-18,0.5363,-0.0319
2016-05-19,-1.4818,-1.8238
2016-05-20,1.2263,1.701
2016-05-23,-0.7435,-0.3231
2016-05-24,2.1847,1.3498
2016-05-25,1.4706,0.7009
2016-05-26,0.6614,0.0447
2016-05-27,0.1324,0.082
2016-05-30,0.4561,0.0
2016-05-31,-0.6822,-0.6379
2016-06-01,-0.5681,-0.6237
2016-06-02,0.0349,-0.1021
2016-06-03,-1.0261,0.3883
2016-06-06,0.1764,1.027
2016-06-07,1.6461,0.1774
2016-06-08,-0.6867,0.2703
2016-06-09,-1.2544,-1.105
2016-06-10,-2.5201,-1.8635
2016-06-13,-1.8016,-1.1575
2016-06-14,-1.4314,-2.0089
2016-06-15,0.9193,0.7305
2016-06-16,-0.5854,-0.2735
2016-06-17,0.847,1.1866
2016-06-20,3.4332,3.0378
2016-06-21,0.5372,0.3635
2016-06-22,0.5543,0.5563
2016-06-23,1.8466,1.2284
2016-06-24,-6.8233,-3.1462
2016-06-27,-3.0187,-2.5492
2016-06-28,1.9271,2.6443
2016-06-29,1.7464,3.5775
2016-06-30,0.7056,2.2684
2016-07-01,0.992,1.13
2016-07-04,-0.6857,-0.8448
2016-07-05,-1.8177,0.3543
2016-07-06,-1.6716,-1.2494
2016-07-07,0.4856,1.0861
2016-07-08,2.2389,0.8701
2016-07-11,2.1159,1.3993
2016-07-12,1.3287,-0.0325
2016-07-13,-0.3348,-0.154
2016-07-14,1.3855,-0.2388
2016-07-15,-0.0139,0.222
2016-07-18,-0.0374,0.3925
2016-07-19,-0.8138,0.0291
2016-07-20,1.6107,0.4721
2016-07-21,0.14,-0.4325
2016-07-22,-0.0862,0.4566
2016-07-25,0.5004,-0.3024
2016-07-26,0.4856,0.2071
2016-07-27,0.7005,0.3926
2016-07-28,-0.4324,-0.4351
2016-07-29,0.609,0.0501
2016-08-01,-0.0675,-0.4533
2016-08-02,-1.8022,-0.7253
2016-08-03,0.255,-0.1655
2016-08-04,0.5669,1.5941
2016-08-05,1.3625,0.7909
2016-08-08,0.6284,0.2305
2016-08-09,2.4974,0.6193
2016-08-10,-0.3929,0.2207
2016-08-11,0.8633,0.7033
2016-08-12,-0.2738,0.0189
2016-08-15,0.2406,0.3639
2016-08-16,-0.5825,-0.681
2016-08-17,-1.3017,-0.5044
2016-08-18,0.6203,0.143
2016-08-19,-0.5533,-0.1457
2016-08-22,-0.4743,-0.4434
2016-08-23,0.9389,0.5853
2016-08-24,0.2841,-0.4765
2016-08-25,-0.879,-0.2762
2016-08-26,0.5525,0.3103
2016-08-29,-0.4092,0.0
2016-08-30,1.0736,-0.2524
2016-08-31,-0.6094,-0.5759
2016-09-01,-0.5511,-0.5241
2016-09-02,1.4193,2.2032
2016-09-05,-0.1086,-0.2202
2016-09-06,0.1398,-0.7758
2016-09-07,0.6161,0.3008
2016-09-08,-0.7225,0.177
2016-09-09,-0.9541,-1.1919
2016-09-12,-1.3399,-1.1222
2016-09-13,-0.433,-0.5263
2016-09-14,-0.0789,0.1152
2016-09-15,0.5087,0.854
2016-09-16,-1.4862,-0.2975
2016-09-19,0.9507,1.539
2016-09-20,0.1927,0.253
2016-09-21,0.4101,0.0583
2016-09-22,2.2775,1.1212
2016-09-23,-0.4423,-0.0285
2016-09-26,-2.195,-1.3227
2016-09-27,-0.3101,-0.1521
2016-09-28,0.7418,0.6127
2016-09-29,-0.3142,1.0226
2016-09-30,1.0137,-0.2903
2016-10-03,0.0,1.2203
2016-10-04,1.0331,1.3005
2016-10-05,-0.3186,-0.5808
2016-10-06,-0.1604,-0.4733
2016-10-07,-0.7375,0.6347
2016-10-10,1.2699,0.7539
2016-10-11,-0.4416,-0.3751
2016-10-12,-0.5114,-0.6629
2016-10-13,-1.0358,-0.6587
2016-10-14,1.597,0.5132
2016-10-17,-0.726,-0.941
2016-10-18,1.2184,0.7558
2016-10-19,0.1329,0.3123
2016-10-20,0.5233,0.0709
2016-10-21,0.0873,-0.0915
2016-10-24,0.4709,-0.4853
2016-10-25,-0.0359,0.4472
2016-10-26,-0.4428,-0.8486
2016-10-27,0.0691,0.4093
2016-10-28,-0.1949,0.1387
2016-10-31,-0.2915,-0.6009
2016-11-01,-1.3019,-0.5332
2016-11-02,-1.4747,-1.0368
2016-11-03,-0.4344,-0.8021
2016-11-04,-0.6464,-1.4321
2016-11-07,1.9282,1.6978
2016-11-08,0.2426,0.5323
2016-11-09,1.5616,1.0041
2016-11-10,-0.1493,-1.2133
2016-11-11,0.3559,-1.4287
2016-11-14,0.2413,0.338
2016-11-15,0.3876,0.5858
2016-11-16,-0.6639,-0.6333
2016-11-17,0.2032,0.6665
2016-11-18,-0.1963,-0.2787
2016-11-21,0.1929,0.0323
2016-11-22,0.2688,0.6161
2016-11-23,-0.4798,-0.0295
2016-11-24,0.2515,0.1685
2016-11-25,0.0936,0.1691
2016-11-28,-1.0898,-0.6034
2016-11-29,0.3574,-0.404
2016-11-30,0.1865,0.1741
2016-12-01,-0.9986,-0.4549
2016-12-02,-0.1965,-0.3289
2016-12-05,1.6311,0.2394
2016-12-06,0.8469,0.4893
2016-12-07,1.9616,1.8052
2016-12-08,1.7542,0.4248
2016-12-09,0.2166,0.3269
2016-12-12,-0.1198,-0.9173
2016-12-13,0.844,1.1342
2016-12-14,-0.3528,-0.2781
2016-12-15,1.081,0.7169
2016-12-16,0.3309,0.1805
2016-12-19,0.199,0.0787
2016-12-20,0.3329,0.3819
2016-12-21,0.034,-0.0361
2016-12-22,-0.1093,0.3161
2016-12-23,-0.0539,0.0636
2016-12-26,0.0,0.0
2016-12-27,0.1948,0.0
2016-12-28,0.024,0.5363
2016-12-29,-0.2086,0.1995
2016-12-30,0.2621,0.317
2017-01-02,1.0214,0.0
2017-01-03,-0.1215,0.4908
2017-01-04,0.0006,0.1651
2017-01-05,0.0054,0.0775
2017-01-06,0.1215,0.2049
2017-01-09,-0.3019,0.3845
2017-01-10,0.167,0.5209
2017-01-11,0.5428,0.2064
2017-01-12,-1.0744,0.0258
2017-01-13,0.9386,0.6231
2017-01-16,-0.6404,-0.1455
2017-01-17,-0.1273,-1.4569
2017-01-18,0.5146,0.3771
2017-01-19,-0.0216,-0.5405
2017-01-20,0.2866,-0.1387
2017-01-23,-0.7255,-0.6565
2017-01-24,0.426,-0.0117
2017-01-25,1.8207,0.1971
2017-01-26,0.3607,-0.041
2017-01-27,-0.29,0.3212
2017-01-30,-1.1205,-0.9188
2017-01-31,-1.2548,-0.2715
2017-02-01,1.0766,0.1197
2017-02-02,-0.2706,0.4657
2017-02-03,0.2024,0.6659
2017-02-06,-1.2157,-0.2247
2017-02-07,0.3441,0.1962
2017-02-08,-0.0525,0.0362
2017-02-09,0.8618,0.5659
2017-02-10,0.2071,0.4046
2017-02-13,0.9211,0.2779
2017-02-14,-0.0223,-0.1423
2017-02-15,0.1879,0.4657
2017-02-16,-0.3111,-0.3354
2017-02-17,-0.0019,0.3028
2017-02-20,0.6005,-0.0014
2017-02-21,1.1826,-0.3429
2017-02-22,0.2599,0.3769
2017-02-23,-0.423,-0.4229
2017-02-24,-1.2036,-0.3805
2017-02-27,0.1579,0.1284
2017-02-28,0.0993,0.1439
2017-03-01,1.967,1.6447
2017-03-02,-0.0631,-0.0074
2017-03-03,-0.2671,-0.1096
2017-03-06,-0.5734,-0.3274
2017-03-07,0.0647,-0.1514
2017-03-08,0.0098,-0.0597
2017-03-09,0.0926,-0.2679
2017-03-10,-0.127,0.3844
2017-03-13,0.2244,0.3268
2017-03-14,-0.0103,-0.1253
2017-03-15,0.1758,0.1466
2017-03-16,0.6104,0.642
2017-03-17,0.0998,0.1215
2017-03-20,-0.3501,0.0653
2017-03-21,-0.7531,-0.6927
2017-03-22,-0.4849,-0.7267
2017-03-23,1.1388,0.2183
2017-03-24,0.2042,-0.053
2017-03-27,-0.5653,-0.5904
2017-03-28,1.2783,0.6844
2017-03-29,0.441,0.4126
2017-03-30,0.4378,-0.057
2017-03-31,0.4605,-0.6323
2017-04-03,-0.4521,-0.5494
2017-04-04,0.2051,0.5373
2017-04-05,-0.5276,0.1347
2017-04-06,0.1093,-0.3885
2017-04-07,-0.0477,0.6322
2017-04-10,-0.2007,-0.0059
2017-04-11,-0.5014,0.2253
2017-04-12,0.1264,-0.2242
2017-04-13,-0.376,-0.2912
2017-04-14,0.0,0.0
2017-04-17,0.0,0.0
2017-04-18,-0.8965,-2.4577
2017-04-19,0.1334,-0.4637
2017-04-20,0.0905,0.0588
2017-04-21,0.1767,-0.0561
2017-04-24,3.3731,2.1102
2017-04-25,0.0968,0.1509
2017-04-26,0.0462,0.1798
2017-04-27,-0.2326,-0.7073
2017-04-28,-0.0464,-0.4592
2017-05-01,0.0,0.0
2017-05-02,0.5619,0.6401
2017-05-03,0.1594,-0.2141
2017-05-04,0.9574,0.1876
2017-05-05,0.5464,0.6806
2017-05-08,-0.1757,0.047
2017-05-09,0.4299,0.5664
2017-05-10,0.0654,0.5861
2017-05-11,-0.3637,0.0188
2017-05-12,0.4669,0.6601
2017-05-15,0.2868,0.2553
2017-05-16,-0.0196,0.9077
2017-05-17,-1.3505,-0.2467
2017-05-18,-0.3289,-0.8936
2017-05-19,0.3863,0.4611
2017-05-22,-0.1522,0.3431
2017-05-23,0.3145,-0.1474
2017-05-24,-0.1286,0.3956
2017-05-25,-0.1673,0.0374
2017-05-26,-0.1548,0.398
2017-05-29,0.2124,0.0
2017-05-30,-0.2397,-0.2798
2017-05-31,0.13,-0.0872
2017-06-01,0.3952,0.3168
2017-06-02,1.2477,0.0512
2017-06-05,0.0,-0.2898
2017-06-06,-1.0358,-0.0108
2017-06-07,-0.1389,-0.6157
2017-06-08,0.3242,-0.383
2017-06-09,0.8034,1.0383
2017-06-12,-0.9775,-0.2054
2017-06-13,0.5874,-0.1522
2017-06-14,0.321,-0.3472
2017-06-15,-0.8913,-0.7364
2017-06-16,0.48,0.5955
2017-06-19,1.0682,0.8075
2017-06-20,-0.5754,-0.6792
2017-06-21,-0.3163,-0.3335
2017-06-22,0.1545,-0.1141
2017-06-23,-0.4736,-0.2038
2017-06-26,0.2939,0.3054
2017-06-27,-0.7815,-0.1671
2017-06-28,-0.1874,-0.6263
2017-06-29,-1.8271,-0.5073
2017-06-30,-0.7335,-0.5115
2017-07-03,1.2186,0.8802
2017-07-04,-0.306,-0.2692
2017-07-05,0.1331,0.1409
2017-07-06,-0.5816,-0.4115
2017-07-07,0.06,0.1859
2017-07-10,0.462,0.26
2017-07-11,-0.0715,-0.5464
2017-07-12,1.5242,1.1893
2017-07-13,0.1168,-0.0471
2017-07-14,-0.076,-0.4728
2017-07-17,-0.3528,0.3489
2017-07-18,-1.2455,-0.1879
2017-07-19,0.1743,0.5506
2017-07-20,-0.0385,0.7665
2017-07-21,-1.6645,-0.4669
2017-07-24,-0.2542,-1.0087
2017-07-25,0.4534,0.7738
2017-07-26,0.3327,0.2354
2017-07-27,-0.7564,-0.1249
2017-07-28,-0.404,-1.0028
2017-07-31,-0.3655,0.0493
2017-08-01,1.0978,0.7008
2017-08-02,-0.5698,-0.1647
2017-08-03,-0.2197,0.8546
2017-08-04,1.1765,0.4942
2017-08-07,-0.3297,0.2693
2017-08-08,0.2846,0.1433
2017-08-09,-1.1231,-0.5922
2017-08-10,-1.1494,-1.442
2017-08-11,-0.002,-1.0823
2017-08-14,1.2574,0.601
2017-08-15,0.098,0.4074
2017-08-16,0.713,0.666
2017-08-17,-0.4925,-0.6076
2017-08-18,-0.3136,-0.8648
2017-08-21,-0.8154,-0.0696
2017-08-22,1.3538,0.8589
2017-08-23,-0.4501,0.0123
2017-08-24,0.0536,0.3306
2017-08-25,-0.1058,-0.0756
2017-08-28,-0.3655,0.0
2017-08-29,-1.4648,-0.8651
2017-08-30,0.4737,0.3793
2017-08-31,0.4447,0.8874
2017-09-01,0.72,0.106
2017-09-04,-0.333,-0.3634
2017-09-05,0.1777,-0.5201
2017-09-06,0.7492,-0.2549
2017-09-07,0.6721,0.5827
2017-09-08,0.0598,-0.262
2017-09-11,1.3919,0.4878
2017-09-12,0.397,-0.174
2017-09-13,0.2299,-0.2836
2017-09-14,-0.1045,-1.1425
2017-09-15,-0.1726,-1.0955
2017-09-18,0.3242,0.524
2017-09-19,0.0191,0.3029
2017-09-20,0.0587,-0.0454
2017-09-21,0.2455,-0.1107
2017-09-22,-0.061,0.6435
2017-09-25,0.0195,-0.1279
2017-09-26,0.0825,-0.213
2017-09-27,0.4142,0.3812
2017-09-28,0.3732,0.1273
2017-09-29,0.9777,0.682
2017-10-02,0.5752,0.8963
2017-10-03,0.0,0.3935
2017-10-04,0.526,-0.0071
2017-10-05,-0.019,0.5411
2017-10-06,-0.0934,0.1982
2017-10-09,0.1579,-0.1991
2017-10-10,-0.2092,0.4046
2017-10-11,0.1655,-0.0592
2017-10-12,0.0941,0.2977
2017-10-13,0.0692,-0.2753
2017-10-16,0.0911,-0.1124
2017-10-17,-0.0664,-0.1435
2017-10-18,0.3691,0.3552
2017-10-19,-0.4058,-0.2629
2017-10-20,0.0091,0.0025
2017-10-23,0.0913,0.0162
2017-10-24,0.0773,0.0278
2017-10-25,-0.4594,-1.054
2017-10-26,1.3886,0.5276
2017-10-27,0.6416,0.2475
2017-10-30,0.091,-0.2294
2017-10-31,0.0,0.0704
2017-11-01,1.7834,-0.0683
2017-11-02,-0.1825,0.8996
2017-11-03,0.2822,0.0666
2017-11-06,-0.0747,0.0255
2017-11-07,-0.6646,-0.6502
2017-11-08,0.0235,0.2211
2017-11-09,-1.4935,-0.6059
2017-11-10,-0.4179,-0.6829
2017-11-13,-0.4041,-0.2396
2017-11-14,-0.3131,-0.0102
2017-11-15,-0.4382,-0.5639
2017-11-16,0.546,0.1944
2017-11-17,-0.41,-0.0847
2017-11-20,0.4997,0.119
2017-11-21,0.8338,0.2961
2017-11-22,-1.1582,0.1036
2017-11-23,-0.0499,-0.024
2017-11-24,0.3943,-0.1025
2017-11-27,-0.4567,-0.3474
2017-11-28,0.4564,1.0394
2017-11-29,0.0179,-0.8993
2017-11-30,-0.2901,-0.9047
2017-12-01,-1.2476,-0.3573
2017-12-04,1.5322,0.5271
2017-12-05,-0.0767,-0.1563
2017-12-06,-0.3808,0.2802
2017-12-07,0.3562,-0.3713
2017-12-08,0.8321,1.0
2017-12-11,-0.2285,0.805
2017-12-12,0.4563,0.6296
2017-12-13,-0.4391,-0.052
2017-12-14,-0.4385,-0.6455
2017-12-15,0.2715,0.5699
2017-12-18,1.593,0.62
2017-12-19,-0.725,0.0939
2017-12-20,-1.1094,-0.2501
2017-12-21,0.3104,1.0466
2017-12-22,-0.2819,-0.1489
2017-12-25,0.0,0.0
2017-12-26,0.0,0.0
2017-12-27,-0.0212,0.369
2017-12-28,-0.6892,0.0289
2017-12-29,-0.48,0.8513
2018-01-01,0.0,0.0
2018-01-02,-0.358,-0.516
2018-01-03,0.8299,0.3009
2018-01-04,1.4615,0.3229
2018-01-05,1.1524,0.3682
2018-01-08,0.3614,-0.3587
2018-01-09,0.1332,0.4484
2018-01-10,-0.7788,0.2262
2018-01-11,-0.5906,0.1862
2018-01-12,0.3191,0.2022
2018-01-15,-0.3361,-0.1221
2018-01-16,0.3471,-0.17
2018-01-17,-0.4708,-0.3932
2018-01-18,0.7393,-0.3167
2018-01-19,1.1521,0.3874
2018-01-22,0.2176,-0.1986
2018-01-23,0.7124,0.2124
2018-01-24,-1.0683,-1.1433
2018-01-25,-0.8676,-0.361
2018-01-26,0.3144,0.6526
2018-01-29,-0.1176,0.0781
2018-01-30,-0.9514,-1.0891
2018-01-31,-0.0624,-0.7173
2018-02-01,-1.407,-0.5729
2018-02-02,-1.6821,-0.6269
2018-02-05,-0.7639,-1.457
2018-02-06,-2.3238,-2.6391
2018-02-07,1.5959,1.9327
2018-02-08,-2.6222,-1.4937
2018-02-09,-1.2464,-1.0914
2018-02-12,1.4478,1.1932
2018-02-13,-0.7024,-0.1261
2018-02-14,1.1697,0.6412
2018-02-15,0.0568,0.2889
2018-02-16,0.8569,0.8278
2018-02-19,-0.5329,-0.6449
2018-02-20,0.826,-0.0123
2018-02-21,-0.1394,0.4802
2018-02-22,-0.0688,-0.4007
2018-02-23,0.1756,-0.11
2018-02-26,0.3464,0.6235
2018-02-27,-0.2899,-0.0978
2018-02-28,-0.4394,-0.694
2018-03-01,-1.9694,-0.7781
2018-03-02,-2.2741,-1.4736
2018-03-05,1.487,0.6518
2018-03-06,0.1902,0.4324
2018-03-07,1.0854,0.1552
2018-03-08,0.9,0.6343
2018-03-09,-0.072,0.2953
2018-03-12,0.5808,-0.135
2018-03-13,-1.5893,-1.0531
2018-03-14,0.1367,-0.0853
2018-03-15,0.881,0.0991
2018-03-16,0.3566,0.3415
2018-03-19,-1.3928,-1.6919
2018-03-20,0.7392,0.2604
2018-03-21,0.0148,-0.3158
2018-03-22,-1.6985,-1.2272
2018-03-23,-1.7667,-0.4408
2018-03-26,-0.8333,-0.4804
2018-03-27,1.5574,1.6179
2018-03-28,-0.2516,0.6371
2018-03-29,1.3066,0.1685
2018-03-30,0.0,0.0
2018-04-02,0.0,0.0
2018-04-03,-0.7794,-0.3706
2018-04-04,-0.3712,0.0505
2018-04-05,2.9043,2.3527
2018-04-06,-0.5195,-0.2203
2018-04-09,0.1673,0.1547
2018-04-10,1.1056,1.0007
2018-04-11,-0.8336,-0.1322
2018-04-12,0.9845,0.0165
2018-04-13,0.2206,0.0857
2018-04-16,-0.4098,-0.9135
2018-04-17,1.5669,0.3869
2018-04-18,0.0418,1.2633
2018-04-19,-0.1859,0.1583
2018-04-20,-0.2142,0.5355
2018-04-23,0.2543,0.4167
2018-04-24,-0.1716,0.3586
2018-04-25,-1.024,-0.6206
2018-04-26,0.6293,0.5706
2018-04-27,0.6432,1.0885
2018-04-30,0.2483,0.0945
2018-05-01,0.0,0.1473
2018-05-02,1.5076,0.3037
2018-05-03,-0.8756,-0.537
2018-05-04,1.0201,0.859
2018-05-07,1.0027,0.0
2018-05-08,-0.2775,-0.0184
2018-05-09,0.2389,1.2791
2018-05-10,0.6166,0.5018
2018-05-11,-0.1661,0.3062
2018-05-14,-0.181,-0.1757
2018-05-15,-0.0591,0.1556
2018-05-16,0.2027,0.1453
2018-05-17,0.9101,0.6952
2018-05-18,-0.2813,-0.1179
2018-05-21,0.0,1.0333
2018-05-22,0.705,0.2326
2018-05-23,-1.4661,-1.1299
2018-05-24,-0.9382,-0.9206
2018-05-25,0.645,0.1755
2018-05-28,-0.5762,0.0
2018-05-29,-1.5311,-1.2631
2018-05-30,0.9257,0.7459
2018-05-31,-1.3992,-0.1479
2018-06-01,0.9471,0.307
2018-06-04,0.3653,0.5131
2018-06-05,0.1283,-0.7039
2018-06-06,0.3358,0.3326
2018-06-07,-0.1482,-0.1033
2018-06-08,-0.3474,-0.3028
2018-06-11,0.5981,0.7338
2018-06-12,-0.0047,-0.4345
2018-06-13,0.3759,-0.0013
2018-06-14,1.6797,0.8058
2018-06-15,-0.7366,-1.6982
2018-06-18,-1.3561,-0.0338
2018-06-19,-1.2166,-0.3601
2018-06-20,0.1356,0.3097
2018-06-21,-1.4435,-0.9303
2018-06-22,0.542,1.6652
2018-06-25,-2.4594,-2.2445
2018-06-26,-0.2933,0.3739
2018-06-27,0.934,1.1113
2018-06-28,-1.3878,-0.0795
2018-06-29,1.0575,0.2797
2018-07-02,-0.5512,-1.1664
2018-07-03,0.9068,0.602
2018-07-04,-0.2553,-0.266
2018-07-05,1.1908,0.3979
2018-07-06,0.2558,0.1904
2018-07-09,0.3819,0.9227
2018-07-10,0.5258,0.0527
2018-07-11,-1.5283,-1.3011
2018-07-12,0.6108,0.782
2018-07-13,0.3823,0.1378
2018-07-16,0.1618,-0.8016
2018-07-17,0.8003,0.3405
2018-07-18,0.8245,0.655
2018-07-19,-0.6239,0.1002
2018-07-20,-0.9843,-0.0674
2018-07-23,-0.1023,-0.2995
2018-07-24,1.1222,0.6957
2018-07-25,-0.8673,-0.6588
2018-07-26,1.8276,0.0641
2018-07-27,0.3995,0.4977
2018-07-30,-0.4837,-0.006
2018-07-31,0.057,0.6221
2018-08-01,-0.5345,-1.237
2018-08-02,-1.4974,-1.0059
2018-08-03,0.5534,1.0978
2018-08-06,-0.1391,0.0611
2018-08-07,0.3967,0.7137
2018-08-08,-0.1158,0.7536
2018-08-09,0.337,-0.4485
2018-08-10,-1.9861,-0.9657
2018-08-13,-0.5281,-0.3203
2018-08-14,0.0011,-0.4031
2018-08-15,-1.5848,-1.4947
2018-08-16,0.6097,0.7804
2018-08-17,-0.2175,0.0292
2018-08-20,0.9889,0.4322
2018-08-21,0.4313,-0.3367
2018-08-22,0.0098,0.1129
2018-08-23,-0.1624,-0.1455
2018-08-24,0.234,0.1887
2018-08-27,1.1601,0.0
2018-08-28,-0.0869,0.5243
2018-08-29,0.2735,-0.7091
2018-08-30,-0.5369,-0.6238
2018-08-31,-1.0419,-1.1124
2018-09-03,-0.1428,0.9712
2018-09-04,-1.1032,-0.6228
2018-09-05,-1.3902,-1.0
2018-09-06,-0.7077,-0.8712
2018-09-07,0.0366,-0.5637
2018-09-10,0.2233,0.022
2018-09-11,-0.1341,-0.0791
2018-09-12,0.5182,0.5475
2018-09-13,0.1932,-0.4347
2018-09-14,0.5705,0.3086
2018-09-17,-0.2303,-0.0266
2018-09-18,0.5064,-0.0256
2018-09-19,0.5046,0.4231
2018-09-20,0.8794,0.4938
2018-09-21,0.847,1.6683
2018-09-24,-0.644,-0.4248
2018-09-25,0.193,0.659
2018-09-26,0.0907,0.0523
2018-09-27,0.4013,0.452
2018-09-28,-1.5187,-0.467
2018-10-01,0.7537,-0.1935
2018-10-02,-0.417,-0.2818
2018-10-03,0.0,0.478
2018-10-04,-0.3535,-1.2242
2018-10-05,-1.08,-1.3453
2018-10-08,-1.3601,-1.1643
2018-10-09,0.2516,0.0589
2018-10-10,-2.2102,-1.2691
2018-10-11,-1.4783,-1.9426
2018-10-12,-0.1347,-0.1573
2018-10-15,0.784,0.4761
2018-10-16,1.3982,0.4294
2018-10-17,-0.5224,-0.068
2018-10-18,-1.074,-0.3914
2018-10-19,-0.3053,0.3246
2018-10-22,-0.2552,-0.0993
2018-10-23,-2.1698,-1.2437
2018-10-24,-0.7331,0.1117
2018-10-25,1.0319,0.5906
2018-10-26,-0.9419,-0.9215
2018-10-29,1.204,1.2502
2018-10-30,-0.4242,0.1356
2018-10-31,1.4186,1.3111
2018-11-01,0.1837,-0.1885
2018-11-02,0.4399,-0.2887
2018-11-05,-0.2086,0.137
2018-11-06,-0.0924,-0.8891
2018-11-07,0.8251,1.088
2018-11-08,-0.4472,0.3288
2018-11-09,0.016,-0.4949
2018-11-12,-1.767,-0.7355
2018-11-13,1.296,0.0096
2018-11-14,-0.5203,-0.2831
2018-11-15,-0.5157,0.06
2018-11-16,-0.1116,-0.3429
2018-11-19,-0.8505,-0.1852
2018-11-20,-1.5841,-0.7566
2018-11-21,1.6063,1.4725
2018-11-22,-0.9399,-1.2753
2018-11-23,0.4866,-0.1072
2018-11-26,1.4476,1.1958
2018-11-27,-0.4017,-0.2722
2018-11-28,-0.0905,-0.1757
2018-11-29,-0.0058,0.4915
2018-11-30,-0.3628,-0.8341
2018-12-03,1.8497,1.1772
2018-12-04,-1.1351,-0.5614
2018-12-05,-1.1917,-1.437
2018-12-06,-3.4755,-3.1464
2018-12-07,-0.2117,1.1047
2018-12-10,-1.5389,-0.8346
2018-12-11,1.4916,1.2705
2018-12-12,1.3814,1.0761
2018-12-13,-0.0433,-0.0391
2018-12-14,-0.5394,-0.4701
2018-12-17,-0.8611,-1.0508
2018-12-18,-0.2907,-1.0578
2018-12-19,0.2357,0.9602
2018-12-20,-1.4407,-0.7983
2018-12-21,0.2141,0.1377
2018-12-24,0.0,-0.5234
2018-12-25,0.0,0.0
2018-12-26,0.0,0.0
2018-12-27,-2.3727,-1.5153
2018-12-28,1.7093,2.2672
2018-12-31,0.0,-0.0867
2019-01-01,0.0,0.0
2019-01-02,0.2011,0.0907
2019-01-03,-1.5456,-0.6173
2019-01-04,3.3699,2.163
2019-01-07,-0.1846,-0.3882
2019-01-08,0.5226,0.7447
2019-01-09,0.8269,0.6563
2019-01-10,0.2595,0.5247
2019-01-11,-0.3125,-0.3556
2019-01-14,-0.2898,-0.913
2019-01-15,0.3305,0.5835
2019-01-16,0.3622,-0.469
2019-01-17,-0.1154,-0.4045
2019-01-18,2.6278,1.9519
2019-01-21,-0.6188,0.0324
2019-01-22,-0.4139,-0.9927
2019-01-23,-0.1674,-0.8478
2019-01-24,0.5296,-0.3497
2019-01-25,1.3622,-0.1427
2019-01-28,-0.6336,-0.9123
2019-01-29,0.076,1.2869
2019-01-30,-0.3313,1.576
2019-01-31,-0.0766,0.3921
2019-02-01,0.0677,0.7371
2019-02-04,-0.0365,0.1981
2019-02-05,1.7125,2.0364
2019-02-06,-0.3805,-0.0596
2019-02-07,-2.6729,-1.1084
2019-02-08,-1.0455,-0.3158
2019-02-11,0.9885,0.8192
2019-02-12,1.0122,0.0565
2019-02-13,0.3698,0.8089
2019-02-14,-0.6934,0.0858
2019-02-15,1.8937,0.5512
2019-02-18,-0.0053,-0.2378
2019-02-19,0.0886,-0.5582
2019-02-20,0.8202,0.6888
2019-02-21,0.1869,-0.847
2019-02-22,0.3013,0.1564
2019-02-25,0.4162,0.0716
2019-02-26,0.3077,-0.4541
2019-02-27,-0.4632,-0.6142
2019-02-28,0.2464,-0.4569
2019-03-01,0.7472,0.4523
2019-03-04,-0.0777,0.3892
2019-03-05,0.2422,0.6874
2019-03-06,-0.2849,0.175
2019-03-07,-0.6026,-0.5343
2019-03-08,-0.5206,-0.7438
2019-03-11,0.7474,0.3703
2019-03-12,-0.1673,0.2879
2019-03-13,0.4186,0.1124
2019-03-14,0.1301,0.3665
2019-03-15,0.8476,0.5963
2019-03-18,-0.245,0.981
2019-03-19,1.1268,0.3399
2019-03-20,-1.5653,-0.4504
2019-03-21,-0.4648,0.8819
2019-03-22,-1.6086,-2.0083
2019-03-25,-0.1542,-0.4164
2019-03-26,0.6419,0.2607
2019-03-27,-0.0039,-0.0292
2019-03-28,0.0799,0.558
2019-03-29,0.8565,0.6201
2019-04-01,1.353,0.5246
2019-04-02,0.6232,1.0077
2019-04-03,1.6981,0.3675
2019-04-04,0.2812,-0.2203
2019-04-05,0.1813,0.607
2019-04-08,-0.3859,0.0674
2019-04-09,-0.9431,-0.3532
2019-04-10,0.467,-0.0493
2019-04-11,0.246,-0.0534
2019-04-12,0.5423,0.2576
2019-04-15,0.1696,-0.0026
2019-04-16,0.6742,0.4444
2019-04-17,0.4276,0.0187
2019-04-18,0.5704,-0.1531
2019-04-19,0.0,0.0
2019-04-22,0.0,0.0
2019-04-23,0.1073,0.8471
2019-04-24,0.6346,-0.6822
2019-04-25,-0.2482,-0.5035
2019-04-26,0.2653,-0.0799
2019-04-29,0.1043,0.1679
2019-04-30,0.1303,-0.3016
2019-05-01,0.0,-0.4443
2019-05-02,0.0109,-0.4597
2019-05-03,0.5454,0.399
2019-05-06,-1.014,0.0
2019-05-07,-1.5801,-1.6282
2019-05-08,0.721,0.145
2019-05-09,-1.6914,-0.8746
2019-05-10,0.7175,-0.0572
2019-05-13,-1.5189,-0.5499
2019-05-14,0.968,1.0877
2019-05-15,0.9002,0.7643
2019-05-16,1.7422,0.7751
2019-05-17,-0.5802,-0.0665
2019-05-20,-1.6149,-0.5136
2019-05-21,0.8486,0.2468
2019-05-22,0.2081,0.0719
2019-05-23,-1.7778,-1.4064
2019-05-24,0.4905,0.6457
2019-05-27,0.5007,0.0
2019-05-28,-0.3656,-0.1206
2019-05-29,-1.5735,-1.1508
2019-05-30,0.5429,0.4573
2019-05-31,-1.4723,-0.7821
2019-06-03,0.5626,0.3224
2019-06-04,1.5124,0.4104
2019-06-05,0.0805,0.0822
2019-06-06,-0.231,0.5489
2019-06-07,0.7717,0.993
2019-06-10,0.0,0.5947
2019-06-11,0.9168,0.3106
2019-06-12,-0.3301,-0.4167
2019-06-13,0.4405,0.0129
2019-06-14,-0.597,-0.3093
2019-06-17,-0.0875,0.157
2019-06-18,2.0349,1.1652
2019-06-19,-0.1883,-0.5307
2019-06-20,0.3807,0.2823
2019-06-21,-0.1252,-0.2282
2019-06-24,-0.5296,0.1241
2019-06-25,-0.3758,0.0774
2019-06-26,0.138,-0.0814
2019-06-27,0.21,-0.1896
2019-06-28,1.0412,0.3148
2019-07-01,0.9886,0.9679
2019-07-02,0.0426,0.8228
2019-07-03,0.7146,0.6632
2019-07-04,0.1083,-0.0754
2019-07-05,-0.4859,-0.6634
2019-07-08,-0.1991,-0.0512
2019-07-09,-0.8527,-0.1696
2019-07-10,-0.5077,-0.0767
2019-07-11,-0.3337,-0.2771
2019-07-12,-0.0714,-0.0513
2019-07-15,0.5195,0.3431
2019-07-16,0.3522,0.6038
2019-07-17,-0.7235,-0.5509
2019-07-18,-0.9171,-0.5623
2019-07-19,0.2635,0.2083
2019-07-22,0.2392,0.083
2019-07-23,1.6383,0.558
2019-07-24,0.2574,-0.7331
2019-07-25,-1.284,-0.1654
2019-07-26,0.4676,0.8013
2019-07-29,-0.0196,1.8221
2019-07-30,-2.1762,-0.5183
2019-07-31,0.3441,-0.7845
2019-08-01,0.526,-0.0252
2019-08-02,-3.107,-2.3443
2019-08-05,-1.8019,-2.4735
2019-08-06,-0.7767,-0.7221
2019-08-07,0.7105,0.3766
2019-08-08,1.676,1.2113
2019-08-09,-1.2799,-0.4399
2019-08-12,-0.1207,-0.374
2019-08-13,0.6032,0.3346
2019-08-14,-2.1912,-1.4208
2019-08-15,-0.696,-1.1314
2019-08-16,1.3149,0.7095
2019-08-19,1.32,1.0187
2019-08-20,-0.5479,-0.8992
2019-08-21,1.3018,1.1084
2019-08-22,-0.4729,-1.0521
2019-08-23,-1.1537,-0.4658
2019-08-26,0.4007,0.0
2019-08-27,0.6174,-0.0761
2019-08-28,-0.2472,0.3545
2019-08-29,1.1782,0.9784
2019-08-30,0.8481,0.3182
2019-09-02,0.1214,1.0373
2019-09-03,-0.359,-0.1888
2019-09-04,0.9586,0.5926
2019-09-05,0.8461,-0.5483
2019-09-06,0.5356,0.1536
2019-09-09,0.2819,-0.6389
2019-09-10,0.3485,0.4442
2019-09-11,0.7365,0.9642
2019-09-12,0.4141,0.0905
2019-09-13,0.4696,0.3103
2019-09-16,-0.7075,-0.625
2019-09-17,-0.0622,-0.0138
2019-09-18,0.1375,-0.0867
2019-09-19,0.5495,0.5793
2019-09-20,0.0828,-0.1563
2019-09-23,-1.008,-0.2565
2019-09-24,-0.285,-0.473
2019-09-25,-0.5929,-0.0197
2019-09-26,0.4443,0.838
2019-09-27,0.7519,1.022
2019-09-30,0.3807,-0.2424
2019-10-01,-1.3216,-0.6464
2019-10-02,-2.7608,-3.2306
2019-10-03,0.0,-0.6304
2019-10-04,0.7342,1.0984
2019-10-07,0.7044,0.594
2019-10-08,-1.0517,-0.7604
2019-10-09,1.0364,0.3269
2019-10-10,0.5783,0.2771
2019-10-11,2.8563,0.8449
2019-10-14,-0.2005,-0.464
2019-10-15,1.1471,-0.0251
2019-10-16,0.3192,-0.6058
2019-10-17,-0.1197,0.2005
2019-10-18,-0.1687,-0.4421
2019-10-21,0.9052,0.1828
2019-10-22,0.0528,0.6819
2019-10-23,0.3411,0.669
2019-10-24,0.5775,0.9298
2019-10-25,0.1741,-0.0516
2019-10-28,0.366,0.093
2019-10-29,-0.0161,-0.3413
2019-10-30,-0.2271,0.3356
2019-10-31,-0.3365,-1.124
2019-11-01,0.7326,0.7455
2019-11-04,1.352,0.9212
2019-11-05,0.093,0.2495
2019-11-06,0.2387,0.116
2019-11-07,0.8313,0.132
2019-11-08,-0.4583,-0.635
2019-11-11,-0.2282,-0.4191
2019-11-12,0.6451,0.5035
2019-11-13,-0.4023,-0.1932
2019-11-14,-0.3767,-0.7951
2019-11-15,0.4668,0.1396
2019-11-18,-0.2624,0.0652
2019-11-19,0.1068,0.2203
2019-11-20,-0.4764,-0.8371
2019-11-21,-0.1553,-0.3296
2019-11-22,0.1993,1.2193
2019-11-25,0.6272,0.9483
2019-11-26,-0.0757,0.0926
2019-11-27,0.3827,0.3598
2019-11-28,-0.3123,-0.1797
2019-11-29,-0.0695,-0.9425
2019-12-02,-2.0527,-0.8247
2019-12-03,0.1898,-1.7456
2019-12-04,1.1647,0.4154
2019-12-05,-0.6527,-0.7046
2019-12-06,0.8562,1.4263
2019-12-09,-0.4631,-0.0796
2019-12-10,-0.2662,-0.2784
2019-12-11,0.5816,0.0345
2019-12-12,0.5697,0.7929
2019-12-13,0.462,1.0995
2019-12-16,0.9406,2.2521
2019-12-17,-0.8937,0.0829
2019-12-18,-0.4942,0.2056
2019-12-19,-0.0771,0.4386
2019-12-20,0.8094,0.1143
2019-12-23,-0.1345,0.5422
2019-12-24,0.0,0.1135
2019-12-25,0.0,0.0
2019-12-26,0.0,0.0
2019-12-27,0.2716,0.1659
2019-12-30,-0.6606,-0.7567
2019-12-31,0.0,-0.588
2020-01-01,0.0,0.0
2020-01-02,1.0334,0.8202
2020-01-03,-1.246,0.238
2020-01-06,-0.6971,-0.6174
2020-01-07,0.7606,-0.0197
2020-01-08,0.7058,0.0143
2020-01-09,1.3129,0.3061
2020-01-10,-0.0871,-0.1352
2020-01-13,-0.2358,0.3921
2020-01-14,0.0369,0.0624
2020-01-15,-0.1798,0.2683
2020-01-16,-0.0214,-0.4316
2020-01-17,0.7201,0.8509
2020-01-20,0.1686,-0.3013
2020-01-21,0.0511,-0.5324
2020-01-22,-0.296,-0.5095
2020-01-23,-0.9421,-0.8485
2020-01-24,1.4061,1.0431
2020-01-27,-2.7393,-2.2928
2020-01-28,0.9006,0.9261
2020-01-29,0.1599,0.0385
2020-01-30,-1.4079,-1.3578
2020-01-31,-1.3312,-1.2998
2020-02-03,0.487,0.5531
2020-02-04,1.8133,1.5493
2020-02-05,1.4802,0.5734
2020-02-06,0.7159,0.2982
2020-02-07,-0.4494,-0.5075
2020-02-10,-0.1464,-0.2654
2020-02-11,0.9916,0.7058
2020-02-12,0.8948,0.4658
2020-02-13,-0.0316,-1.0929
2020-02-14,-0.0089,-0.5757
2020-02-17,0.2887,0.3255
2020-02-18,-0.7451,-0.6893
2020-02-19,0.788,1.0161
2020-02-20,-0.9065,-0.2733
2020-02-21,-0.6197,-0.44
2020-02-24,-4.0068,-3.3373
2020-02-25,-1.8776,-1.9415
2020-02-26,-0.122,0.3504
2020-02-27,-3.1892,-3.4941
2020-02-28,-3.8578,-3.1751
2020-03-02,-0.2732,1.1288
2020-03-03,1.0754,0.9513
2020-03-04,1.1873,1.4496
2020-03-05,-1.5087,-1.6163
2020-03-06,-3.3726,-3.6221
2020-03-09,-7.9437,-7.6871
2020-03-10,-1.4073,-0.0929
2020-03-11,-0.3514,-1.4045
2020-03-12,-12.2386,-10.8745
2020-03-13,0.7745,2.456
2020-03-16,-5.3057,-4.0072
2020-03-17,2.2517,2.792
2020-03-18,-5.5642,-4.0477
2020-03-19,1.9986,1.3981
2020-03-20,3.6992,0.7603
2020-03-23,-2.1033,-3.7931
2020-03-24,10.9759,9.0535
2020-03-25,1.7905,4.4471
2020-03-26,1.2831,2.242
2020-03-27,-3.684,-5.2513
2020-03-30,1.9045,0.9693
2020-03-31,1.2212,1.9451
2020-04-01,-3.9362,-3.8327
2020-04-02,0.2731,0.4702
2020-04-03,-0.4707,-1.181
2020-04-06,5.7675,3.0817
2020-04-07,2.7943,2.1865
2020-04-08,-0.2299,-0.4684
2020-04-09,2.2438,2.9049
2020-04-10,0.0,0.0
2020-04-13,0.0,0.0
2020-04-14,1.2477,-0.8789
2020-04-15,-3.8966,-3.344
2020-04-16,0.2119,0.5499
2020-04-17,3.1475,2.8166
2020-04-20,0.4717,0.447
2020-04-21,-3.9908,-2.9555
2020-04-22,1.6115,2.2975
2020-04-23,0.9482,0.9701
2020-04-24,-1.6902,-1.2766
2020-04-27,3.1337,1.6439
2020-04-28,1.2724,1.9106
2020-04-29,2.8911,2.6307
2020-04-30,-2.2156,-3.5001
2020-05-01,0.0,-2.341
2020-05-04,-3.6352,-0.161
2020-05-05,2.5095,1.6622
2020-05-06,-1.1488,0.0742
2020-05-07,1.4432,1.4046
2020-05-08,1.3496,0.0
2020-05-11,-0.729,0.0632
2020-05-12,-0.0507,0.9266
2020-05-13,-2.5587,-1.5133
2020-05-14,-1.9506,-2.7525
2020-05-15,1.2397,1.0142
2020-05-18,5.6731,4.2902
2020-05-19,0.1485,-0.7665
2020-05-20,1.3401,1.0818
2020-05-21,-1.4058,-0.8556
2020-05-22,0.0718,-0.3652
2020-05-25,2.8663,0.0
2020-05-26,0.9952,1.2427
2020-05-27,1.3302,1.2606
2020-05-28,1.0589,1.2132
2020-05-29,-1.6491,-2.2865
2020-06-01,0.0,1.4781
2020-06-02,3.7493,0.8712
2020-06-03,3.8771,2.6088
2020-06-04,-0.4549,-0.6419
2020-06-05,3.3556,2.2528
2020-06-08,-0.2186,-0.1806
2020-06-09,-1.5726,-2.1146
2020-06-10,-0.6961,-0.104
2020-06-11,-4.4682,-3.9884
2020-06-12,-0.1755,0.4687
2020-06-15,-0.3174,-0.663
2020-06-16,3.3943,2.9365
2020-06-17,0.5398,0.1676
2020-06-18,-0.8125,-0.4666
2020-06-19,0.4008,1.101
2020-06-22,-0.5498,-0.7625
2020-06-23,2.1266,1.209
2020-06-24,-3.432,-3.108
2020-06-25,0.694,0.3829
2020-06-26,-0.7266,0.1978
2020-06-29,1.1806,1.0792
2020-06-30,0.6443,-0.9
2020-07-01,-0.4091,-0.1909
2020-07-02,2.8375,1.3381
2020-07-03,-0.6367,-1.331
2020-07-06,1.6385,2.0892
2020-07-07,-0.9161,-1.5279
2020-07-08,-0.9669,-0.5451
2020-07-09,-0.0428,-1.7306
2020-07-10,1.155,0.7569
2020-07-13,1.316,1.3253
2020-07-14,-0.8016,0.0576
2020-07-15,1.8399,1.8269
2020-07-16,-0.4331,-0.6668
2020-07-17,0.3467,0.6337
2020-07-20,0.9854,-0.4575
2020-07-21,0.9574,0.1311
2020-07-22,-0.5131,-0.9989
2020-07-23,-0.0066,0.0699
2020-07-24,-2.0249,-1.4106
2020-07-27,0.0047,-0.3093
2020-07-28,-0.0263,0.3994
2020-07-29,-0.1014,0.0359
2020-07-30,-3.4519,-2.3073
2020-07-31,-0.5355,-1.5397
2020-08-03,2.7094,2.2905
2020-08-04,-0.3646,0.0522
2020-08-05,0.4712,1.1385
2020-08-06,-0.5416,-1.2741
2020-08-07,0.6608,0.0869
2020-08-10,0.0998,0.3052
2020-08-11,2.0442,1.7147
2020-08-12,0.8631,2.0438
2020-08-13,-0.4971,-1.5047
2020-08-14,-0.7109,-1.5452
2020-08-17,0.1498,0.6141
2020-08-18,-0.3011,-0.8294
2020-08-19,0.7419,0.5819
2020-08-20,-1.1353,-1.6139
2020-08-21,-0.5082,-0.1904
2020-08-24,2.3638,1.7135
2020-08-25,-0.0377,-1.1093
2020-08-26,0.984,0.1423
2020-08-27,-0.7111,-0.7544
2020-08-28,-0.4823,-0.607
2020-08-31,-0.6738,0.0
2020-09-01,0.223,-1.7023
2020-09-02,2.0747,1.3459
2020-09-03,-1.4019,-1.5164
2020-09-04,-1.6474,-0.885
2020-09-07,2.006,2.3852
2020-09-08,-1.0072,-0.1196
2020-09-09,2.0734,1.3918
2020-09-10,-0.2139,-0.1583
2020-09-11,-0.0458,0.4792
2020-09-14,-0.0695,-0.0968
2020-09-15,0.182,1.3157
2020-09-16,0.2852,-0.4432
2020-09-17,-0.3565,-0.4699
2020-09-18,-0.6956,-0.7086
2020-09-21,-4.3748,-3.3754
2020-09-22,0.4142,0.4336
2020-09-23,0.3857,1.1974
2020-09-24,-0.2879,-1.2964
2020-09-25,-1.0897,0.3416
2020-09-28,3.2213,1.4593
2020-09-29,-0.35,-0.5133
2020-09-30,-0.5075,-0.5324
2020-10-01,-0.2348,0.2276
2020-10-02,-0.3278,0.3856
2020-10-05,1.0976,0.6916
2020-10-06,0.6058,0.1178
2020-10-07,0.1747,-0.062
2020-10-08,0.879,0.5345
2020-10-09,0.0692,0.646
2020-10-12,0.668,-0.2538
2020-10-13,-0.9089,-0.5277
2020-10-14,0.0697,-0.5804
2020-10-15,-2.4893,-1.7277
2020-10-16,1.6156,1.4927
2020-10-19,-0.4209,-0.5901
2020-10-20,-0.9157,0.0777
2020-10-21,-1.4078,-1.914
2020-10-22,-0.1161,0.1584
2020-10-23,0.8187,1.2899
2020-10-26,-3.7054,-1.165
2020-10-27,-0.933,-1.0881
2020-10-28,-4.1701,-2.5518
2020-10-29,0.3249,-0.0188
2020-10-30,-0.3586,-0.0803
2020-11-02,2.0058,1.3932
2020-11-03,2.5508,2.3307
2020-11-04,1.9459,1.6674
2020-11-05,1.9788,0.3896
2020-11-06,-0.7007,0.065
2020-11-09,4.9355,4.6746
2020-11-10,0.5127,1.7872
2020-11-11,0.4032,1.3539
2020-11-12,-1.2351,-0.6763
2020-11-13,0.1821,-0.3557
2020-11-16,0.4733,1.6608
2020-11-17,-0.0391,-0.8715
2020-11-18,0.521,0.3128
2020-11-19,-0.8766,-0.797
2020-11-20,0.3904,0.27
2020-11-23,-0.0783,-0.2773
2020-11-24,1.2605,1.5525
2020-11-25,-0.0199,-0.6387
2020-11-26,-0.0243,-0.4406
2020-11-27,0.3696,0.0731
2020-11-30,-0.3338,-1.5923
2020-12-01,0.6857,1.8917
2020-12-02,-0.5161,1.232
2020-12-03,-0.4535,0.4159
2020-12-04,0.3478,0.9238
2020-12-07,-0.2102,0.0788
2020-12-08,0.0564,0.0523
2020-12-09,0.4652,0.0834
2020-12-10,-0.3338,0.5403
2020-12-11,-1.3646,-0.8032
2020-12-14,0.8301,-0.2279
2020-12-15,1.0566,-0.2834
2020-12-16,1.52,0.8842
2020-12-17,0.7465,-0.3021
2020-12-18,-0.2688,-0.334
2020-12-21,-2.8187,-1.7285
2020-12-22,1.297,0.5742
2020-12-23,1.2604,0.66
2020-12-24,0.0,0.0979
2020-12-25,0.0,0.0
2020-12-28,1.4945,0.0
2020-12-29,-0.2096,1.5463
2020-12-30,-0.3096,-0.7093
2020-12-31,0.0,-1.4537
2021-01-01,0.0,0.0
2021-01-04,0.058,1.7237
2021-01-05,-0.5502,0.6143
2021-01-06,1.7636,3.4725
2021-01-07,0.549,0.2207
2021-01-08,0.582,0.2377
2021-01-11,-0.8034,-1.088
2021-01-12,-0.0832,-0.6526
2021-01-13,0.1052,-0.1272
2021-01-14,0.3514,0.8367
2021-01-15,-1.4367,-0.974
2021-01-18,0.4397,-0.2236
2021-01-19,-0.2404,-0.1146
2021-01-20,0.7695,0.4088
2021-01-21,-0.1056,-0.3705
2021-01-22,-0.2351,-0.303
2021-01-25,-1.6579,-0.8397
2021-01-26,1.664,0.2284
2021-01-27,-1.8061,-1.3021
2021-01-28,0.3338,-0.6276
2021-01-29,-1.7054,-1.8187
2021-02-01,1.4081,0.9202
2021-02-02,1.5647,0.7768
2021-02-03,0.7117,-0.1355
2021-02-04,0.909,-0.063
2021-02-05,-0.0254,-0.2213
2021-02-08,0.0227,0.527
2021-02-09,-0.3422,0.1231
2021-02-10,-0.5626,-0.1102
2021-02-11,0.7747,0.0668
2021-02-12,0.064,0.9354
2021-02-15,0.4241,2.5239
2021-02-16,-0.3181,-0.1073
2021-02-17,-1.1044,-0.5625
2021-02-18,-0.1606,-1.397
2021-02-19,0.7655,0.1038
2021-02-22,-0.3086,-0.1778
2021-02-23,-0.611,0.2072
2021-02-24,0.802,0.4985
2021-02-25,-0.6917,-0.1053
2021-02-26,-0.6703,-2.5335
2021-03-01,1.6432,1.6211
2021-03-02,0.1925,0.3828
2021-03-03,0.2865,0.9332
2021-03-04,-0.1683,-0.3684
2021-03-05,-0.965,-0.3061
2021-03-08,3.306,1.3364
2021-03-09,0.3966,0.1668
2021-03-10,0.7086,-0.0704
2021-03-11,0.2004,0.1689
2021-03-12,-0.4599,0.3638
2021-03-15,-0.2825,-0.1741
2021-03-16,0.6649,0.7987
2021-03-17,0.2681,-0.6017
2021-03-18,1.2257,0.2515
2021-03-19,-1.0458,-1.0468
2021-03-22,0.2477,0.2592
2021-03-23,0.0328,-0.4001
2021-03-24,-0.3521,0.2045
2021-03-25,0.0751,-0.567
2021-03-26,0.8726,0.9852
2021-03-29,0.4663,-0.0656
2021-03-30,1.2883,0.5337
2021-03-31,-0.0018,-0.8637
2021-04-01,0.6585,0.3526
2021-04-02,0.0,0.0
2021-04-05,0.0,0.0
2021-04-06,0.6984,1.2802
2021-04-07,-0.2387,0.9052
2021-04-08,0.1734,0.8264
2021-04-09,0.2071,-0.3813
2021-04-12,-0.1258,-0.3851
2021-04-13,0.1272,0.0199
2021-04-14,-0.1655,0.7124
2021-04-15,0.3036,0.6329
2021-04-16,1.34,0.5159
2021-04-19,-0.591,-0.2771
2021-04-20,-1.5544,-2.003
2021-04-21,0.4393,0.5163
2021-04-22,0.8196,0.6229
2021-04-23,-0.267,0.0046
2021-04-26,0.1094,0.354
2021-04-27,-0.3077,-0.2607
2021-04-28,0.2814,0.2693
2021-04-29,-0.9023,-0.0314
2021-04-30,-0.1207,0.1197
2021-05-03,0.6644,0.0
2021-05-04,-2.494,-0.6692
2021-05-05,2.1156,1.6774
2021-05-06,0.1711,0.5238
2021-05-07,1.3352,0.7566
2021-05-10,0.0049,-0.0846
2021-05-11,-1.8224,-2.4663
2021-05-12,0.2015,0.8152
2021-05-13,0.3265,-0.5896
2021-05-14,1.4274,1.1529
2021-05-17,-0.1299,-0.1528
2021-05-18,-0.0652,0.0198
2021-05-19,-1.7744,-1.1947
2021-05-20,1.6985,1.0013
2021-05-21,0.4375,-0.0248
2021-05-24,0.0,0.4779
2021-05-25,0.1787,-0.3092
2021-05-26,-0.0929,-0.0407
2021-05-27,-0.2847,-0.1033
2021-05-28,0.7351,0.0419
2021-05-31,-0.6369,0.0
2021-06-01,0.9482,0.8238
2021-06-02,0.2271,0.389
2021-06-03,0.192,-0.6141
2021-06-04,0.3853,0.0664
2021-06-07,-0.1004,0.1157
2021-06-08,-0.2331,0.2525
2021-06-09,-0.3802,-0.1984
2021-06-10,-0.0637,0.1013
2021-06-11,0.7838,0.6473
2021-06-14,-0.1251,0.1769
2021-06-15,0.3565,0.361
2021-06-16,-0.1205,0.1739
2021-06-17,0.1088,-0.4387
2021-06-18,-1.7779,-1.9006
2021-06-21,1.0047,0.6387
2021-06-22,0.2121,0.3925
2021-06-23,-1.1508,-0.225
2021-06-24,0.8595,0.5076
2021-06-25,0.1202,0.3671
2021-06-28,-0.3446,-0.8842
2021-06-29,0.877,0.2061
2021-06-30,-1.0169,-0.7066
2021-07-01,0.4685,1.246
2021-07-02,0.2966,-0.0265
2021-07-05,0.0759,0.5846
2021-07-06,-0.9615,-0.8937
2021-07-07,1.169,0.7061
2021-07-08,-1.7337,-1.6831
2021-07-09,1.7333,1.2975
2021-07-12,0.6539,0.0497
2021-07-13,-0.0055,-0.0098
2021-07-14,-0.0042,-0.4706
2021-07-15,-1.0091,-1.1165
2021-07-16,-0.5717,-0.056
2021-07-19,-2.6197,-2.3359
2021-07-20,0.5489,0.5368
2021-07-21,1.3553,1.7025
2021-07-22,0.5968,-0.4284
2021-07-23,0.9975,0.8507
2021-07-26,-0.3211,-0.0306
2021-07-27,-0.6393,-0.4178
2021-07-28,0.3301,0.2937
2021-07-29,0.4503,0.8806
2021-07-30,-0.6143,-0.6516
2021-08-02,0.1566,0.7028
2021-08-03,-0.0877,0.3389
2021-08-04,0.8811,0.2553
2021-08-05,0.3348,-0.0481
2021-08-06,0.1066,0.0354
2021-08-09,-0.1018,0.1313
2021-08-10,0.1607,0.403
2021-08-11,0.3512,0.8253
2021-08-12,0.704,-0.3727
2021-08-13,0.2505,0.3542
2021-08-16,-0.3236,-0.8967
2021-08-17,-0.0237,0.3792
2021-08-18,0.2765,-0.1642
2021-08-19,-1.2537,-1.5407
2021-08-20,0.2679,0.4114
2021-08-23,0.2831,0.298
2021-08-24,0.3347,0.2358
2021-08-25,-0.2841,0.3416
2021-08-26,-0.4227,-0.3516
2021-08-27,0.3681,0.3232
2021-08-30,0.2243,0.0
2021-08-31,-0.3287,-0.3961
2021-09-01,-0.0682,0.4233
2021-09-02,0.103,0.1966
2021-09-03,-0.3749,-0.3566
2021-09-06,0.9563,0.6841
2021-09-07,-0.5588,-0.5261
2021-09-08,-1.4695,-0.7531
2021-09-09,0.0824,-1.0051
2021-09-10,-0.0854,0.071
2021-09-13,0.5869,0.5581
2021-09-14,0.1374,-0.4862
2021-09-15,-0.6805,-0.2498
2021-09-16,0.2289,0.1566
2021-09-17,-1.0323,-0.9084
2021-09-20,-2.3119,-0.8577
2021-09-21,1.4305,1.1163
2021-09-22,1.0308,1.4667
2021-09-23,0.885,-0.0709
2021-09-24,-0.7173,-0.3796
2021-09-27,0.2713,0.169
2021-09-28,-2.0889,-0.4998
2021-09-29,0.7654,1.1391
2021-09-30,-0.6806,-0.3058
2021-10-01,-0.6831,-0.8375
2021-10-04,-0.791,-0.2285
2021-10-05,1.0504,0.9427
2021-10-06,-1.4555,-1.1478
2021-10-07,1.8535,1.1746
2021-10-08,-0.2933,0.2474
2021-10-11,-0.046,0.723
2021-10-12,-0.3439,-0.2326
2021-10-13,0.6768,0.1625
2021-10-14,1.399,0.9226
2021-10-15,0.8061,0.3652
2021-10-18,-0.7242,-0.4175
2021-10-19,0.2673,0.1902
2021-10-20,0.0457,0.0772
2021-10-21,-0.3244,-0.4541
2021-10-22,0.4551,0.1982
2021-10-25,0.3619,0.2536
2021-10-26,1.0118,0.7587
2021-10-27,-0.3253,-0.3346
2021-10-28,-0.0604,-0.0524
2021-10-29,-0.0482,-0.1641
2021-11-01,0.7491,0.7053
2021-11-02,0.9373,-0.1895
2021-11-03,0.0347,-0.3563
2021-11-04,0.4365,0.4279
2021-11-05,0.1542,0.3304
2021-11-08,-0.0488,-0.0487
2021-11-09,-0.0377,-0.3611
2021-11-10,0.1706,0.9088
2021-11-11,0.0951,0.5999
2021-11-12,0.0681,-0.4912
2021-11-15,0.3391,0.0538
2021-11-16,0.6144,-0.3386
2021-11-17,0.0201,-0.4882
2021-11-18,-0.1809,-0.4833
2021-11-19,-0.3807,-0.4464
2021-11-22,-0.274,0.4415
2021-11-23,-1.1088,0.1548
2021-11-24,-0.3678,0.2701
2021-11-25,0.2493,0.3301
2021-11-26,-4.1522,-3.6433
2021-11-29,0.1561,0.9358
2021-11-30,-1.1827,-0.7103
2021-12-01,2.4671,1.5473
2021-12-02,-1.3544,-0.5506
2021-12-03,-0.6102,-0.0966
2021-12-06,1.3897,1.5439
2021-12-07,2.8162,1.4881
2021-12-08,-0.8021,-0.0388
2021-12-09,-0.3049,-0.2152
2021-12-10,-0.102,-0.4027
2021-12-13,-0.0102,-0.8275
2021-12-14,-1.0764,-0.177
2021-12-15,0.1475,-0.6634
2021-12-16,1.0342,1.2531
2021-12-17,-0.6697,0.1282
2021-12-20,-1.8802,-0.9889
2021-12-21,1.3633,1.3807
2021-12-22,0.9453,0.6064
2021-12-23,1.0443,0.4315
2021-12-24,0.0,-0.0168
2021-12-27,0.501,0.0
2021-12-28,0.8112,0.0
2021-12-29,-0.6981,0.6591
2021-12-30,0.2057,-0.2383
2021-12-31,0.0,-0.2495
2022-01-03,0.8553,0.0
2022-01-04,0.8232,1.6333
2022-01-05,0.7376,0.1562
2022-01-06,-1.3503,-0.8847
2022-01-07,-0.6497,0.4686
2022-01-10,-1.1254,-0.5348
2022-01-11,1.1006,0.6195
2022-01-12,0.4298,0.8056
2022-01-13,0.1329,0.1606
2022-01-14,-0.9254,-0.2763
2022-01-17,0.3178,0.9052
2022-01-18,-1.0114,-0.6264
2022-01-19,0.2356,0.3452
2022-01-20,0.649,-0.0613
2022-01-21,-1.9384,-1.1982
2022-01-24,-3.7987,-2.6285
2022-01-25,0.751,1.0183
2022-01-26,2.2185,1.3338
2022-01-27,0.4197,1.1316
2022-01-28,-1.3226,-1.1681
2022-01-31,0.9939,-0.0228
2022-02-01,0.9578,0.9567
2022-02-02,-0.036,0.6266
2022-02-03,-1.571,-0.7142
2022-02-04,-1.7498,-0.1652
2022-02-07,0.7092,0.7593
2022-02-08,0.235,-0.0845
2022-02-09,1.5721,1.009
2022-02-10,0.0545,0.3791
2022-02-11,-0.4217,-0.1483
2022-02-14,-2.0172,-1.6895
2022-02-15,1.9766,1.0267
2022-02-16,-0.2752,-0.0676
2022-02-17,-0.668,-0.8734
2022-02-18,-1.4745,-0.3151
2022-02-21,-2.0701,-0.3898
2022-02-22,-0.2588,0.132
2022-02-23,-0.4195,0.053
2022-02-24,-3.959,-3.8783
2022-02-25,3.6659,3.9138
2022-02-28,-0.7291,-0.4167
2022-03-01,-3.846,-1.7169
2022-03-02,0.6851,1.3555
2022-03-03,-2.1551,-2.5669
2022-03-04,-4.4083,-3.4772
2022-03-07,-1.9847,-0.3959
2022-03-08,-0.0245,0.0665
2022-03-09,7.9213,3.254
2022-03-10,-2.9306,-1.2743
2022-03-11,1.3838,0.7966
2022-03-14,2.2087,0.5287
2022-03-15,-0.085,-0.247
2022-03-16,3.7613,1.6163
2022-03-17,-0.3648,1.2845
2022-03-18,0.174,0.2625
2022-03-21,-0.5975,0.5086
2022-03-22,1.0207,0.4613
2022-03-23,-1.3097,-0.2152
2022-03-24,-0.069,0.0905
2022-03-25,0.224,0.2139
2022-03-28,0.7802,-0.1364
2022-03-29,2.795,0.8579
2022-03-30,-1.4459,0.5506
2022-03-31,-1.3097,-0.8322
2022-04-01,0.2201,0.2956
2022-04-04,0.4962,0.2789
2022-04-05,-0.6461,0.725
2022-04-06,-1.8903,-0.3418
2022-04-07,-0.5197,-0.473
2022-04-08,1.4599,1.5592
2022-04-11,-0.6363,-0.6682
2022-04-12,-0.4779,-0.5467
2022-04-13,-0.3434,0.0546
2022-04-14,0.621,0.4693
2022-04-15,0.0,0.0
2022-04-18,0.0,0.0
2022-04-19,-0.0734,-0.1983
2022-04-20,1.4736,0.3676
2022-04-21,0.9774,-0.0166
2022-04-22,-2.4846,-1.3932
2022-04-25,-1.5409,-1.8764
2022-04-26,-1.2049,0.0766
2022-04-27,0.2729,0.5337
2022-04-28,1.3477,1.1256
2022-04-29,0.8444,0.4709
2022-05-02,-1.1265,0.0
2022-05-03,0.7203,0.2224
2022-05-04,-0.489,-0.8977
2022-05-05,-0.4889,0.131
2022-05-06,-1.6416,-1.5371
2022-05-09,-2.1472,-2.3195
2022-05-10,1.1514,0.3691
2022-05-11,2.1714,1.4419
2022-05-12,-0.6436,-1.5559
2022-05-13,2.0982,2.555
2022-05-16,-0.453,0.6289
2022-05-17,1.5866,0.7174
2022-05-18,-1.256,-1.0675
2022-05-19,-0.8956,-1.8197
2022-05-20,0.7175,1.1946
2022-05-23,1.3839,1.6706
2022-05-24,-1.8035,-0.3872
2022-05-25,0.6335,0.5131
2022-05-26,1.5945,0.5606
2022-05-27,1.6225,0.2715
2022-05-30,0.7868,0.1925
2022-05-31,-1.2873,0.1
2022-06-01,-0.3328,-0.982
2022-06-02,1.009,0.0
2022-06-03,-0.1731,0.0
2022-06-06,1.3397,0.9992
2022-06-07,-0.6632,-0.1221
2022-06-08,-0.76,-0.078
2022-06-09,-1.7111,-1.5381
2022-06-10,-3.0775,-2.1226
2022-06-13,-2.4328,-1.5266
2022-06-14,-0.9134,-0.2547
2022-06-15,1.3597,1.1958
2022-06-16,-3.3132,-3.1406
2022-06-17,0.6732,-0.4078
2022-06-20,1.0615,1.5045
2022-06-21,0.202,0.4246
2022-06-22,-1.1143,-0.8785
2022-06-23,-1.7627,-0.9701
2022-06-24,1.5918,2.683
2022-06-27,0.5179,0.6868
2022-06-28,0.347,0.8968
2022-06-29,-1.7267,-0.1514
2022-06-30,-1.6886,-1.9562
2022-07-01,0.2289,-0.0088
2022-07-04,-0.3095,0.8928
2022-07-05,-2.9137,-2.8645
2022-07-06,1.5589,1.1715
2022-07-07,1.9747,1.144
2022-07-08,1.3393,0.0996
2022-07-11,-1.4044,0.0049
2022-07-12,0.5692,0.1844
2022-07-13,-1.1558,-0.7419
2022-07-14,-1.8552,-1.6288
2022-07-15,2.7561,1.6932
2022-07-18,0.7392,0.8972
2022-07-19,2.6899,1.0112
2022-07-20,-0.1986,-0.4382
2022-07-21,-0.2661,0.0853
2022-07-22,0.0531,0.0806
2022-07-25,-0.3272,0.4113
2022-07-26,-0.8583,-0.0003
2022-07-27,0.5303,0.5742
2022-07-28,0.879,-0.0406
2022-07-29,1.5204,1.0644
2022-08-01,-0.0328,-0.1348
2022-08-02,-0.2257,-0.0581
2022-08-03,1.0288,0.4936
2022-08-04,0.5529,0.032
2022-08-05,-0.6496,-0.1117
2022-08-08,0.8381,0.573
2022-08-09,-1.1157,0.0772
2022-08-10,1.2262,0.2532
2022-08-11,-0.0469,-0.5488
2022-08-12,0.74,0.4685
2022-08-15,0.1505,0.1101
2022-08-16,0.6768,0.3584
2022-08-17,-2.0374,-0.2695
2022-08-18,0.5188,0.3473
2022-08-19,-1.1162,0.113
2022-08-22,-2.3179,-0.2196
2022-08-23,-0.2747,-0.6063
2022-08-24,0.1958,-0.2217
2022-08-25,0.3926,0.1102
2022-08-26,-2.2641,-0.701
2022-08-29,-0.605,0.0
2022-08-30,0.5286,-0.8843
2022-08-31,-0.9735,-1.0525
2022-09-01,-1.5951,-1.8623
2022-09-02,3.3257,1.8562
2022-09-05,-2.2183,0.0857
2022-09-06,0.8672,0.1785
2022-09-07,0.346,-0.8576
2022-09-08,-0.0902,0.3348
2022-09-09,1.425,1.2257
2022-09-12,2.3996,1.6591
2022-09-13,-1.5917,-1.1665
2022-09-14,-1.2203,-1.4698
2022-09-15,-0.5476,0.0655
2022-09-16,-1.6625,-0.6233
2022-09-19,0.4865,0.0
2022-09-20,-1.0342,-0.6083
2022-09-21,0.7602,0.6254
2022-09-22,-1.8447,-1.0794
2022-09-23,-1.9745,-1.9683
2022-09-26,-0.4581,0.0335
2022-09-27,-0.7216,-0.5179
2022-09-28,0.3592,0.2978
2022-09-29,-1.705,-1.7672
2022-09-30,1.1591,0.1776
2022-10-03,0.7852,0.2169
2022-10-04,3.7758,2.5721
2022-10-05,-1.2099,-0.4775
2022-10-06,-0.3707,-0.7848
2022-10-07,-1.5859,-0.0883
2022-10-10,-0.0005,-0.4546
2022-10-11,-0.4293,-1.0645
2022-10-12,-0.3927,-0.8581
2022-10-13,1.506,0.3533
2022-10-14,0.6655,0.1244
2022-10-17,1.6982,0.8959
2022-10-18,0.9217,0.2384
2022-10-19,-0.1896,-0.1694
2022-10-20,0.2041,0.2732
2022-10-21,-0.286,0.3718
2022-10-24,1.5753,0.635
2022-10-25,0.9396,-0.0073
2022-10-26,1.0944,0.6073
2022-10-27,0.1169,0.2497
2022-10-28,0.243,-0.3678
2022-10-31,0.0786,0.6649
2022-11-01,0.6413,1.2916
2022-11-02,-0.6148,-0.5847
2022-11-03,-0.9546,0.6227
2022-11-04,2.5107,2.0339
2022-11-07,0.5473,-0.4751
2022-11-08,1.147,0.0842
2022-11-09,-0.1639,-0.1354
2022-11-10,3.5106,1.084
2022-11-11,0.5568,-0.7769
2022-11-14,0.6217,0.9173
2022-11-15,0.4556,-0.213
2022-11-16,-1.0048,-0.2476
2022-11-17,0.2273,-0.0633
2022-11-18,1.1599,0.5306
2022-11-21,-0.3598,-0.1174
2022-11-22,0.295,1.0301
2022-11-23,0.0363,0.1664
2022-11-24,0.7761,0.0182
2022-11-25,0.0125,0.2688
2022-11-28,-1.0867,-0.169
2022-11-29,-0.194,0.5082
2022-11-30,0.2897,0.8127
2022-12-01,0.6478,-0.1923
2022-12-02,0.2698,-0.0299
2022-12-05,-0.5629,0.1497
2022-12-06,-0.7227,-0.6098
2022-12-07,-0.5717,-0.4281
2022-12-08,0.0236,-0.2273
2022-12-09,0.7442,0.0597
2022-12-12,-0.446,-0.4101
2022-12-13,1.3369,0.7644
2022-12-14,-0.26,-0.0928
2022-12-15,-3.2778,-0.9306
2022-12-16,-0.6661,-1.2665
2022-12-19,0.3585,0.3981
2022-12-20,-0.4175,0.1265
2022-12-21,1.5352,1.719
2022-12-22,-1.3034,-0.374
2022-12-23,0.193,0.0499
2022-12-26,0.0,0.0
2022-12-27,0.3886,0.0
2022-12-28,-0.4966,0.3236
2022-12-29,1.0493,0.2071
2022-12-30,-1.0527,-0.8117
2023-01-02,1.0462,0.0
2023-01-03,0.799,1.3735
2023-01-04,2.1796,0.4117
2023-01-05,-0.3759,0.6362
2023-01-06,1.2033,0.8651
2023-01-09,1.2513,0.3305
2023-01-10,-0.1232,-0.3942
2023-01-11,1.173,0.3963
2023-01-12,0.7385,0.894
2023-01-13,0.1874,0.6419
2023-01-16,0.315,0.204
2023-01-17,0.3504,-0.115
2023-01-18,-0.0347,-0.2589
2023-01-19,-1.7221,-1.0652
2023-01-20,0.7587,0.3008
2023-01-23,0.4616,0.1812
2023-01-24,-0.0652,-0.3508
2023-01-25,-0.076,-0.161
2023-01-26,0.3396,0.2097
2023-01-27,0.1135,0.0521
2023-01-30,-0.1581,0.254
2023-01-31,0.0145,-0.1692
2023-02-01,0.3468,-0.1363
2023-02-02,2.1636,0.7608
2023-02-03,-0.2112,1.044
2023-02-06,-0.8433,-0.8237
2023-02-07,-0.1631,0.3573
2023-02-08,0.5951,0.2601
2023-02-09,0.7226,0.3295
2023-02-10,-1.3878,-0.3628
2023-02-13,0.5837,0.8265
2023-02-14,-0.109,0.0786
2023-02-15,0.8178,0.5529
2023-02-16,0.1761,0.1838
2023-02-17,-0.3324,-0.102
2023-02-20,-0.0287,0.1243
2023-02-21,-0.5164,-0.4562
2023-02-22,0.0147,-0.5906
2023-02-23,0.4922,-0.2889
2023-02-24,-1.7185,-0.3675
2023-02-27,1.1288,0.7165
2023-02-28,-0.1059,-0.7414
2023-03-01,-0.3913,0.4907
2023-03-02,0.1478,0.3678
2023-03-03,1.6359,0.0386
2023-03-06,0.4827,-0.2179
2023-03-07,-0.6008,-0.13
2023-03-08,0.4649,0.1318
2023-03-09,0.0086,-0.6298
2023-03-10,-1.3128,-1.6704
2023-03-13,-3.0367,-2.5776
2023-03-14,1.8273,1.1721
2023-03-15,-3.2664,-3.8321
2023-03-16,1.5734,0.8929
2023-03-17,-1.3289,-1.0071
2023-03-20,1.1185,0.9331
2023-03-21,1.7542,1.7879
2023-03-22,0.1372,0.4063
2023-03-23,-0.0381,-0.8886
2023-03-24,-1.6644,-1.2554
2023-03-27,1.1396,0.8956
2023-03-28,0.0948,0.167
2023-03-29,1.2334,1.0692
2023-03-30,1.2631,0.7424
2023-03-31,0.6857,0.1484
2023-04-03,-0.3066,0.5406
2023-04-04,0.1447,-0.5015
2023-04-05,-0.5339,0.3723
2023-04-06,0.5008,1.026
2023-04-07,0.0,0.0
2023-04-10,0.0,0.0
2023-04-11,0.3672,0.5704
2023-04-12,0.3094,0.5025
2023-04-13,0.1647,0.2369
2023-04-14,0.4961,0.3637
2023-04-17,-0.1137,0.0965
2023-04-18,0.5899,0.3798
2023-04-19,0.0789,-0.1349
2023-04-20,-0.6243,0.0486
2023-04-21,0.5425,0.1458
2023-04-24,-0.1115,-0.0244
2023-04-25,0.0516,-0.2663
2023-04-26,-0.4813,-0.4878
2023-04-27,0.0299,-0.2682
2023-04-28,0.7717,0.4979
2023-05-01,0.0,0.0
2023-05-02,-1.2275,-1.2393
2023-05-03,0.5603,0.1973
2023-05-04,-0.511,-1.1007
2023-05-05,1.4413,0.9833
2023-05-08,-0.0513,0.0
2023-05-09,0.0166,-0.1837
2023-05-10,-0.3713,-0.2931
2023-05-11,-0.3858,-0.1389
2023-05-12,0.4983,0.311
2023-05-15,0.0215,0.2976
2023-05-16,-0.1213,-0.3423
2023-05-17,0.3357,-0.3593
2023-05-18,1.3294,0.2469
2023-05-19,0.693,0.1882
2023-05-22,-0.3158,0.182
2023-05-23,-0.4384,-0.1035
2023-05-24,-1.9237,-1.75
2023-05-25,-0.3051,-0.7372
2023-05-26,1.2041,0.744
2023-05-29,-0.1954,0.0
2023-05-30,-0.2747,-1.3784
2023-05-31,-1.5393,-1.0094
2023-06-01,1.2107,0.5927
2023-06-02,1.2462,1.5622
2023-06-05,-0.5441,-0.0958
2023-06-06,0.1788,0.3699
2023-06-07,-0.1993,-0.0493
2023-06-08,0.1842,-0.3227
2023-06-09,-0.2509,-0.4919
2023-06-12,0.9281,0.1102
2023-06-13,0.825,0.3182
2023-06-14,0.4936,0.1048
2023-06-15,-0.1267,0.3357
2023-06-16,0.4144,0.1896
2023-06-19,-0.9563,-0.7097
2023-06-20,-0.5548,-0.2526
2023-06-21,-0.5474,-0.1338
2023-06-22,-0.2182,-0.756
2023-06-23,-0.9896,-0.5353
2023-06-26,-0.1066,-0.1111
2023-06-27,0.2137,0.1057
2023-06-28,0.6445,0.5231
2023-06-29,-0.0143,-0.384
2023-06-30,1.2616,0.8009
2023-07-03,-0.414,-0.0567
2023-07-04,-0.2604,-0.1002
2023-07-05,-0.6334,-1.0322
2023-07-06,-2.5665,-2.1714
2023-07-07,0.4821,-0.3236
2023-07-10,0.4471,0.2322
2023-07-11,0.7476,0.12
2023-07-12,1.4734,1.8344
2023-07-13,0.7366,0.325
2023-07-14,-0.2228,-0.0758
2023-07-17,-0.2261,-0.3786
2023-07-18,0.3537,0.6382
2023-07-19,-0.1027,1.8046
2023-07-20,0.5915,0.7624
2023-07-21,-0.1666,0.2312
2023-07-24,0.0849,0.1939
2023-07-25,0.1275,0.172
2023-07-26,-0.4943,-0.1938
2023-07-27,1.7021,0.2067
2023-07-28,0.3884,0.0196
2023-07-31,-0.1392,0.0668
2023-08-01,-1.2551,-0.4304
2023-08-02,-1.357,-1.3649
2023-08-03,-0.7905,-0.4294
2023-08-04,0.368,0.4676
2023-08-07,-0.0069,-0.1306
2023-08-08,-1.1023,-0.3583
2023-08-09,0.4922,0.7955
2023-08-10,0.908,0.4125
2023-08-11,-1.0274,-1.2396
2023-08-14,0.4553,-0.2261
2023-08-15,-0.8612,-1.5653
2023-08-16,0.1406,-0.4433
2023-08-17,-0.7128,-0.6344
2023-08-18,-0.6547,-0.6536
2023-08-21,0.1863,-0.0635
2023-08-22,0.6559,0.1783
2023-08-23,0.1451,0.6845
2023-08-24,-0.6798,0.1789
2023-08-25,0.0661,0.0675
2023-08-28,1.0286,0.0
2023-08-29,0.8755,1.7225
2023-08-30,-0.2445,0.1163
2023-08-31,0.347,-0.4622
2023-09-01,-0.6693,0.3416
2023-09-04,-0.0978,-0.1578
2023-09-05,-0.3358,-0.199
2023-09-06,-0.1924,-0.1585
2023-09-07,-0.1443,0.2098
2023-09-08,0.166,0.4901
2023-09-11,0.3572,0.2498
2023-09-12,-0.5409,0.409
2023-09-13,-0.3913,-0.0205
2023-09-14,0.9663,1.9544
2023-09-15,0.5583,0.4991
2023-09-18,-1.047,-0.7578
2023-09-19,-0.3983,0.0949
2023-09-20,0.7476,0.9327
2023-09-21,-1.329,-0.6859
2023-09-22,-0.0936,0.0689
2023-09-25,-0.9757,-0.7798
2023-09-26,-0.9712,0.0227
2023-09-27,-0.2518,-0.4262
2023-09-28,0.6969,0.1137
2023-09-29,0.4117,0.082
2023-10-02,-0.9058,-1.2797
2023-10-03,-1.0625,-0.54
2023-10-04,0.0975,-0.7725
2023-10-05,-0.1967,0.5274
2023-10-06,1.0587,0.5776
2023-10-09,-0.6675,-0.0316
2023-10-10,1.9527,1.8152
2023-10-11,0.2366,-0.1072
2023-10-12,-0.2263,0.3248
2023-10-13,-1.5453,-0.591
2023-10-16,0.338,0.4083
2023-10-17,0.0899,0.5842
2023-10-18,-1.028,-1.1363
2023-10-19,-0.3291,-1.1659
2023-10-20,-1.6401,-1.2986
2023-10-23,0.0152,-0.3689
2023-10-24,0.5352,0.2016
2023-10-25,0.0823,0.3334
2023-10-26,-1.082,-0.8061
2023-10-27,-0.2962,-0.8606
2023-10-30,0.1983,0.4952
2023-10-31,0.6374,-0.0774
2023-11-01,0.7625,0.2829
2023-11-02,1.4764,1.4178
2023-11-03,0.3014,-0.3868
2023-11-06,-0.3508,0.0004
2023-11-07,0.1101,-0.1041
2023-11-08,0.5079,-0.1123
2023-11-09,0.8072,0.7289
2023-11-10,-0.7696,-1.2758
2023-11-13,0.7261,0.8869
2023-11-14,1.7558,0.1971
2023-11-15,0.8565,0.6242
2023-11-16,0.2441,-1.0143
2023-11-17,0.8396,1.2587
2023-11-20,-0.112,-0.1051
2023-11-21,-0.005,-0.1917
2023-11-22,0.3603,-0.1668
2023-11-23,0.2313,0.1884
2023-11-24,0.2173,0.0617
2023-11-27,-0.3938,-0.3672
2023-11-28,0.1647,-0.0732
2023-11-29,1.0866,-0.4263
2023-11-30,0.303,0.408
2023-12-01,1.1229,1.0143
2023-12-04,0.0442,-0.2177
2023-12-05,0.7824,-0.3077
2023-12-06,0.746,0.341
2023-12-07,-0.1648,-0.0221
2023-12-08,0.7832,0.5423
2023-12-11,0.2101,-0.1268
2023-12-12,-0.016,-0.0281
2023-12-13,-0.153,0.0752
2023-12-14,-0.0824,1.3319
2023-12-15,-0.0047,-0.9494
2023-12-18,-0.6023,0.5031
2023-12-19,0.5637,0.3093
2023-12-20,-0.0678,1.0166
2023-12-21,-0.2727,-0.2715
2023-12-22,0.1124,0.0361
2023-12-25,0.0,0.0
2023-12-26,0.0,0.0
2023-12-27,0.2148,0.3565
2023-12-28,-0.242,-0.0286
2023-12-29,0.2999,0.136
2024-01-01,0.0,0.0
2024-01-02,0.1058,-0.1516
2024-01-03,-1.3773,-0.5075
2024-01-04,0.4771,0.5303
2024-01-05,-0.1389,-0.4332
2024-01-08,0.7368,0.0596
2024-01-09,-0.1682,-0.133
2024-01-10,0.0087,-0.4191
2024-01-11,-0.8555,-0.9824
2024-01-12,0.952,0.638
2024-01-15,-0.4929,-0.3937
2024-01-16,-0.3041,-0.4815
2024-01-17,-0.8448,-1.4825
2024-01-18,0.8256,0.1719
2024-01-19,-0.0738,0.0381
2024-01-22,0.7746,0.3455
2024-01-23,-0.3373,-0.0264
2024-01-24,1.5807,0.5603
2024-01-25,0.1007,0.0274
2024-01-26,0.3222,1.3993
2024-01-29,-0.116,-0.0308
2024-01-30,0.1808,0.4398
2024-01-31,-0.4041,-0.4662
2024-02-01,-0.2646,-0.1102
2024-02-02,0.351,-0.0869
2024-02-05,-0.0836,-0.0352
2024-02-06,0.7642,0.8952
2024-02-07,-0.6533,-0.6804
2024-02-08,0.2474,-0.4361
2024-02-09,-0.2201,-0.3015
2024-02-12,0.6549,0.0147
2024-02-13,-0.9187,-0.8108
2024-02-14,0.383,0.747
2024-02-15,0.5973,0.3849
2024-02-16,0.415,1.5029
2024-02-19,-0.1471,0.2177
2024-02-20,-0.1394,-0.1202
2024-02-21,0.2911,-0.7345
2024-02-22,1.4741,0.2869
2024-02-23,0.2814,0.2836
2024-02-26,0.0224,-0.2852
2024-02-27,0.7648,-0.0167
2024-02-28,0.2548,-0.7554
2024-02-29,0.4373,0.0661
2024-03-01,0.3218,0.6878
2024-03-04,-0.1066,-0.5489
2024-03-05,-0.1003,0.0763
2024-03-06,0.1035,0.4336
2024-03-07,0.712,0.1712
2024-03-08,-0.1588,-0.4254
2024-03-11,-0.3831,0.1239
2024-03-12,1.2332,1.0246
2024-03-13,-0.0208,0.3144
2024-03-14,-0.1077,-0.3734
2024-03-15,-0.03,-0.2031
2024-03-18,-0.0221,-0.063
2024-03-19,0.3056,0.2039
2024-03-20,0.1537,-0.0119
2024-03-21,0.911,1.8762
2024-03-22,0.1468,0.6136
2024-03-25,0.3041,-0.1683
2024-03-26,0.6738,0.1691
2024-03-27,0.5045,0.0129
2024-03-28,0.0833,0.2602
2024-04-02,-1.1321,-0.2204
2024-04-03,0.4627,0.0296
2024-04-04,0.1928,0.4844
2024-04-05,-1.2394,-0.8116
2024-04-08,0.7919,0.4084
2024-04-09,-1.3226,-0.1093
2024-04-10,0.114,0.333
2024-04-11,-0.7892,-0.4699
2024-04-12,-0.1346,0.9059
2024-04-15,0.5369,-0.3758
2024-04-16,-1.4443,-1.8225
2024-04-17,0.0213,0.3533
2024-04-18,0.3792,0.3703
2024-04-19,-0.5608,0.2387
2024-04-22,0.6959,1.6214
2024-04-23,1.55,0.261
2024-04-24,-0.2699,-0.0551
2024-04-25,-0.9477,0.4786
2024-04-26,1.3603,0.7547
2024-04-29,-0.2351,0.0885
2024-04-30,-1.0274,-0.0356
2024-05-02,-0.1989,0.3441
2024-05-03,0.5873,0.5059
2024-05-06,0.9644,0.0
2024-05-07,1.4021,1.2197
2024-05-08,0.3708,0.4857
2024-05-09,1.0175,0.3268
2024-05-10,0.4616,0.6253
2024-05-13,-0.1632,-0.2226
2024-05-14,-0.1377,0.1561
2024-05-15,0.8171,0.2097
2024-05-16,-0.6919,-0.0847
2024-05-17,-0.1835,-0.2179
2024-05-20,0.3451,0.0468
2024-05-21,-0.2248,-0.092
2024-05-22,-0.2486,-0.548
2024-05-23,0.0595,-0.3716
2024-05-24,0.011,-0.2595
2024-05-27,0.4351,0.0
2024-05-28,-0.5158,-0.7624
2024-05-29,-1.0953,-0.8615
2024-05-30,0.1272,0.5863
2024-05-31,0.0062,0.5386
2024-06-03,0.5959,-0.1526
2024-06-04,-1.0883,-0.3717
2024-06-05,0.9253,0.1811
2024-06-06,0.4131,0.4655
2024-06-07,-0.5115,-0.4824
2024-06-10,-0.3361,-0.2048
2024-06-11,-0.6756,-0.9804
2024-06-12,1.4204,0.8305
2024-06-13,-1.9601,-0.6306
2024-06-14,-1.4435,-0.2059
2024-06-17,0.3677,-0.0578
2024-06-18,0.3529,0.6035
2024-06-19,-0.3533,0.1687
2024-06-20,1.0309,0.8208
2024-06-21,-0.4967,-0.4199
2024-06-24,0.8922,0.5321
2024-06-25,-0.8074,-0.4077
2024-06-26,-0.1231,-0.2723
2024-06-27,0.3047,-0.555
2024-06-28,0.1367,-0.1902
2024-07-01,0.3028,0.0323
2024-07-02,-0.6922,-0.5579
2024-07-03,1.1587,0.6147
2024-07-04,0.4133,0.8584
2024-07-05,0.1353,-0.453
2024-07-08,-0.0184,-0.1273
2024-07-09,-1.2768,-0.6552
2024-07-10,0.9379,0.6597
2024-07-11,0.6918,0.3641
2024-07-12,1.1525,0.3596
2024-07-15,-0.839,-0.8476
2024-07-16,-0.3919,-0.2207
2024-07-17,-0.436,0.2763
2024-07-18,-0.4477,0.2129
2024-07-19,-0.9961,-0.5993
2024-07-22,1.294,0.528
2024-07-23,0.8183,-0.3831
2024-07-24,-0.9174,-0.1675
2024-07-25,-0.4826,0.4006
2024-07-26,0.6494,1.2137
2024-07-29,-0.526,0.0801
2024-07-30,0.494,-0.2163
2024-07-31,0.5294,1.1308
2024-08-01,-2.2995,-1.0112
2024-08-02,-2.3327,-1.3117
2024-08-05,-1.8244,-2.0365
2024-08-06,0.0884,0.2305
2024-08-07,1.503,1.7465
2024-08-08,0.3704,-0.2683
2024-08-09,0.2403,0.284
2024-08-12,0.0203,0.516
2024-08-13,0.4828,0.3043
2024-08-14,0.4129,0.5564
2024-08-15,1.6641,0.8006
2024-08-16,0.7653,-0.4306
2024-08-19,0.5419,0.5478
2024-08-20,-0.3483,-1.0006
2024-08-21,0.4981,0.1222
2024-08-22,0.2409,0.0552
2024-08-23,0.7555,0.48
2024-08-26,-0.0863,0.0
2024-08-27,0.348,0.2123
2024-08-28,0.5378,-0.0193
2024-08-29,0.6936,0.4289
2024-08-30,-0.0299,-0.0359
2024-09-02,0.1266,-0.1527
2024-09-03,-0.9706,-0.7817
2024-09-04,-0.8282,-0.3478
2024-09-05,-0.0826,-0.3373
2024-09-06,-1.4782,-0.7309
2024-09-09,0.774,1.0923
2024-09-10,-0.9632,-0.7842
2024-09-11,0.3523,-0.1467
2024-09-12,1.0263,0.574
2024-09-13,0.9775,0.3898
2024-09-16,-0.3545,0.0647
2024-09-17,0.499,0.3795
2024-09-18,-0.0779,-0.6761
2024-09-19,1.5546,0.9092
2024-09-20,-1.486,-1.1854
2024-09-23,0.6772,0.3611
2024-09-24,0.795,0.2791
2024-09-25,-0.4113,-0.1698
2024-09-26,1.6907,0.196
2024-09-27,1.2229,0.4327
2024-09-30,-0.7636,-1.0072
2024-10-01,-0.5785,0.482
2024-10-02,-0.2519,0.1717
2024-10-03,-0.7792,-0.1006
2024-10-04,0.5549,-0.0228
2024-10-07,-0.088,0.2776
2024-10-08,-0.197,-1.361
2024-10-09,0.9884,0.6487
2024-10-10,-0.2287,-0.0729
2024-10-11,0.8481,0.1933
2024-10-14,0.694,0.4726
2024-10-15,-0.1133,-0.5231
2024-10-16,-0.2739,0.9672
2024-10-17,0.7749,0.6731
2024-10-18,0.3778,-0.3206
2024-10-21,-0.998,-0.4787
2024-10-22,-0.2018,-0.1407
2024-10-23,-0.228,-0.5767
2024-10-24,0.3374,0.13
2024-10-25,0.1059,-0.2484
2024-10-28,0.3495,0.4459
2024-10-29,-0.2742,-0.7967
2024-10-30,-1.1332,-0.7297
2024-10-31,-0.9337,-0.607
2024-11-01,0.93,0.8267
2024-11-04,-0.5563,0.0867
2024-11-05,0.5662,-0.1448
2024-11-06,-1.1267,-0.0699
2024-11-07,1.6976,-0.3176
2024-11-08,-0.7594,-0.8396
2024-11-11,1.2132,0.6541
2024-11-12,-2.1336,-1.2236
2024-11-13,-0.1604,0.0568
2024-11-14,1.3713,0.5088
2024-11-15,-0.2746,-0.0939
2024-11-18,-0.1125,0.5669
2024-11-19,-0.6716,-0.127
2024-11-20,-0.2913,-0.1722
2024-11-21,0.744,0.7941
2024-11-22,0.9214,1.3843
2024-11-25,0.4275,0.3583
2024-11-26,-0.5628,-0.3988
2024-11-27,-0.1774,0.1954
2024-11-28,0.8513,0.0782
2024-11-29,1.0333,0.0734
2024-12-02,1.5651,0.3088
2024-12-03,0.417,0.5596
2024-12-04,1.076,-0.2823
2024-12-05,0.626,0.1628
2024-12-06,0.1268,-0.4883
2024-12-09,-0.1896,0.5232
2024-12-10,-0.0826,-0.8587
2024-12-11,0.3443,0.2568
2024-12-12,0.1329,0.1221
2024-12-13,-0.0996,-0.1375
2024-12-16,-0.4514,-0.4612
2024-12-17,-0.332,-0.8091
2024-12-18,-0.0188,0.0477
2024-12-19,-1.3472,-1.1439
2024-12-20,-0.4262,-0.2555
2024-12-23,-0.1809,0.224
2024-12-27,0.6829,0.5808
2024-12-30,-0.3762,-0.353
