Date,Market
1979-01-02,NaN
1979-01-03,1.08
1979-01-04,0.7714
1979-01-05,0.5317
1979-01-08,-0.3592
1979-01-09,0.5104
1979-01-10,-0.5898
1979-01-11,0.308
1979-01-12,0.8113
1979-01-15,0.734
1979-01-16,-1.2481
1979-01-17,-0.0064
1979-01-18,0.2147
1979-01-19,0.0037
1979-01-22,0.1241
1979-01-23,0.6744
1979-01-24,-0.4637
1979-01-25,1.0021
1979-01-26,0.6359
1979-01-29,-0.3306
1979-01-30,-0.5184
1979-01-31,-1.1345
1979-02-01,0.004
1979-02-02,-0.4862
1979-02-05,-1.4429
1979-02-06,-0.0667
1979-02-07,-0.9337
1979-02-08,0.4784
1979-02-09,0.1991
1979-02-12,NaN
1979-02-13,0.7173
1979-02-14,-0.0867
1979-02-15,-0.1676
1979-02-16,-0.0869
1979-02-20,0.7337
1979-02-21,-0.3785
1979-02-22,-0.7734
1979-02-23,-0.5859
1979-02-26,-0.1391
1979-02-27,-1.6034
1979-02-28,0.1295
1979-03-01,0.6175
1979-03-02,0.0458
1979-03-05,1.0976
1979-03-06,-0.2202
1979-03-07,0.5559
1979-03-08,1.1316
1979-03-09,-0.0669
1979-03-12,0.1039
1979-03-13,0.1438
1979-03-14,-0.157
1979-03-15,0.1238
1979-03-16,0.8044
1979-03-19,0.3408
1979-03-20,-0.5809
1979-03-21,0.7194
1979-03-22,0.3879
1979-03-23,-0.0957
1979-03-26,-0.578
1979-03-27,1.3985
1979-03-28,-0.3778
1979-03-29,-0.1145
1979-03-30,-0.4578
1979-04-02,-0.706
1979-04-03,1.4599
1979-04-04,0.2175
1979-04-05,0.5676
1979-04-06,-0.1045
1979-04-09,-0.3275
1979-04-10,0.4295
1979-04-11,-1.024
1979-04-12,-0.3303
1979-04-16,-0.8899
1979-04-17,0.092
1979-04-18,0.4283
1979-04-19,-0.4391
1979-04-20,-0.0755
1979-04-23,0.31
1979-04-24,0.5947
1979-04-25,0.2681
1979-04-26,-0.5037
1979-04-27,-0.233
1979-04-30,-0.0662
1979-05-01,-0.1053
1979-05-02,0.0125
1979-05-03,0.0615
1979-05-04,-1.1273
1979-05-07,-1.6857
1979-05-08,0.1243
1979-05-09,0.2653
1979-05-10,-0.9722
1979-05-11,-0.0269
1979-05-14,-0.4938
1979-05-15,0.0546
1979-05-16,0.2584
1979-05-17,1.5175
1979-05-18,-0.0373
1979-05-21,0.1827
1979-05-22,0.3422
1979-05-23,-0.644
1979-05-24,0.0132
1979-05-25,0.2634
1979-05-29,-0.1965
1979-05-30,NaN
1979-05-31,-0.0572
1979-06-01,0.0641
1979-06-04,0.1244
1979-06-05,1.2824
1979-06-06,0.6495
1979-06-07,0.4576
1979-06-08,-0.3205
1979-06-11,0.3884
1979-06-12,0.8974
1979-06-13,-0.55
1979-06-14,-0.1325
1979-06-15,-0.1333
1979-06-18,-0.5443
1979-06-19,-0.0055
1979-06-20,0.0241
1979-06-21,0.4274
1979-06-22,0.5135
1979-06-25,-0.5604
1979-06-26,-0.4458
1979-06-27,0.5753
1979-06-28,0.4932
1979-06-29,0.0819
1979-07-02,-0.9191
1979-07-03,0.0726
1979-07-05,0.3072
1979-07-06,1.1359
1979-07-09,0.7943
1979-07-10,-0.2846
1979-07-11,-0.5635
1979-07-12,-0.9427
1979-07-13,-0.3864
1979-07-16,0.3842
1979-07-17,-0.9118
1979-07-18,-0.1635
1979-07-19,-0.1047
1979-07-20,0.1802
1979-07-23,-0.2524
1979-07-24,0.3477
1979-07-25,1.0626
1979-07-26,-0.0063
1979-07-27,-0.0259
1979-07-30,0.023
1979-07-31,0.614
1979-08-01,0.321
1979-08-02,-0.0934
1979-08-03,-0.084
1979-08-06,0.2236
1979-08-07,1.2679
1979-08-08,0.2859
1979-08-09,-0.4888
1979-08-10,0.836
1979-08-13,0.932
1979-08-14,0.0664
1979-08-15,0.6521
1979-08-16,-0.1746
1979-08-17,0.1673
1979-08-20,0.4627
1979-08-21,0.0467
1979-08-22,0.0466
1979-08-23,-0.3571
1979-08-24,-0.0547
1979-08-27,0.4701
1979-08-28,-0.1373
1979-08-29,-0.0275
1979-08-30,-0.0274
1979-08-31,0.2476
1979-09-04,-1.7479
1979-09-05,-0.9963
1979-09-06,0.394
1979-09-07,0.7287
1979-09-10,0.444
1979-09-11,-0.6396
1979-09-12,0.2589
1979-09-13,-0.0017
1979-09-14,0.8148
1979-09-17,0.0444
1979-09-18,-0.8011
1979-09-19,0.2306
1979-09-20,2.0307
1979-09-21,-0.0646
1979-09-24,-0.8067
1979-09-25,0.0356
1979-09-26,0.2265
1979-09-27,0.1984
1979-09-28,-0.836
1979-10-01,-0.7238
1979-10-02,0.9196
1979-10-03,-0.0292
1979-10-04,0.4995
1979-10-05,0.9683
1979-10-08,NaN
1979-10-09,-2.9911
1979-10-10,-1.2804
1979-10-11,-0.27
1979-10-12,-0.5651
1979-10-15,-1.1141
1979-10-16,-0.1979
1979-10-17,0.1609
1979-10-18,0.1788
1979-10-19,-1.9749
1979-10-22,-0.9122
1979-10-23,-0.4637
1979-10-24,0.1236
1979-10-25,-0.4734
1979-10-26,0.5364
1979-10-29,0.1053
1979-10-30,1.9121
1979-10-31,-0.8621
1979-11-01,0.7026
1979-11-02,-0.0925
1979-11-05,-0.7071
1979-11-06,NaN
1979-11-07,-1.3495
1979-11-08,0.3954
1979-11-09,1.1725
1979-11-12,NaN
1979-11-13,-0.5847
1979-11-14,0.4035
1979-11-15,0.6827
1979-11-16,-0.3601
1979-11-19,0.3901
1979-11-20,-0.5517
1979-11-21,0.1596
1979-11-23,0.7188
1979-11-26,2.0038
1979-11-27,-0.4245
1979-11-28,0.3345
1979-11-29,0.0057
1979-11-30,-0.6409
1979-12-03,-0.3442
1979-12-04,0.8742
1979-12-05,0.3979
1979-12-06,0.6665
1979-12-07,-0.4781
1979-12-10,0.1054
1979-12-11,-0.2019
1979-12-12,-0.0077
1979-12-13,0.1045
1979-12-14,1.1262
1979-12-17,0.3419
1979-12-18,-0.9764
1979-12-19,-0.1259
1979-12-20,0.0219
1979-12-21,-0.653
1979-12-24,0.0311
1979-12-26,0.0776
1979-12-27,0.1332
1979-12-28,-0.1448
1979-12-31,0.0588
1980-01-02,-2.054
1980-01-03,-0.5447
1980-01-04,1.2014
1980-01-07,0.2388
1980-01-08,1.9703
1980-01-09,0.0586
1980-01-10,0.738
1980-01-11,-0.0059
1980-01-14,0.3851
1980-01-15,0.6551
1980-01-16,-0.1143
1980-01-17,-0.3489
1980-01-18,0.3002
1980-01-21,0.8928
1980-01-22,-0.5606
1980-01-23,1.6969
1980-01-24,0.1949
1980-01-25,-0.1138
1980-01-28,1.0571
1980-01-29,-0.7137
1980-01-30,0.9564
1980-01-31,-0.9366
1980-02-01,0.8066
1980-02-04,-0.6853
1980-02-05,0.2191
1980-02-06,0.8905
1980-02-07,0.4503
1980-02-08,1.4021
1980-02-11,-0.7382
1980-02-12,NaN
1980-02-13,0.4237
1980-02-14,-1.4867
1980-02-15,-1.1585
1980-02-19,-0.7397
1980-02-20,1.5942
1980-02-21,-1.0596
1980-02-22,-0.246
1980-02-25,-1.525
1980-02-26,0.5344
1980-02-27,-1.4429
1980-02-28,-0.0651
1980-02-29,1.1264
1980-03-03,-1.0631
1980-03-04,0.206
1980-03-05,-1.5066
1980-03-06,-2.2761
1980-03-07,-1.655
1980-03-10,-0.4081
1980-03-11,1.1488
1980-03-12,-0.8885
1980-03-13,-1.2125
1980-03-14,-0.2231
1980-03-17,-3.0483
1980-03-18,1.758
1980-03-19,0.1612
1980-03-20,-1.1834
1980-03-21,-0.8284
1980-03-24,-3.0068
1980-03-25,-0.136
1980-03-26,-0.5593
1980-03-27,-0.509
1980-03-28,2.4628
1980-03-31,1.3602
1980-04-01,0.0456
1980-04-02,0.4472
1980-04-03,-0.5586
1980-04-07,-1.9595
1980-04-08,0.9671
1980-04-09,1.8469
1980-04-10,0.9003
1980-04-11,-0.3182
1980-04-14,-0.9544
1980-04-15,-0.2433
1980-04-16,-1.1002
1980-04-17,-0.5207
1980-04-18,-0.5321
1980-04-21,-0.7824
1980-04-22,3.6027
1980-04-23,0.2562
1980-04-24,0.6123
1980-04-25,0.6947
1980-04-28,0.4255
1980-04-29,0.178
1980-04-30,0.377
1980-05-01,-0.81
1980-05-02,0.0861
1980-05-05,0.7306
1980-05-06,-0.1489
1980-05-07,0.8501
1980-05-08,-1.0042
1980-05-09,-1.3533
1980-05-12,0.0331
1980-05-13,1.4274
1980-05-14,0.4946
1980-05-15,0.1068
1980-05-16,0.3111
1980-05-19,0.2731
1980-05-20,-0.0697
1980-05-21,0.0703
1980-05-22,1.1752
1980-05-23,1.4558
1980-05-27,0.684
1980-05-28,0.571
1980-05-29,-1.6195
1980-05-30,0.8579
1980-06-02,-0.4537
1980-06-03,-0.2471
1980-06-04,1.8795
1980-06-05,0.1303
1980-06-06,0.352
1980-06-09,0.4313
1980-06-10,0.8169
1980-06-11,1.1685
1980-06-12,-0.4483
1980-06-13,0.2337
1980-06-16,0.2239
1980-06-17,-0.0706
1980-06-18,0.1787
1980-06-19,-1.3958
1980-06-20,-0.5422
1980-06-23,0.3745
1980-06-24,0.5297
1980-06-25,1.3514
1980-06-26,-0.4753
1980-06-27,-0.1851
1980-06-30,-1.5394
1980-07-01,0.5814
1980-07-02,0.6303
1980-07-03,1.5168
1980-07-07,0.6835
1980-07-08,-0.403
1980-07-09,0.0964
1980-07-10,-0.8954
1980-07-11,0.7381
1980-07-14,1.8185
1980-07-15,-0.6142
1980-07-16,0.2548
1980-07-17,1.4907
1980-07-18,0.4717
1980-07-21,0.3631
1980-07-22,-0.2833
1980-07-23,-0.2348
1980-07-24,-0.1373
1980-07-25,-0.8519
1980-07-28,0.5151
1980-07-29,0.7755
1980-07-30,-0.1624
1980-07-31,-0.4824
1980-08-01,-0.4025
1980-08-04,-0.214
1980-08-05,-0.2229
1980-08-06,0.6469
1980-08-07,1.4162
1980-08-08,0.2272
1980-08-11,0.9217
1980-08-12,-0.8177
1980-08-13,-0.436
1980-08-14,1.5743
1980-08-15,0.3513
1980-08-18,-1.8789
1980-08-19,-0.6666
1980-08-20,0.9282
1980-08-21,1.3382
1980-08-22,0.4195
1980-08-25,-0.7099
1980-08-26,-0.2836
1980-08-27,-1.0857
1980-08-28,-1.1949
1980-08-29,0.2177
1980-09-02,1.0835
1980-09-03,1.896
1980-09-04,-0.5824
1980-09-05,-0.458
1980-09-08,-1.2856
1980-09-09,0.5881
1980-09-10,0.5685
1980-09-11,0.6525
1980-09-12,-0.1243
1980-09-15,0.0741
1980-09-16,0.8225
1980-09-17,1.6515
1980-09-18,-0.3933
1980-09-19,0.6338
1980-09-22,0.86
1980-09-23,-0.7729
1980-09-24,0.6977
1980-09-25,-1.2948
1980-09-26,-1.8717
1980-09-29,-2.2555
1980-09-30,1.5219
1980-10-01,1.2988
1980-10-02,0.7226
1980-10-03,0.9361
1980-10-06,1.8243
1980-10-07,-0.586
1980-10-08,0.4641
1980-10-09,-0.4947
1980-10-10,-0.604
1980-10-13,NaN
1980-10-14,-0.0391
1980-10-15,1.2418
1980-10-16,-1.1379
1980-10-17,-0.561
1980-10-20,0.7969
1980-10-21,-0.6135
1980-10-22,0.0274
1980-10-23,-1.845
1980-10-24,0.2139
1980-10-27,-1.5519
1980-10-28,0.0977
1980-10-29,-0.1447
1980-10-30,-1.3019
1980-10-31,0.8985
1980-11-03,1.1945
1980-11-05,1.7368
1980-11-06,-1.8808
1980-11-07,0.1726
1980-11-10,0.1941
1980-11-11,NaN
1980-11-12,2.4997
1980-11-13,1.3747
1980-11-14,0.4457
1980-11-17,0.3973
1980-11-18,1.3769
1980-11-19,-0.4969
1980-11-20,0.9241
1980-11-21,-0.9593
1980-11-24,-0.6159
1980-11-25,0.6974
1980-11-26,0.5627
1980-11-28,0.2087
1980-12-01,-2.3972
1980-12-02,-0.2169
1980-12-03,-0.2313
1980-12-04,-0.2103
1980-12-05,-1.84
1980-12-08,-2.5986
1980-12-09,-0.147
1980-12-10,-1.7493
1980-12-11,-0.7504
1980-12-12,1.4213
1980-12-15,0.1226
1980-12-16,0.841
1980-12-17,1.7067
1980-12-18,0.0368
1980-12-19,0.484
1980-12-22,1.5137
1980-12-23,-0.3945
1980-12-24,0.387
1980-12-26,0.4669
1980-12-29,-1.1677
1980-12-30,0.1822
1980-12-31,0.2773
1981-01-02,0.3858
1981-01-05,1.1573
1981-01-06,0.0703
1981-01-07,-2.242
1981-01-08,-1.5372
1981-01-09,0.2726
1981-01-12,-0.0131
1981-01-13,-0.2154
1981-01-14,0.0923
1981-01-15,0.5187
1981-01-16,0.3669
1981-01-19,-0.3416
1981-01-20,-2.0677
1981-01-21,-0.2648
1981-01-22,-0.882
1981-01-23,-0.0675
1981-01-26,-0.343
1981-01-27,0.9428
1981-01-28,-0.6375
1981-01-29,-0.1188
1981-01-30,-0.5711
1981-02-02,-2.08
1981-02-03,1.1793
1981-02-04,0.0597
1981-02-05,0.767
1981-02-06,0.7049
1981-02-09,-1.0624
1981-02-10,-0.067
1981-02-11,-0.8178
1981-02-12,NaN
1981-02-13,-0.4362
1981-02-17,0.6108
1981-02-18,0.4817
1981-02-19,-1.4965
1981-02-20,-0.0635
1981-02-23,0.5681
1981-02-24,-0.0086
1981-02-25,0.8469
1981-02-26,1.1894
1981-02-27,0.8591
1981-03-02,0.5226
1981-03-03,-1.1391
1981-03-04,0.1888
1981-03-05,-0.7517
1981-03-06,-0.102
1981-03-09,0.938
1981-03-10,-0.5429
1981-03-11,-0.4303
1981-03-12,2.4547
1981-03-13,-0.0974
1981-03-16,1.1427
1981-03-17,-0.6009
1981-03-18,0.1889
1981-03-19,-0.6011
1981-03-20,0.4297
1981-03-23,1.1645
1981-03-24,-0.788
1981-03-25,1.7756
1981-03-26,-0.6493
1981-03-27,-1.2258
1981-03-30,-0.3104
1981-03-31,1.2457
1981-04-01,0.3842
1981-04-02,-0.2186
1981-04-03,-0.6455
1981-04-06,-1.191
1981-04-07,-0.0535
1981-04-08,0.2601
1981-04-09,0.2299
1981-04-10,-0.1572
1981-04-13,-1.05
1981-04-14,-0.3908
1981-04-15,1.0843
1981-04-16,0.356
1981-04-20,0.5179
1981-04-21,-0.9393
1981-04-22,-0.1054
1981-04-23,-0.1877
1981-04-24,0.8562
1981-04-27,0.2112
1981-04-28,-0.8896
1981-04-29,-0.9937
1981-04-30,-0.2225
1981-05-01,-0.1093
1981-05-04,-1.59
1981-05-05,-0.315
1981-05-06,0.3061
1981-05-07,0.6335
1981-05-08,-0.0544
1981-05-11,-1.5282
1981-05-12,0.7306
1981-05-13,-0.1783
1981-05-14,0.5119
1981-05-15,0.631
1981-05-18,0.234
1981-05-19,-0.3865
1981-05-20,-0.1152
1981-05-21,-0.2377
1981-05-22,-0.3661
1981-05-26,1.0513
1981-05-27,0.7078
1981-05-28,-0.2828
1981-05-29,-0.6872
1981-06-01,-0.1797
1981-06-02,-1.3963
1981-06-03,0.0246
1981-06-04,0.1464
1981-06-05,0.9172
1981-06-08,-0.0279
1981-06-09,-0.2467
1981-06-10,0.2236
1981-06-11,1.0395
1981-06-12,-0.2355
1981-06-15,0.0511
1981-06-16,-1.1315
1981-06-17,0.8451
1981-06-18,-1.3026
1981-06-19,0.4365
1981-06-22,-0.2826
1981-06-23,1.02
1981-06-24,-0.559
1981-06-25,0.0728
1981-06-26,-0.2282
1981-06-29,-0.5449
1981-06-30,-0.556
1981-07-01,-1.1389
1981-07-02,-0.9117
1981-07-06,-1.0279
1981-07-07,0.6409
1981-07-08,0.02
1981-07-09,0.7209
1981-07-10,0.0124
1981-07-13,0.1674
1981-07-14,-0.0341
1981-07-15,0.4065
1981-07-16,0.0434
1981-07-17,0.2814
1981-07-20,-1.604
1981-07-21,-0.3398
1981-07-22,-0.9873
1981-07-23,0.1685
1981-07-24,0.7893
1981-07-27,1.0782
1981-07-28,-0.6284
1981-07-29,-0.0275
1981-07-30,0.616
1981-07-31,0.6578
1981-08-03,-0.38
1981-08-04,0.4926
1981-08-05,1.0924
1981-08-06,-0.0661
1981-08-07,-0.7147
1981-08-10,0.5565
1981-08-11,0.9463
1981-08-12,-0.3795
1981-08-13,0.0388
1981-08-14,-0.8079
1981-08-17,-1.0032
1981-08-18,-0.8905
1981-08-19,0.2476
1981-08-20,0.109
1981-08-21,-1.1608
1981-08-24,-2.9313
1981-08-25,-0.3396
1981-08-26,-0.1807
1981-08-27,-1.2049
1981-08-28,0.4179
1981-08-31,-1.0836
1981-09-01,0.1431
1981-09-02,0.3377
1981-09-03,-1.8663
1981-09-04,-1.0091
1981-09-08,-1.785
1981-09-09,0.3125
1981-09-10,1.4271
1981-09-11,1.1825
1981-09-14,-0.8221
1981-09-15,-0.778
1981-09-16,-0.792
1981-09-17,-1.4875
1981-09-18,-0.8003
1981-09-21,0.8026
1981-09-22,-0.5186
1981-09-23,-0.9229
1981-09-24,-0.5936
1981-09-25,-1.9881
1981-09-28,2.4075
1981-09-29,0.3148
1981-09-30,0.1664
1981-10-01,0.7334
1981-10-02,1.9059
1981-10-05,0.0853
1981-10-06,-0.1397
1981-10-07,1.569
1981-10-08,0.7856
1981-10-09,-0.7408
1981-10-12,NaN
1981-10-13,-0.3929
1981-10-14,-1.6768
1981-10-15,0.7282
1981-10-16,-0.4726
1981-10-19,-0.2144
1981-10-20,1.0546
1981-10-21,-0.1872
1981-10-22,-0.4207
1981-10-23,-0.9067
1981-10-26,-0.4086
1981-10-27,0.9186
1981-10-28,0.0968
1981-10-29,-0.3633
1981-10-30,2.341
1981-11-02,1.8593
1981-11-03,NaN
1981-11-04,-0.0828
1981-11-05,-0.9964
1981-11-06,-0.7372
1981-11-09,0.4739
1981-11-10,-0.51
1981-11-11,NaN
1981-11-12,0.1898
1981-11-13,-1.2642
1981-11-16,-1.2052
1981-11-17,0.7269
1981-11-18,-0.763
1981-11-19,0.3457
1981-11-20,0.8
1981-11-23,-0.1199
1981-11-24,1.5421
1981-11-25,0.4088
1981-11-27,0.8098
1981-11-30,0.9781
1981-12-01,-0.2274
1981-12-02,-1.1481
1981-12-03,0.3152
1981-12-04,0.8832
1981-12-07,-0.8762
1981-12-08,-0.3244
1981-12-09,0.4995
1981-12-10,0.1532
1981-12-11,-0.6509
1981-12-14,-1.7518
1981-12-15,0.1404
1981-12-16,-0.4941
1981-12-17,0.5404
1981-12-18,0.6841
1981-12-21,-0.5635
1981-12-22,-0.404
1981-12-23,-0.4958
1981-12-24,0.1568
1981-12-28,-0.2521
1981-12-29,-0.5237
1981-12-30,0.4858
1981-12-31,0.1732
1982-01-04,0.1229
1982-01-05,-2.2247
1982-01-06,-0.7575
1982-01-07,-0.2426
1982-01-08,0.4888
1982-01-11,-2.3508
1982-01-12,-0.4448
1982-01-13,-1.2552
1982-01-14,0.5405
1982-01-15,0.6493
1982-01-18,0.7305
1982-01-19,-1.1018
1982-01-20,-0.6395
1982-01-21,0.3804
1982-01-22,-0.3564
1982-01-25,-0.0116
1982-01-26,-0.2274
1982-01-27,0.4413
1982-01-28,2.7129
1982-01-29,1.2092
1982-02-01,-2.2148
1982-02-02,0.1568
1982-02-03,-1.3354
1982-02-04,-0.0902
1982-02-05,0.683
1982-02-08,-2.2824
1982-02-09,-0.8689
1982-02-10,0.822
1982-02-11,-0.2407
1982-02-12,NaN
1982-02-16,-0.321
1982-02-17,-0.3653
1982-02-18,0.0756
1982-02-19,-0.5653
1982-02-22,-1.4751
1982-02-23,-0.1065
1982-02-24,1.7238
1982-02-25,-0.2636
1982-02-26,-0.1234
1982-03-01,0.1422
1982-03-02,-0.5909
1982-03-03,-1.5966
1982-03-04,-0.972
1982-03-05,-0.5258
1982-03-08,-1.8633
1982-03-09,1.3532
1982-03-10,0.4979
1982-03-11,-0.0814
1982-03-12,-0.722
1982-03-15,0.737
1982-03-16,-0.1913
1982-03-17,-0.219
1982-03-18,1.0822
1982-03-19,0.2442
1982-03-22,1.9171
1982-03-23,0.6563
1982-03-24,-0.5466
1982-03-25,0.1764
1982-03-26,-1.1585
1982-03-29,0.2837
1982-03-30,-0.0647
1982-03-31,-0.3136
1982-04-01,1.5971
1982-04-02,1.1314
1982-04-05,-0.3756
1982-04-06,0.512
1982-04-07,0.0495
1982-04-08,0.6214
1982-04-12,-0.2255
1982-04-13,-0.0446
1982-04-14,-0.1741
1982-04-15,0.4126
1982-04-16,0.3597
1982-04-19,-0.1294
1982-04-20,-1.1149
1982-04-21,0.2082
1982-04-22,1.2353
1982-04-23,1.2023
1982-04-26,0.4875
1982-04-27,-1.0916
1982-04-28,-0.6622
1982-04-29,-0.9903
1982-04-30,0.2235
1982-05-03,0.2904
1982-05-04,0.5119
1982-05-05,0.1432
1982-05-06,0.8235
1982-05-07,0.6311
1982-05-10,-0.9472
1982-05-11,0.8438
1982-05-12,-0.2443
1982-05-13,-0.8325
1982-05-14,-0.2125
1982-05-17,-1.1364
1982-05-18,-0.7799
1982-05-19,-0.8538
1982-05-20,-0.2935
1982-05-21,0.2294
1982-05-24,-0.1195
1982-05-25,-0.3724
1982-05-26,-1.1602
1982-05-27,-0.4305
1982-05-28,-0.7248
1982-06-01,-0.2126
1982-06-02,0.2883
1982-06-03,-0.1947
1982-06-04,-1.6168
1982-06-07,-0.0069
1982-06-08,-0.4793
1982-06-09,-0.6179
1982-06-10,0.5351
1982-06-11,1.4533
1982-06-14,-1.1855
1982-06-15,-0.2804
1982-06-16,-0.7823
1982-06-17,-1.202
1982-06-18,-0.3333
1982-06-21,-0.11
1982-06-22,0.99
1982-06-23,1.6626
1982-06-24,-0.3181
1982-06-25,-0.6655
1982-06-28,0.9892
1982-06-29,-0.0821
1982-06-30,-0.5804
1982-07-01,-0.8565
1982-07-02,-1.0106
1982-07-06,-0.37
1982-07-07,-0.1008
1982-07-08,0.2554
1982-07-09,1.1758
1982-07-12,0.6469
1982-07-13,-0.1432
1982-07-14,0.8707
1982-07-15,-0.0057
1982-07-16,0.5115
1982-07-19,-0.3373
1982-07-20,0.7015
1982-07-21,-0.1379
1982-07-22,0.0245
1982-07-23,-0.3072
1982-07-26,-0.758
1982-07-27,-0.8727
1982-07-28,-1.5746
1982-07-29,-0.0482
1982-07-30,-0.6135
1982-08-02,1.7386
1982-08-03,-1.0828
1982-08-04,-1.5946
1982-08-05,-0.9509
1982-08-06,-1.4079
1982-08-09,-0.6352
1982-08-10,-0.261
1982-08-11,-0.2614
1982-08-12,-0.2018
1982-08-13,1.3702
1982-08-16,0.2068
1982-08-17,4.7329
1982-08-18,-0.4812
1982-08-19,0.5501
1982-08-20,3.5162
1982-08-23,2.713
1982-08-24,-0.6759
1982-08-25,1.9124
1982-08-26,0.805
1982-08-27,-1.2367
1982-08-30,0.4467
1982-08-31,1.5487
1982-09-01,-1.0779
1982-09-02,1.7017
1982-09-03,1.9639
1982-09-07,-1.0914
1982-09-08,0.6606
1982-09-09,-0.2115
1982-09-10,-0.8434
1982-09-13,1.0271
1982-09-14,0.6814
1982-09-15,0.9438
1982-09-16,-0.4409
1982-09-17,-1.008
1982-09-20,-0.0545
1982-09-21,1.9131
1982-09-22,-0.7333
1982-09-23,-0.1656
1982-09-24,-0.4171
1982-09-27,0.222
1982-09-28,-0.3284
1982-09-29,-1.3277
1982-09-30,-1.0162
1982-10-01,1.2666
1982-10-04,-0.3994
1982-10-05,0.364
1982-10-06,3.2484
1982-10-07,2.2248
1982-10-08,1.7252
1982-10-11,NaN
1982-10-12,-0.043
1982-10-13,1.6677
1982-10-14,-1.5865
1982-10-15,-0.7643
1982-10-18,2.345
1982-10-19,-0.1307
1982-10-20,1.9191
1982-10-21,-0.1433
1982-10-22,-0.1868
1982-10-25,-3.991
1982-10-26,0.8478
1982-10-27,0.5799
1982-10-28,-1.2788
1982-10-29,0.0751
1982-11-01,1.2868
1982-11-02,NaN
1982-11-03,3.8912
1982-11-04,-0.7356
1982-11-05,0.1967
1982-11-08,-1.2321
1982-11-09,1.8146
1982-11-10,-1.3232
1982-11-11,NaN
1982-11-12,-1.5894
1982-11-15,-1.8154
1982-11-16,-1.1985
1982-11-17,1.83
1982-11-18,0.274
1982-11-19,-0.9769
1982-11-22,-2.0658
1982-11-23,-0.9834
1982-11-24,0.6924
1982-11-26,0.7247
1982-11-29,-0.5273
1982-11-30,3.2033
1982-12-01,0.1139
1982-12-02,0.0495
1982-12-03,-0.1156
1982-12-06,2.1987
1982-12-07,0.6478
1982-12-08,-0.653
1982-12-09,-1.3057
1982-12-10,-0.3297
1982-12-13,0.2498
1982-12-14,-1.8436
1982-12-15,-1.5935
1982-12-16,0.0224
1982-12-17,1.5965
1982-12-20,-0.924
1982-12-21,1.7099
1982-12-22,0.1365
1982-12-23,0.6188
1982-12-27,1.7313
1982-12-28,-1.0073
1982-12-29,0.311
1982-12-30,-0.6668
1982-12-31,0.1987
1983-01-03,-1.6576
1983-01-04,2.1606
1983-01-05,0.4021
1983-01-06,2.3094
1983-01-07,-0.0837
1983-01-10,1.0804
1983-01-11,-0.7029
1983-01-12,0.6027
1983-01-13,-0.6759
1983-01-14,0.6101
1983-01-17,0.0264
1983-01-18,-0.2395
1983-01-19,-0.7934
1983-01-20,0.6803
1983-01-21,-1.6905
1983-01-24,-2.72
1983-01-25,1.2491
1983-01-26,-0.1708
1983-01-27,1.9063
1983-01-28,0.1439
1983-01-31,0.5239
1983-02-01,-1.6334
1983-02-02,0.166
1983-02-03,0.6962
1983-02-04,1.28
1983-02-07,0.5175
1983-02-08,-0.8604
1983-02-09,-0.5037
1983-02-10,1.7012
1983-02-11,0.0788
1983-02-14,0.8438
1983-02-15,-0.4462
1983-02-16,-0.6097
1983-02-17,-0.016
1983-02-18,0.3574
1983-02-22,-1.7249
1983-02-23,0.8781
1983-02-24,1.892
1983-02-25,0.0716
1983-02-28,-1.1442
1983-03-01,1.8823
1983-03-02,0.9187
1983-03-03,0.7525
1983-03-04,0.1013
1983-03-07,-0.023
1983-03-08,-1.5916
1983-03-09,1.0412
1983-03-10,-0.7231
1983-03-11,-0.3921
1983-03-14,-0.2942
1983-03-15,0.3349
1983-03-16,-1.0539
1983-03-17,-0.1703
1983-03-18,0.1835
1983-03-21,0.8367
1983-03-22,-0.3747
1983-03-23,1.4033
1983-03-24,0.3426
1983-03-25,-0.4807
1983-03-28,-0.5614
1983-03-29,-0.1955
1983-03-30,1.1632
1983-03-31,-0.3046
1983-04-04,0.015
1983-04-05,-0.7558
1983-04-06,-0.5897
1983-04-07,0.4532
1983-04-08,0.6949
1983-04-11,1.4753
1983-04-12,0.4153
1983-04-13,0.5867
1983-04-14,0.8383
1983-04-15,0.3756
1983-04-18,0.601
1983-04-19,-0.6677
1983-04-20,1.2374
1983-04-21,-0.4335
1983-04-22,0.2083
1983-04-25,-1.0265
1983-04-26,1.8662
1983-04-27,-0.2514
1983-04-28,0.9126
1983-04-29,0.8856
1983-05-02,-1.4335
1983-05-03,0.1193
1983-05-04,0.575
1983-05-05,0.5713
1983-05-06,1.0855
1983-05-09,-0.1974
1983-05-10,0.062
1983-05-11,-0.6189
1983-05-12,-0.453
1983-05-13,0.3793
1983-05-16,-0.9385
1983-05-17,0.1669
1983-05-18,-0.2915
1983-05-19,-0.8068
1983-05-20,0.0696
1983-05-23,0.772
1983-05-24,1.2673
1983-05-25,0.3809
1983-05-26,-0.4632
1983-05-27,-0.6402
1983-05-31,-1.2829
1983-06-01,0.0744
1983-06-02,0.8559
1983-06-03,0.2443
1983-06-06,0.2251
1983-06-07,-1.2745
1983-06-08,-0.8911
1983-06-09,0.2667
1983-06-10,0.5006
1983-06-13,1.3033
1983-06-14,0.3941
1983-06-15,0.9361
1983-06-16,1.1844
1983-06-17,-0.0303
1983-06-20,-0.0902
1983-06-21,0.8682
1983-06-22,0.2445
1983-06-23,-0.2707
1983-06-24,-0.1192
1983-06-27,-1.1697
1983-06-28,-1.6755
1983-06-29,0.5546
1983-06-30,0.5754
1983-07-01,0.572
1983-07-05,-1.235
1983-07-06,1.1031
1983-07-07,-0.5716
1983-07-08,-0.3121
1983-07-11,0.5911
1983-07-12,-1.5604
1983-07-13,-0.0679
1983-07-14,0.3069
1983-07-15,-1.0618
1983-07-18,-0.2326
1983-07-19,0.505
1983-07-20,2.6866
1983-07-21,-0.1613
1983-07-22,-0.1261
1983-07-25,0.3535
1983-07-26,0.5643
1983-07-27,-1.7495
1983-07-28,-1.5473
1983-07-29,-1.5286
1983-08-01,-0.3459
1983-08-02,-0.0452
1983-08-03,0.8563
1983-08-04,-1.3175
1983-08-05,0.2276
1983-08-08,-1.6095
1983-08-09,0.57
1983-08-10,0.8537
1983-08-11,-0.0268
1983-08-12,0.3571
1983-08-15,0.9233
1983-08-16,-0.2036
1983-08-17,1.1243
1983-08-18,-1.0788
1983-08-19,0.2367
1983-08-22,0.1938
1983-08-23,-0.9812
1983-08-24,-0.9595
1983-08-25,-0.2798
1983-08-26,0.7825
1983-08-29,0.0418
1983-08-30,0.1772
1983-08-31,1.0934
1983-09-01,-0.1293
1983-09-02,0.4428
1983-09-06,1.7257
1983-09-07,0.0161
1983-09-08,-0.1387
1983-09-09,-0.5323
1983-09-12,-0.8881
1983-09-13,-0.4364
1983-09-14,0.3081
1983-09-15,-0.6122
1983-09-16,1.1121
1983-09-19,0.7988
1983-09-20,0.9413
1983-09-21,-0.5156
1983-09-22,0.7765
1983-09-23,-0.1722
1983-09-26,0.3058
1983-09-27,-0.9888
1983-09-28,-0.28
1983-09-29,-0.4831
1983-09-30,-0.7181
1983-10-03,-0.1811
1983-10-04,0.2531
1983-10-05,0.8601
1983-10-06,1.4902
1983-10-07,0.2812
1983-10-10,NaN
1983-10-11,-1.3627
1983-10-12,-0.4473
1983-10-13,0.1226
1983-10-14,-0.0305
1983-10-17,0.3116
1983-10-18,-1.5612
1983-10-19,-0.6675
1983-10-20,0.126
1983-10-21,-0.6408
1983-10-24,-0.0003
1983-10-25,0.2649
1983-10-26,-0.6791
1983-10-27,-0.3508
1983-10-28,-0.916
1983-10-31,0.0863
1983-11-01,0.0435
1983-11-02,0.6972
1983-11-03,-0.8675
1983-11-04,-0.6427
1983-11-07,-0.3509
1983-11-08,NaN
1983-11-09,1.3416
1983-11-10,0.2437
1983-11-11,NaN
1983-11-14,0.1498
1983-11-15,-0.757
1983-11-16,0.4107
1983-11-17,0.0053
1983-11-18,-0.6509
1983-11-21,0.5568
1983-11-22,0.4511
1983-11-23,0.0472
1983-11-25,0.1071
1983-11-28,-0.4077
1983-11-29,0.7977
1983-11-30,-0.9242
1983-12-01,0.0292
1983-12-02,-0.6558
1983-12-05,0.1683
1983-12-06,-0.2001
1983-12-07,0.2408
1983-12-08,-0.4533
1983-12-09,-0.0979
1983-12-12,0.3019
1983-12-13,-0.4422
1983-12-14,-0.9957
1983-12-15,-1.0482
1983-12-16,0.426
1983-12-19,-0.0687
1983-12-20,-0.2225
1983-12-21,0.9377
1983-12-22,-0.0433
1983-12-23,-0.2147
1983-12-27,0.9185
1983-12-28,0.3268
1983-12-29,-0.3155
1983-12-30,0.0173
1984-01-03,-0.5649
1984-01-04,1.6451
1984-01-05,1.1921
1984-01-06,0.2535
1984-01-09,-0.2495
1984-01-10,-0.5875
1984-01-11,-0.1144
1984-01-12,-0.0549
1984-01-13,-0.4597
1984-01-16,0.0711
1984-01-17,0.364
1984-01-18,-0.1919
1984-01-19,-0.3294
1984-01-20,-0.5221
1984-01-23,-0.8313
1984-01-24,0.6239
1984-01-25,-0.688
1984-01-26,-0.3891
1984-01-27,-0.2077
1984-01-30,-0.6777
1984-01-31,0.3066
1984-02-01,-0.435
1984-02-02,0.3559
1984-02-03,-1.5249
1984-02-06,-1.7843
1984-02-07,0.3921
1984-02-08,-1.846
1984-02-09,-0.3013
1984-02-10,0.5407
1984-02-13,NaN
1984-02-14,1.0458
1984-02-15,-0.2553
1984-02-16,-0.1023
1984-02-17,-0.2756
1984-02-21,-0.732
1984-02-22,-0.2391
1984-02-23,-0.039
1984-02-24,2.0612
1984-02-27,1.1106
1984-02-28,-1.5827
1984-02-29,0.1274
1984-03-01,0.6936
1984-03-02,0.638
1984-03-05,-0.8736
1984-03-06,-1.0646
1984-03-07,-1.1014
1984-03-08,0.3749
1984-03-09,-0.5676
1984-03-12,1.263
1984-03-13,0.2551
1984-03-14,-0.033
1984-03-15,0.3816
1984-03-16,1.1549
1984-03-19,-0.9626
1984-03-20,0.6569
1984-03-21,-0.1535
1984-03-22,-1.2692
1984-03-23,0.081
1984-03-26,-0.1485
1984-03-27,0.3746
1984-03-28,1.6129
1984-03-29,-0.2524
1984-03-30,-0.2405
1984-04-02,-0.7811
1984-04-03,-0.2301
1984-04-04,-0.1036
1984-04-05,-1.6144
1984-04-06,0.2566
1984-04-09,-0.0463
1984-04-10,0.2431
1984-04-11,-0.5852
1984-04-12,1.7342
1984-04-13,-0.2937
1984-04-16,0.6145
1984-04-17,0.3831
1984-04-18,-0.7005
1984-04-19,0.0486
1984-04-23,-0.7992
1984-04-24,0.7828
1984-04-25,0.3398
1984-04-26,1.0132
1984-04-27,-0.2831
1984-04-30,0.0727
1984-05-01,0.9912
1984-05-02,0.1088
1984-05-03,-0.4596
1984-05-04,-1.3243
1984-05-07,0.1983
1984-05-08,0.6302
1984-05-09,-0.2836
1984-05-10,-0.0964
1984-05-11,-0.9719
1984-05-14,-0.6527
1984-05-15,0.289
1984-05-16,-0.0338
1984-05-17,-0.9263
1984-05-18,-0.5322
1984-05-21,-0.7013
1984-05-22,-0.5776
1984-05-23,-0.5023
1984-05-24,-1.281
1984-05-25,0.2309
1984-05-29,-0.9045
1984-05-30,0.0125
1984-05-31,0.1056
1984-06-01,1.7592
1984-06-04,0.6901
1984-06-05,-0.4745
1984-06-06,0.8577
1984-06-07,-0.0857
1984-06-08,0.1336
1984-06-11,-1.388
1984-06-12,-0.5967
1984-06-13,-0.0672
1984-06-14,-1.1716
1984-06-15,-0.9321
1984-06-18,1.7837
1984-06-19,0.5521
1984-06-20,1.4334
1984-06-21,-0.2411
1984-06-22,-0.06
1984-06-25,-0.3447
1984-06-26,-0.8459
1984-06-27,-0.7281
1984-06-28,0.7637
1984-06-29,0.1945
1984-07-02,-0.0143
1984-07-03,0.2983
1984-07-05,-0.6396
1984-07-06,-0.3685
1984-07-09,0.7075
1984-07-10,-0.3349
1984-07-11,-1.5524
1984-07-12,-0.3802
1984-07-13,0.5385
1984-07-16,0.4491
1984-07-17,0.4859
1984-07-18,-0.6716
1984-07-19,-0.7088
1984-07-20,-0.5739
1984-07-23,-0.4299
1984-07-24,-0.7875
1984-07-25,0.6544
1984-07-26,0.8111
1984-07-27,0.7107
1984-07-30,-0.6905
1984-07-31,0.2837
1984-08-01,2.2407
1984-08-02,2.5082
1984-08-03,2.7302
1984-08-06,0.1243
1984-08-07,0.0442
1984-08-08,-0.6256
1984-08-09,2.3138
1984-08-10,-0.1019
1984-08-13,-0.0234
1984-08-14,-0.6395
1984-08-15,-1.014
1984-08-16,0.5669
1984-08-17,0.1969
1984-08-20,0.458
1984-08-21,1.7228
1984-08-22,-0.4881
1984-08-23,0.0065
1984-08-24,0.2039
1984-08-27,-0.6688
1984-08-28,0.5468
1984-08-29,-0.2152
1984-08-30,-0.3232
1984-08-31,0.0181
1984-09-04,-1.11
1984-09-05,-0.3878
1984-09-06,0.798
1984-09-07,-0.8024
1984-09-10,-0.0963
1984-09-11,0.0864
1984-09-12,0.1106
1984-09-13,1.9505
1984-09-14,0.471
1984-09-17,0.0241
1984-09-18,-0.7515
1984-09-19,-0.4524
1984-09-20,0.2887
1984-09-21,-1.1037
1984-09-24,-0.2644
1984-09-25,0.1767
1984-09-26,0.3697
1984-09-27,0.3804
1984-09-28,-0.5439
1984-10-01,-0.9198
1984-10-02,-0.6545
1984-10-03,-0.7316
1984-10-04,0.2669
1984-10-05,-0.1758
1984-10-08,NaN
1984-10-09,-0.3121
1984-10-10,0.2438
1984-10-11,0.3853
1984-10-12,0.8322
1984-10-15,0.9404
1984-10-16,-0.6252
1984-10-17,-0.4162
1984-10-18,2.3853
1984-10-19,-0.1102
1984-10-22,-0.3841
1984-10-23,-0.1879
1984-10-24,0.0401
1984-10-25,-0.5581
1984-10-26,-0.6396
1984-10-29,-0.3347
1984-10-30,1.2243
1984-10-31,-0.4748
1984-11-01,0.8176
1984-11-02,-0.0671
1984-11-05,0.6685
1984-11-06,NaN
1984-11-07,-0.7517
1984-11-08,-0.3142
1984-11-09,-0.6645
1984-11-12,NaN
1984-11-13,-0.855
1984-11-14,-0.0126
1984-11-15,-0.0846
1984-11-16,-1.1032
1984-11-19,-0.6396
1984-11-20,0.6441
1984-11-21,0.177
1984-11-23,1.4413
1984-11-26,-0.8446
1984-11-27,0.4235
1984-11-28,-0.7873
1984-11-29,-0.6961
1984-11-30,-0.225
1984-12-03,-0.4882
1984-12-04,0.3201
1984-12-05,-0.8072
1984-12-06,0.3833
1984-12-07,-0.3306
1984-12-10,0.3279
1984-12-11,0.124
1984-12-12,-0.293
1984-12-13,-0.5275
1984-12-14,0.5211
1984-12-17,0.5432
1984-12-18,2.7285
1984-12-19,-0.5867
1984-12-20,-0.4885
1984-12-21,-0.5447
1984-12-24,0.7338
1984-12-26,-0.1953
1984-12-27,-0.454
1984-12-28,0.286
1984-12-31,0.5674
1985-01-02,-1.1401
1985-01-03,-0.5056
1985-01-04,-0.5627
1985-01-07,0.3203
1985-01-08,-0.1741
1985-01-09,0.7041
1985-01-10,1.8732
1985-01-11,-0.2594
1985-01-14,1.5268
1985-01-15,0.1543
1985-01-16,0.2008
1985-01-17,-0.2904
1985-01-18,0.3239
1985-01-21,NaN
1985-01-22,0.1211
1985-01-23,1.0157
1985-01-24,-0.3541
1985-01-25,0.3407
1985-01-28,0.0065
1985-01-29,0.9814
1985-01-30,0.0952
1985-01-31,0.1112
1985-02-01,-0.5797
1985-02-04,0.9399
1985-02-05,0.1213
1985-02-06,-0.1225
1985-02-07,0.7474
1985-02-08,0.1804
1985-02-11,-0.9452
1985-02-12,NaN
1985-02-13,1.5221
1985-02-14,-0.5357
1985-02-15,-0.467
1985-02-19,-0.1716
1985-02-20,-0.1059
1985-02-21,-0.5701
1985-02-22,-0.4842
1985-02-25,-0.096
1985-02-26,1.059
1985-02-27,-0.2776
1985-02-28,0.2362
1985-03-01,1.1071
1985-03-04,-0.663
1985-03-05,0.069
1985-03-06,-0.8914
1985-03-07,-0.6558
1985-03-08,-0.2525
1985-03-11,-0.1969
1985-03-12,0.4626
1985-03-13,-0.8424
1985-03-14,-0.2209
1985-03-15,-0.7602
1985-03-18,0.1744
1985-03-19,1.4798
1985-03-20,-0.2802
1985-03-21,0.1271
1985-03-22,-0.1967
1985-03-25,-0.6213
1985-03-26,0.2351
1985-03-27,0.5987
1985-03-28,-0.023
1985-03-29,0.6009
1985-04-01,0.3148
1985-04-02,-0.4313
1985-04-03,-0.8095
1985-04-04,-0.0675
1985-04-08,-0.5814
1985-04-09,0.0784
1985-04-10,0.6562
1985-04-11,0.4066
1985-04-12,0.1716
1985-04-15,0.1878
1985-04-16,0.1325
1985-04-17,0.243
1985-04-18,-0.484
1985-04-19,0.1274
1985-04-22,-0.2479
1985-04-23,0.6312
1985-04-24,0.1872
1985-04-25,0.62
1985-04-26,-0.7034
1985-04-29,-0.8728
1985-04-30,-0.4649
1985-05-01,-0.8336
1985-05-02,0.337
1985-05-03,0.5761
1985-05-06,-0.0717
1985-05-07,0.406
1985-05-08,-0.0994
1985-05-09,0.698
1985-05-10,1.2756
1985-05-13,0.1574
1985-05-14,-0.4222
1985-05-15,0.3436
1985-05-16,0.5862
1985-05-17,0.9272
1985-05-20,1.2068
1985-05-21,-0.0626
1985-05-22,-0.5899
1985-05-23,-0.5294
1985-05-24,0.3477
1985-05-28,-0.2486
1985-05-29,-0.1161
1985-05-30,0.0172
1985-05-31,0.9387
1985-06-03,-0.141
1985-06-04,0.3608
1985-06-05,0.0438
1985-06-06,0.4537
1985-06-07,-0.7423
1985-06-10,-0.1099
1985-06-11,-0.2681
1985-06-12,-0.7763
1985-06-13,-1.2348
1985-06-14,0.9363
1985-06-17,-0.3236
1985-06-18,0.4156
1985-06-19,-0.3979
1985-06-20,0.0344
1985-06-21,1.5226
1985-06-24,-0.2624
1985-06-25,0.292
1985-06-26,0.1491
1985-06-27,0.5963
1985-06-28,0.3051
1985-07-01,0.2831
1985-07-02,-0.2377
1985-07-03,-0.3113
1985-07-05,0.5399
1985-07-08,-0.3259
1985-07-09,-0.478
1985-07-10,0.6715
1985-07-11,0.2765
1985-07-12,0.1615
1985-07-15,-0.3146
1985-07-16,1.0182
1985-07-17,0.458
1985-07-18,-0.6692
1985-07-19,0.3658
1985-07-22,-0.42
1985-07-23,-0.9465
1985-07-24,-0.5241
1985-07-25,0.2304
1985-07-26,0.1569
1985-07-29,-1.4756
1985-07-30,0.1536
1985-07-31,0.5008
1985-08-01,0.6029
1985-08-02,-0.3484
1985-08-05,-0.4695
1985-08-06,-1.4315
1985-08-07,-0.1532
1985-08-08,0.6566
1985-08-09,-0.3535
1985-08-12,-0.3863
1985-08-13,-0.1959
1985-08-14,0.0389
1985-08-15,-0.1002
1985-08-16,-0.6394
1985-08-19,0.1305
1985-08-20,0.8922
1985-08-21,0.5545
1985-08-22,-0.9713
1985-08-23,-0.1211
1985-08-26,0.055
1985-08-27,0.402
1985-08-28,0.3683
1985-08-29,0.0332
1985-08-30,-0.1788
1985-09-03,-0.4016
1985-09-04,-0.3071
1985-09-05,-0.0734
1985-09-06,0.4976
1985-09-09,-0.015
1985-09-10,-0.7374
1985-09-11,-1.0208
1985-09-12,-0.7445
1985-09-13,-0.4448
1985-09-16,-0.0365
1985-09-17,-0.8513
1985-09-18,0.1731
1985-09-19,0.9047
1985-09-20,-0.7503
1985-09-23,1.2166
1985-09-24,-0.9307
1985-09-25,-1.0925
1985-09-26,0.3293
1985-09-30,0.416
1985-10-01,1.6224
1985-10-02,-0.5654
1985-10-03,0.1434
1985-10-04,-0.6379
1985-10-07,-0.7567
1985-10-08,-0.0201
1985-10-09,0.3372
1985-10-10,0.1222
1985-10-11,0.8005
1985-10-14,NaN
1985-10-15,-0.1758
1985-10-16,1.0009
1985-10-17,-0.1904
1985-10-18,-0.3506
1985-10-21,-0.063
1985-10-22,0.5576
1985-10-23,0.5382
1985-10-24,-0.3323
1985-10-25,-0.5402
1985-10-28,0.1078
1985-10-29,0.7627
1985-10-30,0.4237
1985-10-31,-0.1517
1985-11-01,0.8807
1985-11-04,-0.1665
1985-11-05,0.5653
1985-11-06,0.1824
1985-11-07,-0.0931
1985-11-08,0.5508
1985-11-11,NaN
1985-11-12,0.3853
1985-11-13,-0.5152
1985-11-14,0.9739
1985-11-15,-0.4979
1985-11-18,0.2826
1985-11-19,-0.0403
1985-11-20,0.1407
1985-11-21,1.1959
1985-11-22,0.0343
1985-11-25,-0.6007
1985-11-26,0.1395
1985-11-27,0.9118
1985-11-29,-0.2028
1985-12-02,-0.8662
1985-12-03,0.1793
1985-12-04,1.6575
1985-12-05,-0.1917
1985-12-06,-0.4569
1985-12-09,0.6005
1985-12-10,0.0484
1985-12-11,0.9196
1985-12-12,0.1837
1985-12-13,1.5332
1985-12-16,0.9711
1985-12-17,-0.6658
1985-12-18,-0.4188
1985-12-19,0.0802
1985-12-20,0.4183
1985-12-23,-1.1434
1985-12-24,-0.7054
1985-12-26,0.2266
1985-12-27,0.9244
1985-12-30,0.491
1985-12-31,0.265
1986-01-02,-0.8198
1986-01-03,0.5957
1986-01-06,-0.1289
1986-01-07,1.4757
1986-01-08,-2.7469
1986-01-09,-0.9145
1986-01-10,-0.093
1986-01-13,0.3487
1986-01-14,-0.059
1986-01-15,0.7638
1986-01-16,0.4171
1986-01-17,-0.3737
1986-01-20,NaN
1986-01-21,-0.8581
1986-01-22,-1.1373
1986-01-23,0.3539
1986-01-24,1.0478
1986-01-27,0.4456
1986-01-28,1.1475
1986-01-29,0.2091
1986-01-30,-0.4762
1986-01-31,1.1509
1986-02-03,1.0098
1986-02-04,-0.5664
1986-02-05,0.0602
1986-02-06,0.2196
1986-02-07,0.4904
1986-02-10,0.7628
1986-02-11,-0.1679
1986-02-12,0.0032
1986-02-13,0.6422
1986-02-14,1.0659
1986-02-18,1.2044
1986-02-19,-1.2291
1986-02-20,1.0995
1986-02-21,1.0604
1986-02-24,-0.1443
1986-02-25,-0.2649
1986-02-26,0.0919
1986-02-27,1.1988
1986-02-28,0.0465
1986-03-03,-0.6806
1986-03-04,-0.4805
1986-03-05,-0.037
1986-03-06,0.3334
1986-03-07,0.1769
1986-03-10,0.4292
1986-03-11,2.2369
1986-03-12,0.3483
1986-03-13,0.2611
1986-03-14,1.4226
1986-03-17,-0.8131
1986-03-18,0.4547
1986-03-19,-0.0945
1986-03-20,0.3809
1986-03-21,-1.3708
1986-03-24,0.8349
1986-03-25,-0.2771
1986-03-26,1.0812
1986-03-27,0.686
1986-03-31,-0.047
1986-04-01,-1.5916
1986-04-02,0.2247
1986-04-03,-1.3923
1986-04-04,-1.6435
1986-04-07,-0.0437
1986-04-08,2.1217
1986-04-09,0.0817
1986-04-10,1.134
1986-04-11,-0.2155
1986-04-14,0.5386
1986-04-15,0.1734
1986-04-16,1.8726
1986-04-17,0.3181
1986-04-18,-0.2839
1986-04-21,0.9572
1986-04-22,-0.9646
1986-04-23,-0.2934
1986-04-24,0.0946
1986-04-25,0.0944
1986-04-28,0.309
1986-04-29,-1.0743
1986-04-30,-2.0918
1986-05-01,-0.17
1986-05-02,-0.1746
1986-05-05,1.2352
1986-05-06,-0.2231
1986-05-07,-0.5059
1986-05-08,0.4279
1986-05-09,0.2867
1986-05-12,-0.1307
1986-05-13,-0.5095
1986-05-14,0.4609
1986-05-15,-1.3265
1986-05-16,-0.7298
1986-05-19,0.1717
1986-05-20,1.2304
1986-05-21,-0.2969
1986-05-22,1.9661
1986-05-23,0.4949
1986-05-27,1.3915
1986-05-28,0.7508
1986-05-29,0.5297
1986-05-30,-0.2717
1986-06-02,-0.9517
1986-06-03,0.1739
1986-06-04,-0.6577
1986-06-05,0.6828
1986-06-06,-0.0096
1986-06-09,-2.3421
1986-06-10,-0.1759
1986-06-11,0.6292
1986-06-12,0.1317
1986-06-13,1.7385
1986-06-16,0.1456
1986-06-17,-0.7402
1986-06-18,0.2449
1986-06-19,-0.3967
1986-06-20,1.4252
1986-06-23,-0.9542
1986-06-24,0.7047
1986-06-25,0.7521
1986-06-26,-0.0933
1986-06-27,0.3289
1986-06-30,0.4801
1986-07-01,0.4616
1986-07-02,0.2451
1986-07-03,-0.3767
1986-07-07,-3.0904
1986-07-08,-1.0246
1986-07-09,0.4927
1986-07-10,0.0619
1986-07-11,-0.3412
1986-07-14,-1.713
1986-07-15,-1.885
1986-07-16,0.5616
1986-07-17,0.435
1986-07-18,0.1069
1986-07-21,-0.0668
1986-07-22,0.8052
1986-07-23,0.1895
1986-07-24,-0.3179
1986-07-25,0.9377
1986-07-28,-1.769
1986-07-29,-0.635
1986-07-30,0.8534
1986-07-31,-0.2149
1986-08-01,-0.5286
1986-08-04,0.4438
1986-08-05,0.4247
1986-08-06,-0.0962
1986-08-07,0.0684
1986-08-08,-0.0834
1986-08-11,1.5883
1986-08-12,1.0895
1986-08-13,0.9419
1986-08-14,0.2205
1986-08-15,0.3499
1986-08-18,0.0774
1986-08-19,-0.3672
1986-08-20,1.3071
1986-08-21,-0.0551
1986-08-22,0.1933
1986-08-25,-0.966
1986-08-26,2.015
1986-08-27,0.1671
1986-08-28,-0.1964
1986-08-29,0.0211
1986-09-02,-1.7581
1986-09-03,0.6131
1986-09-04,1.485
1986-09-05,-1.3383
1986-09-08,-0.9449
1986-09-09,-0.2039
1986-09-10,-0.2607
1986-09-11,-4.8231
1986-09-12,-1.9321
1986-09-15,0.5361
1986-09-16,-0.1092
1986-09-17,-0.0316
1986-09-18,0.2573
1986-09-19,-0.0577
1986-09-22,1.1567
1986-09-23,0.3003
1986-09-24,0.2442
1986-09-25,-1.898
1986-09-26,0.1579
1986-09-29,-1.0137
1986-09-30,0.5987
1986-10-01,0.9711
1986-10-02,0.1225
1986-10-03,-0.104
1986-10-06,0.4437
1986-10-07,-0.1717
1986-10-08,0.9543
1986-10-09,-0.3648
1986-10-10,-0.171
1986-10-13,NaN
1986-10-14,-0.2433
1986-10-15,1.4428
1986-10-16,0.2912
1986-10-17,-0.3028
1986-10-20,-1.2165
1986-10-21,-0.053
1986-10-22,0.1463
1986-10-23,1.2635
1986-10-24,-0.441
1986-10-27,0.1995
1986-10-28,0.1907
1986-10-29,0.6876
1986-10-30,1.1352
1986-10-31,0.0962
1986-11-03,0.7314
1986-11-04,0.1481
1986-11-05,0.1396
1986-11-06,-0.3026
1986-11-07,-0.0555
1986-11-10,0.1313
1986-11-11,NaN
1986-11-12,-0.1932
1986-11-13,-1.4828
1986-11-14,0.5939
1986-11-17,-0.5427
1986-11-18,-2.6588
1986-11-19,0.3567
1986-11-20,1.8321
1986-11-21,1.5591
1986-11-24,0.6317
1986-11-25,0.2759
1986-11-26,0.2267
1986-11-28,0.1658
1986-12-01,-0.0834
1986-12-02,1.9724
1986-12-03,-0.0742
1986-12-04,-0.3342
1986-12-05,-0.7542
1986-12-08,-0.0194
1986-12-09,-0.7639
1986-12-10,0.6586
1986-12-11,-1.1271
1986-12-12,-0.3458
1986-12-15,0.3323
1986-12-16,0.7217
1986-12-17,-1.0076
1986-12-18,-0.3307
1986-12-19,1.18
1986-12-22,-0.4079
1986-12-23,-0.9844
1986-12-24,0.1509
1986-12-26,0.0533
1986-12-29,-0.9271
1986-12-30,-0.5472
1986-12-31,-0.5089
1987-01-02,1.7518
1987-01-05,2.3135
1987-01-06,0.2185
1987-01-07,0.9936
1987-01-08,0.7485
1987-01-09,0.5485
1987-01-12,0.5918
1987-01-13,-0.1495
1987-01-14,1.0199
1987-01-15,1.0701
1987-01-16,0.2827
1987-01-19,NaN
1987-01-20,-0.1262
1987-01-21,-0.4609
1987-01-22,2.2512
1987-01-23,-1.4061
1987-01-26,-0.1968
1987-01-27,1.5202
1987-01-28,0.5874
1987-01-29,-0.4365
1987-01-30,-0.074
1987-02-02,0.849
1987-02-03,-0.182
1987-02-04,1.3068
1987-02-05,0.5279
1987-02-06,-0.4142
1987-02-09,-0.6873
1987-02-10,-1.1272
1987-02-11,0.8816
1987-02-12,-0.7078
1987-02-13,1.4645
1987-02-17,2.0541
1987-02-18,-0.0402
1987-02-19,0.0373
1987-02-20,-0.0467
1987-02-23,-1.1011
1987-02-24,0.1619
1987-02-25,0.3807
1987-02-26,-0.3814
1987-02-27,0.423
1987-03-02,-0.4376
1987-03-03,0.3803
1987-03-04,1.5684
1987-03-05,0.6429
1987-03-06,0.0324
1987-03-09,-0.8277
1987-03-10,0.8721
1987-03-11,-0.205
1987-03-12,0.2976
1987-03-13,-0.4724
1987-03-16,-0.5884
1987-03-17,1.4555
1987-03-18,0.0906
1987-03-19,0.4286
1987-03-20,1.3753
1987-03-23,0.9871
1987-03-24,0.1437
1987-03-25,-0.4333
1987-03-26,0.1675
1987-03-27,-1.6108
1987-03-30,-2.356
1987-03-31,0.8488
1987-04-01,0.2176
1987-04-02,0.4121
1987-04-03,2.2936
1987-04-06,0.4973
1987-04-07,-1.7574
1987-04-08,0.1767
1987-04-09,-1.4963
1987-04-10,-0.1427
1987-04-13,-2.3656
1987-04-14,-2.2783
1987-04-15,1.8755
1987-04-16,0.8528
1987-04-20,-0.3013
1987-04-21,2.4244
1987-04-22,-2.0215
1987-04-23,-0.1442
1987-04-24,-1.864
1987-04-27,0.0939
1987-04-28,0.225
1987-04-29,0.7132
1987-04-30,1.3164
1987-05-01,-0.1301
1987-05-04,0.4459
1987-05-05,2.0504
1987-05-06,0.0286
1987-05-07,-0.2727
1987-05-08,-0.4702
1987-05-11,-0.6294
1987-05-12,0.5777
1987-05-13,0.2164
1987-05-14,0.0724
1987-05-15,-2.3311
1987-05-18,-0.2878
1987-05-19,-2.4686
1987-05-20,-0.5202
1987-05-21,0.689
1987-05-22,0.6948
1987-05-26,2.4474
1987-05-27,-0.1476
1987-05-28,0.6873
1987-05-29,-0.2429
1987-06-01,-0.109
1987-06-02,-0.4888
1987-06-03,1.7209
1987-06-04,0.5362
1987-06-05,-0.5717
1987-06-08,1.0985
1987-06-09,0.1733
1987-06-10,0.0486
1987-06-11,0.4081
1987-06-12,0.9519
1987-06-15,0.4881
1987-06-16,0.5187
1987-06-17,0.0006
1987-06-18,0.2729
1987-06-19,0.4029
1987-06-22,0.8572
1987-06-23,-0.41
1987-06-24,-0.5253
1987-06-25,0.668
1987-06-26,-0.5988
1987-06-29,0.2251
1987-06-30,-1.2827
1987-07-01,-0.3645
1987-07-02,0.8721
1987-07-06,-0.2482
1987-07-07,0.7977
1987-07-08,0.2739
1987-07-09,-0.2655
1987-07-10,0.2608
1987-07-13,-0.2557
1987-07-14,0.9759
1987-07-15,-0.0993
1987-07-16,0.7189
1987-07-17,0.5889
1987-07-20,-1.0327
1987-07-21,-0.928
1987-07-22,-0.0418
1987-07-23,-0.2298
1987-07-24,0.4582
1987-07-27,0.43
1987-07-28,0.5244
1987-07-29,1.0465
1987-07-30,0.7433
1987-07-31,0.1748
1987-08-03,-0.359
1987-08-04,-0.4383
1987-08-05,0.6856
1987-08-06,1.127
1987-08-07,0.2662
1987-08-10,1.5314
1987-08-11,1.6084
1987-08-12,-0.2987
1987-08-13,0.6632
1987-08-14,-0.2139
1987-08-17,0.0192
1987-08-18,-1.4715
1987-08-19,0.1593
1987-08-20,1.5019
1987-08-21,0.2995
1987-08-24,-0.7824
1987-08-25,1.0147
1987-08-26,-0.6708
1987-08-27,-0.9711
1987-08-28,-1.3273
1987-08-31,0.8264
1987-09-01,-1.9577
1987-09-02,-0.5489
1987-09-03,-0.4743
1987-09-04,-1.114
1987-09-08,-1.0095
1987-09-09,0.0968
1987-09-10,1.0048
1987-09-11,1.5116
1987-09-14,0.3239
1987-09-15,-1.6706
1987-09-16,-0.9242
1987-09-17,0.0044
1987-09-18,-0.0402
1987-09-21,-1.3903
1987-09-22,2.8671
1987-09-23,0.5108
1987-09-24,-0.4756
1987-09-25,0.1194
1987-09-28,0.9312
1987-09-29,-0.4859
1987-09-30,0.025
1987-10-01,1.6904
1987-10-02,0.2074
1987-10-05,-0.0157
1987-10-06,-2.7189
1987-10-07,-0.2314
1987-10-08,-1.3938
1987-10-09,-1.0025
1987-10-12,NaN
1987-10-13,1.6392
1987-10-14,-2.9739
1987-10-15,-2.3623
1987-10-16,-5.1791
1987-10-19,-20.4848
1987-10-20,5.3163
1987-10-21,9.0837
1987-10-22,-3.9356
1987-10-23,-0.0269
1987-10-26,-8.2935
1987-10-27,2.4099
1987-10-28,0.0243
1987-10-29,4.9113
1987-10-30,2.8533
1987-11-02,1.557
1987-11-03,-1.9434
1987-11-04,-0.7571
1987-11-05,2.2016
1987-11-06,-1.6154
1987-11-09,-2.9072
1987-11-10,-1.7307
1987-11-11,NaN
1987-11-12,2.7204
1987-11-13,-1.1754
1987-11-16,0.4395
1987-11-17,-1.524
1987-11-18,1.0166
1987-11-19,-2.2557
1987-11-20,0.7963
1987-11-23,0.3929
1987-11-24,1.3831
1987-11-25,-0.9454
1987-11-27,-1.5561
1987-11-30,-4.192
1987-12-01,0.7226
1987-12-02,0.6096
1987-12-03,-3.5447
1987-12-04,-0.588
1987-12-07,2.1452
1987-12-08,2.672
1987-12-09,1.678
1987-12-10,-2.2435
1987-12-11,0.7328
1987-12-14,2.9031
1987-12-15,0.2394
1987-12-16,2.1538
1987-12-17,-2.0724
1987-12-18,2.527
1987-12-21,0.1361
1987-12-22,0.1477
1987-12-23,1.2681
1987-12-24,-0.4624
1987-12-28,-2.5791
1987-12-29,-0.4154
1987-12-30,1.321
1987-12-31,-0.3306
1988-01-04,3.5694
1988-01-05,1.0344
1988-01-06,0.0842
1988-01-07,0.8259
1988-01-08,-6.7847
1988-01-11,1.6644
1988-01-12,-0.8527
1988-01-13,0.1427
1988-01-14,0.012
1988-01-15,2.4929
1988-01-18,NaN
1988-01-19,-1.033
1988-01-20,-2.6996
1988-01-21,0.1939
1988-01-22,1.3657
1988-01-25,2.2839
1988-01-26,-1.0473
1988-01-27,-0.0922
1988-01-28,1.552
1988-01-29,1.4766
1988-02-01,-0.8055
1988-02-02,0.1918
1988-02-03,-1.3307
1988-02-04,-0.0158
1988-02-05,-0.5114
1988-02-08,-0.7569
1988-02-09,1.0361
1988-02-10,1.9468
1988-02-11,-0.2924
1988-02-12,0.6403
1988-02-16,0.8378
1988-02-17,-0.2547
1988-02-18,-0.5174
1988-02-19,1.4187
1988-02-22,1.5246
1988-02-23,-0.2491
1988-02-24,-0.2383
1988-02-25,-1.0935
1988-02-26,0.3208
1988-02-29,2.0265
1988-03-01,-0.2398
1988-03-02,0.2687
1988-03-03,-0.053
1988-03-04,-0.2325
1988-03-07,0.0139
1988-03-08,0.7506
1988-03-09,-0.1534
1988-03-10,-1.9562
1988-03-11,0.4009
1988-03-14,0.5238
1988-03-15,-0.1058
1988-03-16,0.9312
1988-03-17,0.941
1988-03-18,-0.0527
1988-03-21,-0.8939
1988-03-22,0.021
1988-03-23,0.0097
1988-03-24,-2.0838
1988-03-25,-1.8538
1988-03-28,-0.1901
1988-03-29,0.7628
1988-03-30,-0.7851
1988-03-31,0.3018
1988-04-04,-1.0979
1988-04-05,0.9282
1988-04-06,2.6832
1988-04-07,0.2354
1988-04-08,1.2117
1988-04-11,0.254
1988-04-12,0.4313
1988-04-13,0.061
1988-04-14,-4.3721
1988-04-15,-0.0088
1988-04-18,-0.2319
1988-04-19,-0.5139
1988-04-20,-0.7104
1988-04-21,0.0969
1988-04-22,1.4344
1988-04-25,0.8947
1988-04-26,0.5244
1988-04-27,-0.0657
1988-04-28,-0.4678
1988-04-29,-0.5042
1988-05-02,0.071
1988-05-03,0.5334
1988-05-04,-1.0362
1988-05-05,-0.605
1988-05-06,-0.5238
1988-05-09,-0.3827
1988-05-10,0.4032
1988-05-11,-1.6905
1988-05-12,0.1958
1988-05-13,1.1369
1988-05-16,0.7343
1988-05-17,-1.3009
1988-05-18,-1.5993
1988-05-19,0.4682
1988-05-20,0.1607
1988-05-23,-0.883
1988-05-24,1.0508
1988-05-25,0.0809
1988-05-26,0.3249
1988-05-27,-0.4932
1988-05-31,3.4308
1988-06-01,1.7098
1988-06-02,-0.528
1988-06-03,0.404
1988-06-06,0.2071
1988-06-07,-0.722
1988-06-08,2.3768
1988-06-09,-0.5042
1988-06-10,0.3742
1988-06-13,0.0446
1988-06-14,1.0396
1988-06-15,0.0369
1988-06-16,-1.7228
1988-06-17,0.3195
1988-06-20,-0.6607
1988-06-21,0.9967
1988-06-22,1.4504
1988-06-23,-0.323
1988-06-24,-0.3967
1988-06-27,-1.7424
1988-06-28,1.1894
1988-06-29,-0.5068
1988-06-30,0.9116
1988-07-01,-0.6472
1988-07-05,1.4644
1988-07-06,-1.3924
1988-07-07,-0.1066
1988-07-08,-0.6662
1988-07-11,0.1778
1988-07-12,-1.0168
1988-07-13,0.53
1988-07-14,0.3302
1988-07-15,0.6435
1988-07-18,-0.5847
1988-07-19,-0.7729
1988-07-20,0.5511
1988-07-21,-1.256
1988-07-22,-1.2039
1988-07-25,0.4288
1988-07-26,0.1734
1988-07-27,-1.034
1988-07-28,1.3214
1988-07-29,2.236
1988-08-01,0.0505
1988-08-02,-0.0744
1988-08-03,0.3188
1988-08-04,-0.4038
1988-08-05,-0.3062
1988-08-08,-0.4507
1988-08-09,-1.3125
1988-08-10,-1.742
1988-08-11,0.3049
1988-08-12,-0.0958
1988-08-15,-1.4898
1988-08-16,0.7031
1988-08-17,0.0609
1988-08-18,0.08
1988-08-19,-0.3224
1988-08-22,-1.2725
1988-08-23,0.0227
1988-08-24,1.5513
1988-08-25,-0.7671
1988-08-26,0.1724
1988-08-29,1.0
1988-08-30,0.0481
1988-08-31,-0.3976
1988-09-01,-1.2326
1988-09-02,2.3525
1988-09-06,0.3993
1988-09-07,0.0849
1988-09-08,-0.0168
1988-09-09,0.3407
1988-09-12,-0.1589
1988-09-13,0.3402
1988-09-14,0.6829
1988-09-15,-0.4583
1988-09-16,0.9198
1988-09-19,-0.6961
1988-09-20,0.3183
1988-09-21,0.1393
1988-09-22,-0.3829
1988-09-23,0.1952
1988-09-26,-0.3467
1988-09-27,-0.2511
1988-09-28,0.2851
1988-09-29,1.284
1988-09-30,-0.2698
1988-10-03,-0.2152
1988-10-04,-0.3003
1988-10-05,0.438
1988-10-06,0.1745
1988-10-07,2.0649
1988-10-10,NaN
1988-10-11,-0.1319
1988-10-12,-1.4416
1988-10-13,0.432
1988-10-14,0.0812
1988-10-17,0.3098
1988-10-18,1.0539
1988-10-19,-0.8835
1988-10-20,2.1129
1988-10-21,0.2549
1988-10-24,-0.5076
1988-10-25,0.0146
1988-10-26,-0.3749
1988-10-27,-1.4778
1988-10-28,0.4301
1988-10-31,0.1373
1988-11-01,0.0117
1988-11-02,-0.0207
1988-11-03,0.0294
1988-11-04,-1.056
1988-11-07,-0.8823
1988-11-08,0.4241
1988-11-09,-0.6827
1988-11-10,0.1103
1988-11-11,NaN
1988-11-14,-0.0965
1988-11-15,0.2093
1988-11-16,-1.7067
1988-11-17,0.2734
1988-11-18,0.6844
1988-11-21,-0.1162
1988-11-22,0.3494
1988-11-23,0.6474
1988-11-25,-0.6805
1988-11-28,0.5052
1988-11-29,0.8226
1988-11-30,1.0079
1988-12-01,-0.4641
1988-12-02,-0.2722
1988-12-05,1.1254
1988-12-06,0.9452
1988-12-07,0.1721
1988-12-08,-0.5761
1988-12-09,0.137
1988-12-12,-0.2063
1988-12-13,-0.0987
1988-12-14,-0.3847
1988-12-15,-0.3971
1988-12-16,0.7099
1988-12-19,0.9253
1988-12-20,-0.5393
1988-12-21,-0.0552
1988-12-22,-0.2065
1988-12-23,0.3386
1988-12-27,-0.3972
1988-12-28,0.0671
1988-12-29,0.8145
1988-12-30,-0.624
1989-01-03,-0.8906
1989-01-04,1.4733
1989-01-05,0.1843
1989-01-06,0.2124
1989-01-09,0.0872
1989-01-10,-0.2368
1989-01-11,0.5582
1989-01-12,0.3881
1989-01-13,0.2242
1989-01-16,NaN
1989-01-17,-0.2308
1989-01-18,1.0278
1989-01-19,0.1095
1989-01-20,-0.1207
1989-01-23,-0.7663
1989-01-24,1.3794
1989-01-25,0.202
1989-01-26,0.8585
1989-01-27,0.7068
1989-01-30,0.375
1989-01-31,0.8172
1989-02-01,-0.1512
1989-02-02,-0.1077
1989-02-03,0.02
1989-02-06,-0.3371
1989-02-07,1.1887
1989-02-08,-0.351
1989-02-09,-0.891
1989-02-10,-1.3886
1989-02-13,0.1541
1989-02-14,-0.2736
1989-02-15,0.8089
1989-02-16,0.1699
1989-02-17,0.6376
1989-02-21,-0.2866
1989-02-22,-1.7369
1989-02-23,0.3677
1989-02-24,-1.7089
1989-02-27,0.2159
1989-02-28,0.3369
1989-03-01,-0.6302
1989-03-02,0.9648
1989-03-03,0.4
1989-03-06,1.2226
1989-03-07,-0.3431
1989-03-08,0.0473
1989-03-09,-0.0753
1989-03-10,-0.3818
1989-03-13,0.8085
1989-03-14,-0.0854
1989-03-15,0.494
1989-03-16,0.9093
1989-03-17,-2.2791
1989-03-20,-0.9717
1989-03-21,0.4608
1989-03-22,-0.3136
1989-03-23,-0.5452
1989-03-27,0.5246
1989-03-28,0.3255
1989-03-29,0.2355
1989-03-30,0.033
1989-03-31,0.7784
1989-04-03,0.4907
1989-04-04,-0.3891
1989-04-05,0.2901
1989-04-06,-0.3455
1989-04-07,0.6086
1989-04-10,-0.0413
1989-04-11,0.4401
1989-04-12,0.1432
1989-04-13,-0.8909
1989-04-14,1.6492
1989-04-17,0.0953
1989-04-18,1.4015
1989-04-19,0.3456
1989-04-20,-0.3368
1989-04-21,1.0927
1989-04-24,-0.3215
1989-04-25,-0.6527
1989-04-26,0.0347
1989-04-27,0.8398
1989-04-28,-0.0042
1989-05-01,-0.1921
1989-05-02,-0.3476
1989-05-03,-0.011
1989-05-04,-0.1505
1989-05-05,-0.0757
1989-05-08,-0.5472
1989-05-09,-0.2886
1989-05-10,0.176
1989-05-11,0.3524
1989-05-12,2.2216
1989-05-15,0.7161
1989-05-16,-0.3014
1989-05-17,0.6745
1989-05-18,0.1308
1989-05-19,1.005
1989-05-22,0.207
1989-05-23,-1.16
1989-05-24,0.2341
1989-05-25,-0.0146
1989-05-26,0.7343
1989-05-30,-0.8139
1989-05-31,0.4366
1989-06-01,0.4282
1989-06-02,1.0791
1989-06-05,-1.0953
1989-06-06,0.6634
1989-06-07,0.813
1989-06-08,-0.084
1989-06-09,-0.0414
1989-06-12,-0.1607
1989-06-13,-0.7371
1989-06-14,-0.0475
1989-06-15,-1.1807
1989-06-16,0.3739
1989-06-19,0.1452
1989-06-20,-0.2217
1989-06-21,-0.2625
1989-06-22,0.5513
1989-06-23,1.7396
1989-06-26,-0.4496
1989-06-27,0.5408
1989-06-28,-0.8233
1989-06-29,-1.9038
1989-06-30,-0.5542
1989-07-03,0.3707
1989-07-05,0.4199
1989-07-06,0.262
1989-07-07,1.0233
1989-07-10,0.6431
1989-07-11,0.5011
1989-07-12,0.2916
1989-07-13,0.0207
1989-07-14,0.5508
1989-07-17,0.1586
1989-07-18,-0.3501
1989-07-19,1.2996
1989-07-20,-0.6836
1989-07-21,0.6938
1989-07-24,-0.6866
1989-07-25,0.0404
1989-07-26,1.2264
1989-07-27,1.1433
1989-07-28,0.0247
1989-07-31,1.1267
1989-08-01,-0.6947
1989-08-02,0.1502
1989-08-03,0.0947
1989-08-04,-0.2599
1989-08-07,1.574
1989-08-08,-0.0395
1989-08-09,-0.712
1989-08-10,0.3555
1989-08-11,-1.0302
1989-08-14,-0.5099
1989-08-15,0.4584
1989-08-16,0.2533
1989-08-17,-0.3722
1989-08-18,0.4366
1989-08-21,-1.5712
1989-08-22,0.13
1989-08-23,1.0063
1989-08-24,1.9562
1989-08-25,-0.3068
1989-08-28,0.4255
1989-08-29,-0.6612
1989-08-30,0.2095
1989-08-31,0.206
1989-09-01,0.6267
1989-09-05,-0.3529
1989-09-06,-0.9636
1989-09-07,-0.2767
1989-09-08,0.0959
1989-09-11,-0.337
1989-09-12,0.2778
1989-09-13,-0.9505
1989-09-14,-0.687
1989-09-15,0.5326
1989-09-18,0.4626
1989-09-19,-0.0734
1989-09-20,-0.045
1989-09-21,-0.2442
1989-09-22,0.3687
1989-09-25,-0.8345
1989-09-26,0.0073
1989-09-27,0.2017
1989-09-28,0.9921
1989-09-29,0.1356
1989-10-02,0.4705
1989-10-03,1.0726
1989-10-04,0.6069
1989-10-05,-0.0134
1989-10-06,0.4858
1989-10-09,NaN
1989-10-10,-0.2076
1989-10-11,-0.6175
1989-10-12,-0.4698
1989-10-13,-6.1386
1989-10-16,2.7365
1989-10-17,-0.5138
1989-10-18,0.1548
1989-10-19,1.55
1989-10-20,-0.0125
1989-10-23,-0.6924
1989-10-24,-0.3487
1989-10-25,-0.3703
1989-10-26,-1.3556
1989-10-27,-0.8711
1989-10-30,-0.0188
1989-10-31,1.557
1989-11-01,0.225
1989-11-02,-0.8189
1989-11-03,-0.2761
1989-11-06,-1.506
1989-11-07,0.6397
1989-11-08,0.976
1989-11-09,-0.4888
1989-11-10,0.7301
1989-11-13,0.1111
1989-11-14,-0.4809
1989-11-15,0.733
1989-11-16,-0.0097
1989-11-17,0.2809
1989-11-20,-0.6831
1989-11-21,0.0493
1989-11-22,0.6619
1989-11-24,0.5814
1989-11-27,0.4553
1989-11-28,0.0247
1989-11-29,-0.6491
1989-11-30,0.6743
1989-12-01,1.32
1989-12-04,0.2013
1989-12-05,-0.542
1989-12-06,-0.3161
1989-12-07,-0.297
1989-12-08,0.2951
1989-12-11,-0.0587
1989-12-12,0.888
1989-12-13,0.2684
1989-12-14,-0.5373
1989-12-15,-0.2465
1989-12-18,-1.8634
1989-12-19,-0.3794
1989-12-20,0.0897
1989-12-21,0.5447
1989-12-22,0.7444
1989-12-26,-0.1973
1989-12-27,0.555
1989-12-28,0.5117
1989-12-29,0.7573
1990-01-02,1.7586
1990-01-03,-0.28
1990-01-04,-0.8826
1990-01-05,-0.9968
1990-01-08,0.4303
1990-01-09,-1.1998
1990-01-10,-0.6818
1990-01-11,0.3301
1990-01-12,-2.4885
1990-01-15,NaN
1990-01-16,1.0914
1990-01-17,-1.0048
1990-01-18,0.2123
1990-01-19,0.2622
1990-01-22,-2.6076
1990-01-23,0.3508
1990-01-24,-0.4286
1990-01-25,-1.2872
1990-01-26,-0.1074
1990-01-29,-0.2059
1990-01-30,-0.7044
1990-01-31,1.8669
1990-02-01,-0.1099
1990-02-02,0.6259
1990-02-05,0.2591
1990-02-06,-0.6819
1990-02-07,1.2188
1990-02-08,-0.2586
1990-02-09,0.1765
1990-02-12,-1.0828
1990-02-13,0.2635
1990-02-14,0.2777
1990-02-15,0.8458
1990-02-16,-0.6695
1990-02-20,-1.4435
1990-02-21,-0.1193
1990-02-22,-0.6229
1990-02-23,-0.4974
1990-02-26,1.3728
1990-02-27,0.4621
1990-02-28,0.4718
1990-03-01,0.2342
1990-03-02,0.8197
1990-03-05,-0.5584
1990-03-06,1.2333
1990-03-07,-0.3122
1990-03-08,0.9631
1990-03-09,-0.7101
1990-03-12,0.1966
1990-03-13,-0.8108
1990-03-14,0.2366
1990-03-15,0.3339
1990-03-16,1.1136
1990-03-19,0.4515
1990-03-20,-0.5929
1990-03-21,-0.5581
1990-03-22,-1.2143
1990-03-23,0.4337
1990-03-26,0.0995
1990-03-27,1.1241
1990-03-28,0.1244
1990-03-29,-0.3758
1990-03-30,-0.2713
1990-04-02,-0.3866
1990-04-03,1.4366
1990-04-04,-0.7638
1990-04-05,-0.1273
1990-04-06,-0.2125
1990-04-09,0.3574
1990-04-10,0.1832
1990-04-11,-0.0656
1990-04-12,0.686
1990-04-16,0.0945
1990-04-17,-0.0392
1990-04-18,-1.1708
1990-04-19,-0.7937
1990-04-20,-0.9
1990-04-23,-1.2362
1990-04-24,-0.2302
1990-04-25,0.4837
1990-04-26,0.2461
1990-04-27,-1.1663
1990-04-30,0.4917
1990-05-01,0.4161
1990-05-02,0.649
1990-05-03,0.3038
1990-05-04,0.8186
1990-05-07,0.6105
1990-05-08,0.4128
1990-05-09,0.2268
1990-05-10,0.2584
1990-05-11,2.3578
1990-05-14,0.7598
1990-05-15,-0.1539
1990-05-16,-0.1005
1990-05-17,0.1113
1990-05-18,0.0262
1990-05-21,0.9257
1990-05-22,0.0984
1990-05-23,0.2185
1990-05-24,-0.2665
1990-05-25,-1.0904
1990-05-29,1.6901
1990-05-30,0.0365
1990-05-31,0.0808
1990-06-01,0.5127
1990-06-04,1.1459
1990-06-05,-0.2285
1990-06-06,-0.4798
1990-06-07,-0.5175
1990-06-08,-1.2442
1990-06-11,0.7923
1990-06-12,1.2559
1990-06-13,-0.3901
1990-06-14,-0.5696
1990-06-15,-0.0188
1990-06-18,-1.6831
1990-06-19,0.4238
1990-06-20,0.154
1990-06-21,0.3597
1990-06-22,-1.42
1990-06-25,-0.8997
1990-06-26,-0.0928
1990-06-27,0.853
1990-06-28,0.6794
1990-06-29,0.0873
1990-07-02,0.4028
1990-07-03,0.1508
1990-07-05,-1.2654
1990-07-06,0.7486
1990-07-09,0.285
1990-07-10,-0.8647
1990-07-11,1.3078
1990-07-12,1.1439
1990-07-13,0.4904
1990-07-16,0.4251
1990-07-17,-0.4089
1990-07-18,-0.9191
1990-07-19,0.2809
1990-07-20,-1.0367
1990-07-23,-1.7632
1990-07-24,0.114
1990-07-25,0.3442
1990-07-26,-0.3517
1990-07-27,-0.7151
1990-07-30,0.576
1990-07-31,0.1477
1990-08-01,-0.1977
1990-08-02,-1.1572
1990-08-03,-1.9039
1990-08-06,-3.0449
1990-08-07,0.0989
1990-08-08,1.0306
1990-08-09,0.4491
1990-08-10,-1.321
1990-08-13,0.9687
1990-08-14,0.1415
1990-08-15,0.1765
1990-08-16,-2.2765
1990-08-17,-1.3928
1990-08-20,0.1863
1990-08-21,-2.0455
1990-08-22,-1.6711
1990-08-23,-3.0191
1990-08-24,1.4282
1990-08-27,3.1666
1990-08-28,-0.0521
1990-08-29,0.866
1990-08-30,-1.7113
1990-08-31,1.1873
1990-09-04,0.1436
1990-09-05,0.3817
1990-09-06,-1.2322
1990-09-07,0.8967
1990-09-10,-0.5681
1990-09-11,-0.2042
1990-09-12,0.4466
1990-09-13,-1.2267
1990-09-14,-0.5918
1990-09-17,0.276
1990-09-18,0.2405
1990-09-19,-0.6485
1990-09-20,-1.6379
1990-09-21,-0.072
1990-09-24,-2.1825
1990-09-25,1.1843
1990-09-26,-1.0586
1990-09-27,-1.361
1990-09-28,1.6679
1990-10-01,2.8848
1990-10-02,0.0656
1990-10-03,-1.2288
1990-10-04,0.3943
1990-10-05,-0.4003
1990-10-08,NaN
1990-10-09,-2.6933
1990-10-10,-1.5639
1990-10-11,-1.6612
1990-10-12,1.5267
1990-10-15,1.0465
1990-10-16,-1.4414
1990-10-17,-0.0737
1990-10-18,2.316
1990-10-19,2.1842
1990-10-22,0.7094
1990-10-23,-0.7827
1990-10-24,0.0566
1990-10-25,-0.7975
1990-10-26,-1.7803
1990-10-29,-0.9488
1990-10-30,0.7021
1990-10-31,-0.0397
1990-11-01,0.9737
1990-11-02,1.5533
1990-11-05,0.8588
1990-11-06,-0.9639
1990-11-07,-1.8201
1990-11-08,0.503
1990-11-09,1.973
1990-11-12,NaN
1990-11-13,-0.5863
1990-11-14,0.8396
1990-11-15,-1.0748
1990-11-16,0.0117
1990-11-19,0.6801
1990-11-20,-1.2819
1990-11-21,0.2086
1990-11-23,-0.314
1990-11-26,0.4278
1990-11-27,0.4826
1990-11-28,-0.0669
1990-11-29,-0.5009
1990-11-30,1.8133
1990-12-03,0.5637
1990-12-04,0.6746
1990-12-05,1.0743
1990-12-06,-0.2773
1990-12-07,-0.4204
1990-12-10,0.3286
1990-12-11,-0.7641
1990-12-12,1.1297
1990-12-13,-0.2766
1990-12-14,-0.7844
1990-12-17,-0.2639
1990-12-18,1.2173
1990-12-19,0.0269
1990-12-20,-0.0426
1990-12-21,0.4753
1990-12-24,-0.5759
1990-12-26,0.2698
1990-12-27,-0.7919
1990-12-28,0.1129
1990-12-31,0.4383
1991-01-02,-1.1598
1991-01-03,-1.4088
1991-01-04,-0.301
1991-01-07,-1.7503
1991-01-08,-0.1892
1991-01-09,-1.1004
1991-01-10,0.9586
1991-01-11,0.2053
1991-01-14,-0.8861
1991-01-15,0.3799
1991-01-16,0.7608
1991-01-17,3.715
1991-01-18,1.2819
1991-01-21,NaN
1991-01-22,-0.8476
1991-01-23,0.5615
1991-01-24,1.3668
1991-01-25,0.3681
1991-01-28,-0.0294
1991-01-29,-0.074
1991-01-30,1.4923
1991-01-31,0.8685
1991-02-01,-0.2727
1991-02-04,1.5253
1991-02-05,0.8216
1991-02-06,1.9222
1991-02-07,-0.4495
1991-02-08,0.7772
1991-02-11,2.5521
1991-02-12,-0.852
1991-02-13,0.9467
1991-02-14,-1.3171
1991-02-15,1.3123
1991-02-19,0.0727
1991-02-20,-1.1672
1991-02-21,-0.0631
1991-02-22,0.1697
1991-02-25,0.4235
1991-02-26,-1.2286
1991-02-27,1.342
1991-02-28,-0.1991
1991-03-01,0.9092
1991-03-04,-0.3247
1991-03-05,1.984
1991-03-06,-0.163
1991-03-07,-0.0861
1991-03-08,-0.2721
1991-03-11,-0.5472
1991-03-12,-0.802
1991-03-13,1.2106
1991-03-14,-0.3018
1991-03-15,0.0079
1991-03-18,-0.4125
1991-03-19,-1.4999
1991-03-20,0.3463
1991-03-21,-0.3806
1991-03-22,0.2291
1991-03-25,0.623
1991-03-26,1.7331
1991-03-27,-0.2687
1991-03-28,-0.0507
1991-04-01,-1.0608
1991-04-02,2.1923
1991-04-03,-0.1637
1991-04-04,0.203
1991-04-05,-1.1772
1991-04-08,0.8633
1991-04-09,-1.3625
1991-04-10,-0.1254
1991-04-11,1.185
1991-04-12,0.7181
1991-04-15,0.192
1991-04-16,1.6711
1991-04-17,0.7145
1991-04-18,-0.5255
1991-04-19,-1.1127
1991-04-22,-0.8618
1991-04-23,0.1966
1991-04-24,0.2461
1991-04-25,-0.9327
1991-04-26,-0.0764
1991-04-29,-1.4298
1991-04-30,0.4342
1991-05-01,1.3033
1991-05-02,0.0452
1991-05-03,0.0583
1991-05-06,-0.2043
1991-05-07,-0.7415
1991-05-08,0.3
1991-05-09,1.237
1991-05-10,-1.9749
1991-05-13,0.2562
1991-05-14,-1.3796
1991-05-15,-0.836
1991-05-16,0.9671
1991-05-17,0.0386
1991-05-20,-0.0448
1991-05-21,0.8093
1991-05-22,0.2085
1991-05-23,-0.3421
1991-05-24,0.6596
1991-05-28,1.1637
1991-05-29,0.2073
1991-05-30,1.0741
1991-05-31,0.7262
1991-06-03,-0.4697
1991-06-04,-0.098
1991-06-05,-0.6991
1991-06-06,-0.3947
1991-06-07,-1.1104
1991-06-10,-0.2423
1991-06-11,0.6395
1991-06-12,-1.1703
1991-06-13,0.2446
1991-06-14,1.2184
1991-06-17,-0.5807
1991-06-18,-0.4208
1991-06-19,-0.9401
1991-06-20,0.0724
1991-06-21,0.6051
1991-06-24,-1.8183
1991-06-25,-0.0938
1991-06-26,0.2381
1991-06-27,0.7407
1991-06-28,-0.8809
1991-07-01,1.8057
1991-07-02,-0.1347
1991-07-03,-1.1123
1991-07-05,0.1853
1991-07-08,1.0163
1991-07-09,-0.4998
1991-07-10,-0.114
1991-07-11,0.3118
1991-07-12,0.8546
1991-07-15,0.5472
1991-07-16,-0.2379
1991-07-17,-0.11
1991-07-18,1.0836
1991-07-19,-0.314
1991-07-22,-0.3643
1991-07-23,-0.9193
1991-07-24,-0.2212
1991-07-25,0.5971
1991-07-26,-0.0235
1991-07-29,0.5672
1991-07-30,0.9084
1991-07-31,0.2742
1991-08-01,-0.1934
1991-08-02,0.0002
1991-08-05,-0.5629
1991-08-06,1.4288
1991-08-07,-0.0304
1991-08-08,-0.3325
1991-08-09,-0.58
1991-08-12,0.2176
1991-08-13,0.3976
1991-08-14,0.0571
1991-08-15,-0.161
1991-08-16,-0.9779
1991-08-19,-2.377
1991-08-20,0.772
1991-08-21,2.9265
1991-08-22,0.1746
1991-08-23,0.7107
1991-08-26,-0.0963
1991-08-27,-0.2156
1991-08-28,0.896
1991-08-29,-0.0576
1991-08-30,-0.2772
1991-09-03,-0.8444
1991-09-04,-0.5708
1991-09-05,-0.2277
1991-09-06,-0.0251
1991-09-09,-0.151
1991-09-10,-1.0466
1991-09-11,0.1231
1991-09-12,0.5697
1991-09-13,-0.9826
1991-09-16,0.5564
1991-09-17,-0.0871
1991-09-18,0.3591
1991-09-19,0.1457
1991-09-20,0.0784
1991-09-23,-0.5301
1991-09-24,0.4494
1991-09-25,-0.2285
1991-09-26,-0.1151
1991-09-27,-0.167
1991-09-30,0.4936
1991-10-01,0.3312
1991-10-02,-0.2558
1991-10-03,-0.9902
1991-10-04,-0.8516
1991-10-07,-0.4731
1991-10-08,0.2943
1991-10-09,-1.0306
1991-10-10,0.9812
1991-10-11,0.2226
1991-10-14,NaN
1991-10-15,1.1609
1991-10-16,0.4439
1991-10-17,-0.2381
1991-10-18,0.1339
1991-10-21,-0.6459
1991-10-22,-0.5757
1991-10-23,0.0143
1991-10-24,-0.7537
1991-10-25,-0.2398
1991-10-28,1.3709
1991-10-29,0.4895
1991-10-30,0.3645
1991-10-31,-0.1433
1991-11-01,-0.3012
1991-11-04,-0.279
1991-11-05,-0.4156
1991-11-06,0.3112
1991-11-07,0.9487
1991-11-08,-0.2237
1991-11-11,NaN
1991-11-12,0.9079
1991-11-13,0.1559
1991-11-14,-0.0784
1991-11-15,-3.6714
1991-11-18,0.672
1991-11-19,-1.5234
1991-11-20,-0.2471
1991-11-21,0.3918
1991-11-22,-1.0438
1991-11-25,-0.2251
1991-11-26,0.6857
1991-11-27,-0.3853
1991-11-29,-0.3654
1991-12-02,1.6348
1991-12-03,-0.1275
1991-12-04,-0.2457
1991-12-05,-0.7172
1991-12-06,0.4413
1991-12-09,-0.2332
1991-12-10,-0.1069
1991-12-11,-0.0645
1991-12-12,1.0077
1991-12-13,0.7537
1991-12-16,-0.0142
1991-12-17,-0.4589
1991-12-18,0.1818
1991-12-19,-0.2616
1991-12-20,1.1712
1991-12-23,2.5164
1991-12-24,0.6219
1991-12-26,1.3691
1991-12-27,0.3894
1991-12-30,2.1247
1991-12-31,0.4589
1992-01-02,0.03
1992-01-03,0.4877
1992-01-06,-0.3397
1992-01-07,-0.1445
1992-01-08,0.1573
1992-01-09,-0.1277
1992-01-10,-0.6117
1992-01-13,-0.1937
1992-01-14,1.4616
1992-01-15,0.0678
1992-01-16,-0.619
1992-01-17,0.1448
1992-01-20,NaN
1992-01-21,-0.9039
1992-01-22,1.32
1992-01-23,-0.7687
1992-01-24,0.1147
1992-01-27,-0.1287
1992-01-28,-0.0179
1992-01-29,-1.1241
1992-01-30,0.3012
1992-01-31,-0.7007
1992-02-03,0.1728
1992-02-04,1.0441
1992-02-05,-0.0131
1992-02-06,-0.0155
1992-02-07,-0.6701
1992-02-10,0.6415
1992-02-11,-0.0129
1992-02-12,0.804
1992-02-13,-0.8353
1992-02-14,-0.3031
1992-02-18,-1.2471
1992-02-19,0.2053
1992-02-20,1.3706
1992-02-21,-0.6077
1992-02-24,0.1932
1992-02-25,-0.4525
1992-02-26,1.1828
1992-02-27,-0.3697
1992-02-28,-0.2913
1992-03-02,-0.0718
1992-03-03,0.0857
1992-03-04,-0.8639
1992-03-05,-0.7002
1992-03-06,-0.5205
1992-03-09,0.1792
1992-03-10,0.4034
1992-03-11,-0.7141
1992-03-12,-0.0459
1992-03-13,0.4715
1992-03-16,0.1242
1992-03-17,0.7736
1992-03-18,-0.1163
1992-03-19,0.1476
1992-03-20,0.3547
1992-03-23,-0.3493
1992-03-24,-0.2626
1992-03-25,-0.3438
1992-03-26,0.0722
1992-03-27,-1.0802
1992-03-30,-0.1351
1992-03-31,0.1599
1992-04-01,0.1226
1992-04-02,-0.934
1992-04-03,0.2511
1992-04-06,0.995
1992-04-07,-1.8674
1992-04-08,-0.9051
1992-04-09,1.5462
1992-04-10,0.9009
1992-04-13,0.4326
1992-04-14,1.5438
1992-04-15,0.9332
1992-04-16,-0.0678
1992-04-20,-1.4188
1992-04-21,0.0092
1992-04-22,-0.12
1992-04-23,0.4265
1992-04-24,-0.6371
1992-04-27,-0.1497
1992-04-28,0.1512
1992-04-29,0.7009
1992-04-30,0.7008
1992-05-01,-0.5933
1992-05-04,1.0516
1992-05-05,-0.0269
1992-05-06,-0.0221
1992-05-07,-0.2356
1992-05-08,0.038
1992-05-11,0.5763
1992-05-12,-0.5358
1992-05-13,0.0284
1992-05-14,-0.8048
1992-05-15,-0.7482
1992-05-18,0.6532
1992-05-19,0.8525
1992-05-20,-0.2453
1992-05-21,-0.6819
1992-05-22,0.3339
1992-05-26,-0.6408
1992-05-27,0.1744
1992-05-28,1.0985
1992-05-29,-0.3439
1992-06-01,0.459
1992-06-02,-0.9211
1992-06-03,0.2532
1992-06-04,-0.3311
1992-06-05,0.043
1992-06-08,-0.0393
1992-06-09,-0.8086
1992-06-10,-0.6955
1992-06-11,0.4318
1992-06-12,0.1634
1992-06-15,0.1192
1992-06-16,-0.4903
1992-06-17,-1.4942
1992-06-18,-0.3332
1992-06-19,0.6657
1992-06-22,-0.077
1992-06-23,0.1484
1992-06-24,-0.0597
1992-06-25,-0.1884
1992-06-26,0.0718
1992-06-29,1.3508
1992-06-30,-0.2056
1992-07-01,1.1515
1992-07-02,-0.2779
1992-07-06,0.4937
1992-07-07,-1.1398
1992-07-08,0.2648
1992-07-09,0.9538
1992-07-10,0.0852
1992-07-13,0.0513
1992-07-14,0.6684
1992-07-15,-0.1477
1992-07-16,0.0966
1992-07-17,-0.4686
1992-07-20,-0.4588
1992-07-21,-0.0065
1992-07-22,-0.6928
1992-07-23,0.271
1992-07-24,-0.1253
1992-07-27,-0.0235
1992-07-28,1.4442
1992-07-29,1.1192
1992-07-30,0.3914
1992-07-31,0.0595
1992-08-03,0.1986
1992-08-04,-0.1806
1992-08-05,-0.5202
1992-08-06,-0.3878
1992-08-07,-0.4153
1992-08-10,0.1202
1992-08-11,-0.1327
1992-08-12,-0.2761
1992-08-13,-0.0206
1992-08-14,0.5133
1992-08-17,0.1891
1992-08-18,0.134
1992-08-19,-0.7562
1992-08-20,0.0081
1992-08-21,-0.8238
1992-08-24,-1.0043
1992-08-25,0.2079
1992-08-26,0.4528
1992-08-27,-0.004
1992-08-28,0.308
1992-08-31,-0.2041
1992-09-01,0.4839
1992-09-02,0.4503
1992-09-03,-0.0088
1992-09-04,-0.2235
1992-09-08,-0.6411
1992-09-09,0.4552
1992-09-10,0.8541
1992-09-11,-0.0962
1992-09-14,1.3481
1992-09-15,-1.3014
1992-09-16,0.0276
1992-09-17,-0.0056
1992-09-18,0.7064
1992-09-21,-0.1949
1992-09-22,-1.1926
1992-09-23,0.0638
1992-09-24,0.2387
1992-09-25,-0.9923
1992-09-28,0.5401
1992-09-29,0.0356
1992-09-30,0.2324
1992-10-01,-0.3687
1992-10-02,-1.4054
1992-10-05,-0.7139
1992-10-06,-0.1033
1992-10-07,-0.7275
1992-10-08,0.858
1992-10-09,-1.2562
1992-10-12,NaN
1992-10-13,0.4485
1992-10-14,0.0089
1992-10-15,0.048
1992-10-16,0.5119
1992-10-19,0.7811
1992-10-20,0.1121
1992-10-21,0.0376
1992-10-22,-0.1934
1992-10-23,-0.201
1992-10-26,0.9723
1992-10-27,0.0707
1992-10-28,0.3837
1992-10-29,0.1655
1992-10-30,-0.5262
1992-11-02,0.9637
1992-11-03,-0.6779
1992-11-04,-0.6776
1992-11-05,0.2865
1992-11-06,-0.1902
1992-11-09,0.2333
1992-11-10,-0.0014
1992-11-11,NaN
1992-11-12,0.1502
1992-11-13,-0.1126
1992-11-16,-0.423
1992-11-17,-0.344
1992-11-18,0.8451
1992-11-19,0.1709
1992-11-20,0.7087
1992-11-23,-0.3676
1992-11-24,0.572
1992-11-25,0.3652
1992-11-27,0.2169
1992-11-30,0.2675
1992-12-01,-0.1414
1992-12-02,-0.2159
1992-12-03,-0.0046
1992-12-04,0.491
1992-12-07,0.7431
1992-12-08,0.3768
1992-12-09,-0.3157
1992-12-10,-0.2408
1992-12-11,-0.2184
1992-12-14,-0.2143
1992-12-15,-0.0714
1992-12-16,-0.2517
1992-12-17,0.8972
1992-12-18,1.3347
1992-12-21,-0.1403
1992-12-22,-0.0974
1992-12-23,-0.2996
1992-12-24,0.1597
1992-12-28,-0.1499
1992-12-29,-0.2753
1992-12-30,0.1831
1992-12-31,-0.7173
1993-01-04,-0.0843
1993-01-05,-0.2475
1993-01-06,0.0328
1993-01-07,-0.8809
1993-01-08,-0.3986
1993-01-11,0.4343
1993-01-12,0.0125
1993-01-13,0.4533
1993-01-14,0.6637
1993-01-15,0.2694
1993-01-18,NaN
1993-01-19,-0.3998
1993-01-20,-0.4129
1993-01-21,0.4809
1993-01-22,0.1341
1993-01-25,0.886
1993-01-26,-0.0219
1993-01-27,-0.4263
1993-01-28,0.1175
1993-01-29,0.0193
1993-02-01,0.8443
1993-02-02,-0.0015
1993-02-03,1.0426
1993-02-04,0.5196
1993-02-05,-0.1482
1993-02-08,-0.2487
1993-02-09,-0.5709
1993-02-10,0.1939
1993-02-11,0.3123
1993-02-12,-0.6962
1993-02-16,-2.4082
1993-02-17,-0.1487
1993-02-18,-0.3312
1993-02-19,0.529
1993-02-22,0.2267
1993-02-23,-0.1093
1993-02-24,1.3878
1993-02-25,0.3252
1993-02-26,0.2269
1993-03-01,-0.3172
1993-03-02,1.3243
1993-03-03,0.2954
1993-03-04,-0.4355
1993-03-05,-0.2833
1993-03-08,1.9194
1993-03-09,-0.0765
1993-03-10,0.4164
1993-03-11,-0.5802
1993-03-12,-0.8656
1993-03-15,0.3474
1993-03-16,-0.0216
1993-03-17,-0.6862
1993-03-18,0.7903
1993-03-19,-0.3867
1993-03-22,-0.297
1993-03-23,-0.0349
1993-03-24,-0.1619
1993-03-25,0.619
1993-03-26,-0.6957
1993-03-29,0.6595
1993-03-30,0.2581
1993-03-31,-0.0744
1993-04-01,-0.3114
1993-04-02,-1.9868
1993-04-05,0.1958
1993-04-06,-0.2636
1993-04-07,0.3477
1993-04-08,-0.2091
1993-04-12,1.4699
1993-04-13,0.1816
1993-04-14,-0.1325
1993-04-15,-0.0659
1993-04-16,0.1125
1993-04-19,-0.3375
1993-04-20,-0.5352
1993-04-21,-0.3381
1993-04-22,-0.9478
1993-04-23,-0.5609
1993-04-26,-0.8066
1993-04-27,1.0229
1993-04-28,-0.0059
1993-04-29,0.1905
1993-04-30,0.2881
1993-05-03,0.5077
1993-05-04,0.3514
1993-05-05,0.0978
1993-05-06,-0.2914
1993-05-07,-0.2223
1993-05-10,0.1028
1993-05-11,0.3442
1993-05-12,0.0909
1993-05-13,-1.2604
1993-05-14,0.0669
1993-05-17,0.1759
1993-05-18,-0.0197
1993-05-19,1.6382
1993-05-20,0.6665
1993-05-21,-1.0625
1993-05-24,0.476
1993-05-25,0.1812
1993-05-26,1.0141
1993-05-27,-0.2357
1993-05-28,-0.4992
1993-06-01,0.8001
1993-06-02,-0.0042
1993-06-03,-0.3081
1993-06-04,-0.5457
1993-06-07,-0.5352
1993-06-08,-0.6744
1993-06-09,0.2319
1993-06-10,-0.0984
1993-06-11,0.4136
1993-06-14,0.0921
1993-06-15,-0.3301
1993-06-16,0.2515
1993-06-17,0.2396
1993-06-18,-1.092
1993-06-21,0.564
1993-06-22,-0.0736
1993-06-23,-0.6231
1993-06-24,0.7653
1993-06-25,0.2108
1993-06-28,0.9409
1993-06-29,-0.2652
1993-06-30,-0.044
1993-07-01,-0.3435
1993-07-02,-0.7164
1993-07-06,-0.9975
1993-07-07,0.3087
1993-07-08,1.3036
1993-07-09,-0.1266
1993-07-12,0.1858
1993-07-13,-0.2067
1993-07-14,0.4357
1993-07-15,-0.1995
1993-07-16,-0.7808
1993-07-19,0.0544
1993-07-20,0.2784
1993-07-21,-0.0376
1993-07-22,-0.6057
1993-07-23,0.574
1993-07-26,0.4365
1993-07-27,-0.1979
1993-07-28,-0.2428
1993-07-29,0.6736
1993-07-30,-0.4771
1993-08-02,0.4422
1993-08-03,-0.2041
1993-08-04,-0.1711
1993-08-05,-0.0999
1993-08-06,0.1143
1993-08-09,0.4462
1993-08-10,-0.2902
1993-08-11,0.2163
1993-08-12,-0.3414
1993-08-13,0.2544
1993-08-16,0.4892
1993-08-17,0.1574
1993-08-18,0.6339
1993-08-19,0.0772
1993-08-20,-0.0675
1993-08-23,-0.2122
1993-08-24,0.989
1993-08-25,0.07
1993-08-26,0.1894
1993-08-27,-0.1169
1993-08-30,0.2869
1993-08-31,0.351
1993-09-01,-0.0968
1993-09-02,-0.4078
1993-09-03,0.0005
1993-09-07,-0.6194
1993-09-08,-0.4161
1993-09-09,0.1778
1993-09-10,0.9142
1993-09-13,0.0654
1993-09-14,-0.4758
1993-09-15,0.3614
1993-09-16,-0.4783
1993-09-17,-0.1388
1993-09-20,-0.8321
1993-09-21,-0.4696
1993-09-22,0.7094
1993-09-23,0.3294
1993-09-24,-0.0322
1993-09-27,0.9031
1993-09-28,-0.0666
1993-09-29,-0.3158
1993-09-30,-0.2646
1993-10-01,0.5039
1993-10-04,0.0048
1993-10-05,-0.0387
1993-10-06,-0.108
1993-10-07,-0.3469
1993-10-08,0.2378
1993-10-11,NaN
1993-10-12,0.0437
1993-10-13,0.0718
1993-10-14,1.1487
1993-10-15,0.5635
1993-10-18,-0.2321
1993-10-19,-0.4867
1993-10-20,-0.0385
1993-10-21,-0.1608
1993-10-22,-0.4576
1993-10-25,0.1923
1993-10-26,0.0129
1993-10-27,0.0582
1993-10-28,0.6631
1993-10-29,0.0129
1993-11-01,0.2629
1993-11-02,-0.1494
1993-11-03,-1.1656
1993-11-04,-1.2029
1993-11-05,0.4461
1993-11-08,0.1307
1993-11-09,0.0174
1993-11-10,0.7277
1993-11-11,NaN
1993-11-12,0.5857
1993-11-15,-0.3611
1993-11-16,0.6361
1993-11-17,-0.4221
1993-11-18,-0.2647
1993-11-19,-0.2287
1993-11-22,-0.7588
1993-11-23,0.4051
1993-11-24,0.2798
1993-11-26,0.1427
1993-11-29,-0.2592
1993-11-30,-0.0326
1993-12-01,0.013
1993-12-02,0.2555
1993-12-03,0.3757
1993-12-06,0.3226
1993-12-07,0.0621
1993-12-08,-0.1093
1993-12-09,-0.461
1993-12-10,-0.0624
1993-12-13,0.373
1993-12-14,-0.5754
1993-12-15,-0.2719
1993-12-16,0.3163
1993-12-17,0.6477
1993-12-20,-0.1221
1993-12-21,-0.1266
1993-12-22,0.4256
1993-12-23,0.0043
1993-12-27,0.6676
1993-12-28,0.0765
1993-12-29,-0.0848
1993-12-30,-0.4206
1993-12-31,-0.4757
1994-01-03,-0.225
1994-01-04,0.3029
1994-01-05,0.1328
1994-01-06,-0.1005
1994-01-07,0.5867
1994-01-10,1.1345
1994-01-11,-0.2482
1994-01-12,0.0002
1994-01-13,-0.3667
1994-01-14,0.5082
1994-01-17,NaN
1994-01-18,0.1925
1994-01-19,0.0023
1994-01-20,0.1351
1994-01-21,-0.063
1994-01-24,-0.5875
1994-01-25,-0.2306
1994-01-26,0.476
1994-01-27,0.8055
1994-01-28,0.3377
1994-01-31,0.5996
1994-02-01,-0.4216
1994-02-02,0.4877
1994-02-03,-0.2764
1994-02-04,-2.2765
1994-02-07,0.4061
1994-02-08,-0.1596
1994-02-09,0.3561
1994-02-10,-0.8213
1994-02-11,0.2575
1994-02-14,0.0015
1994-02-15,0.4779
1994-02-16,0.048
1994-02-17,-0.5273
1994-02-18,-0.5726
1994-02-22,0.7969
1994-02-23,-0.1728
1994-02-24,-1.3755
1994-02-25,0.3805
1994-02-28,0.2202
1994-03-01,-0.5878
1994-03-02,0.07
1994-03-03,-0.397
1994-03-04,0.3638
1994-03-07,0.4571
1994-03-08,-0.2305
1994-03-09,0.2434
1994-03-10,-0.6863
1994-03-11,0.5378
1994-03-14,0.1938
1994-03-15,-0.0913
1994-03-16,0.5062
1994-03-17,0.3056
1994-03-18,0.0243
1994-03-21,-0.5448
1994-03-22,0.0457
1994-03-23,-0.0651
1994-03-24,-0.9039
1994-03-25,-0.8216
1994-03-28,-0.1357
1994-03-29,-1.6446
1994-03-30,-1.5413
1994-03-31,0.0397
1994-04-04,-1.5469
1994-04-05,2.1246
1994-04-06,-0.0636
1994-04-07,0.6218
1994-04-08,-0.8483
1994-04-11,0.6097
1994-04-12,-0.5212
1994-04-13,-0.3026
1994-04-14,0.0169
1994-04-15,-0.0548
1994-04-18,-0.8441
1994-04-19,0.0076
1994-04-20,-0.1415
1994-04-21,1.5214
1994-04-22,-0.2556
1994-04-25,1.1244
1994-04-26,-0.1964
1994-04-28,-0.6239
1994-04-29,0.3922
1994-05-02,0.457
1994-05-03,-0.009
1994-05-04,-0.3005
1994-05-05,-0.0865
1994-05-06,-0.8004
1994-05-09,-1.24
1994-05-10,0.8224
1994-05-11,-1.0252
1994-05-12,0.5004
1994-05-13,0.0764
1994-05-16,0.0672
1994-05-17,1.0862
1994-05-18,0.9496
1994-05-19,0.6034
1994-05-20,-0.3533
1994-05-23,-0.3897
1994-05-24,0.3435
1994-05-25,0.3247
1994-05-26,0.1462
1994-05-27,0.0474
1994-05-31,-0.1931
1994-06-01,0.2359
1994-06-02,-0.0072
1994-06-03,0.5304
1994-06-06,-0.2831
1994-06-07,-0.1575
1994-06-08,-0.2625
1994-06-09,0.1635
1994-06-10,0.1654
1994-06-13,0.0822
1994-06-14,0.7008
1994-06-15,-0.3922
1994-06-16,0.2751
1994-06-17,-0.7649
1994-06-20,-0.6593
1994-06-21,-0.9207
1994-06-22,0.3761
1994-06-23,-0.7752
1994-06-24,-1.5307
1994-06-27,1.007
1994-06-28,-0.2889
1994-06-29,0.3381
1994-06-30,-0.7622
1994-07-01,0.4227
1994-07-05,0.0263
1994-07-06,-0.0657
1994-07-07,0.4925
1994-07-08,0.2487
1994-07-11,-0.3438
1994-07-12,-0.037
1994-07-13,0.1618
1994-07-14,1.0309
1994-07-15,0.1535
1994-07-18,0.2216
1994-07-19,-0.3107
1994-07-20,-0.51
1994-07-21,0.2116
1994-07-22,0.0982
1994-07-25,0.2394
1994-07-26,-0.2082
1994-07-27,-0.1867
1994-07-28,0.3567
1994-07-29,0.8731
1994-08-01,0.5881
1994-08-02,-0.1097
1994-08-03,0.1811
1994-08-04,-0.673
1994-08-05,-0.2982
1994-08-08,0.1625
1994-08-09,-0.0059
1994-08-10,0.5075
1994-08-11,-0.3206
1994-08-12,0.6546
1994-08-15,-0.1661
1994-08-16,0.8066
1994-08-17,0.0216
1994-08-18,-0.4428
1994-08-19,0.0974
1994-08-22,-0.306
1994-08-23,0.4609
1994-08-24,0.9604
1994-08-25,-0.2153
1994-08-26,1.2093
1994-08-29,0.154
1994-08-30,0.299
1994-08-31,-0.1346
1994-09-01,-0.5006
1994-09-02,-0.4734
1994-09-06,0.172
1994-09-07,-0.1971
1994-09-08,0.4438
1994-09-09,-1.0611
1994-09-12,-0.4336
1994-09-13,0.266
1994-09-14,0.2631
1994-09-15,1.2692
1994-09-16,-0.7753
1994-09-19,-0.085
1994-09-20,-1.6036
1994-09-21,-0.4234
1994-09-22,-0.0546
1994-09-23,-0.3602
1994-09-26,0.2368
1994-09-27,0.2538
1994-09-28,0.5911
1994-09-29,-0.5721
1994-09-30,0.0886
1994-10-03,-0.2229
1994-10-04,-1.5624
1994-10-05,-0.2492
1994-10-06,-0.2697
1994-10-07,0.5921
1994-10-10,NaN
1994-10-11,1.4568
1994-10-12,-0.0826
1994-10-13,0.4847
1994-10-14,0.2665
1994-10-17,-0.0434
1994-10-18,-0.2909
1994-10-19,0.5465
1994-10-20,-0.7433
1994-10-21,-0.4338
1994-10-24,-0.8874
1994-10-25,0.1378
1994-10-26,0.2222
1994-10-27,0.6843
1994-10-28,1.6861
1994-10-31,-0.3138
1994-11-01,-0.8462
1994-11-02,-0.422
1994-11-03,0.2858
1994-11-04,-1.2177
1994-11-07,0.1563
1994-11-08,0.5425
1994-11-09,-0.0682
1994-11-10,-0.2359
1994-11-11,NaN
1994-11-14,0.7833
1994-11-15,-0.2318
1994-11-16,0.1119
1994-11-17,-0.4552
1994-11-18,-0.4679
1994-11-21,-0.7018
1994-11-22,-1.8063
1994-11-23,-0.0503
1994-11-25,0.5097
1994-11-28,0.3984
1994-11-29,0.2069
1994-11-30,-0.3407
1994-12-01,-1.0669
1994-12-02,0.9599
1994-12-05,-0.0117
1994-12-06,-0.0625
1994-12-07,-0.4307
1994-12-08,-1.2968
1994-12-09,0.3231
1994-12-12,0.5456
1994-12-13,0.1351
1994-12-14,1.0549
1994-12-15,0.0658
1994-12-16,0.7443
1994-12-19,-0.2095
1994-12-20,-0.1922
1994-12-21,0.534
1994-12-22,-0.0
1994-12-23,0.0172
1994-12-27,0.5587
1994-12-28,-0.3636
1994-12-29,0.0519
1994-12-30,-0.4275
1995-01-03,-0.0503
1995-01-04,0.3326
1995-01-05,-0.0963
1995-01-06,0.0578
1995-01-09,0.0165
1995-01-10,0.1684
1995-01-11,-0.0201
1995-01-12,-0.0201
1995-01-13,0.9224
1995-01-16,NaN
1995-01-17,0.127
1995-01-18,-0.0883
1995-01-19,-0.6036
1995-01-20,-0.4808
1995-01-23,0.2076
1995-01-24,-0.0077
1995-01-25,0.323
1995-01-26,0.1721
1995-01-27,0.4259
1995-01-30,-0.4157
1995-01-31,0.3914
1995-02-01,-0.0208
1995-02-02,0.4917
1995-02-03,1.2232
1995-02-06,0.504
1995-02-07,-0.0848
1995-02-08,0.0629
1995-02-09,-0.224
1995-02-10,0.2482
1995-02-13,0.0232
1995-02-14,0.1707
1995-02-15,0.3962
1995-02-16,0.1244
1995-02-17,-0.6857
1995-02-21,0.1396
1995-02-22,0.4709
1995-02-23,0.3633
1995-02-24,0.2304
1995-02-27,-0.897
1995-02-28,0.7238
1995-03-01,-0.3731
1995-03-02,-0.1232
1995-03-03,0.0438
1995-03-06,0.0272
1995-03-07,-0.7389
1995-03-08,0.1954
1995-03-09,-0.0119
1995-03-10,1.3105
1995-03-13,0.0819
1995-03-14,0.5634
1995-03-15,-0.221
1995-03-16,0.7016
1995-03-17,0.0061
1995-03-20,0.1091
1995-03-21,-0.2317
1995-03-22,0.1052
1995-03-23,0.0405
1995-03-24,0.9963
1995-03-27,0.4293
1995-03-28,0.1231
1995-03-29,-0.1706
1995-03-30,-0.1948
1995-03-31,-0.3166
1995-04-03,0.2117
1995-04-04,0.6595
1995-04-05,0.0494
1995-04-06,0.085
1995-04-07,0.0513
1995-04-10,0.1007
1995-04-11,-0.3077
1995-04-12,0.3086
1995-04-13,0.3906
1995-04-17,-0.6245
1995-04-18,-0.1659
1995-04-19,-0.1048
1995-04-20,0.0576
1995-04-21,0.6176
1995-04-24,0.8496
1995-04-25,-0.1699
1995-04-26,0.0935
1995-04-27,0.1577
1995-04-28,0.21
1995-05-01,-0.1034
1995-05-02,0.1007
1995-05-03,1.0757
1995-05-04,-0.0041
1995-05-05,-0.0963
1995-05-08,0.7227
1995-05-09,-0.0921
1995-05-10,0.137
1995-05-11,-0.0139
1995-05-12,0.2091
1995-05-15,0.4008
1995-05-16,0.0693
1995-05-17,-0.2279
1995-05-18,-1.437
1995-05-19,-0.091
1995-05-22,0.8431
1995-05-23,0.9273
1995-05-24,-0.0121
1995-05-25,-0.0196
1995-05-26,-0.9504
1995-05-30,-0.0292
1995-05-31,1.8598
1995-06-01,0.0015
1995-06-02,-0.1989
1995-06-05,0.5649
1995-06-06,-0.0248
1995-06-07,-0.4675
1995-06-08,-0.1619
1995-06-09,-0.8441
1995-06-12,0.5413
1995-06-13,0.9586
1995-06-14,0.0631
1995-06-15,0.1058
1995-06-16,0.4892
1995-06-19,0.9832
1995-06-20,-0.0593
1995-06-21,-0.1987
1995-06-22,1.2883
1995-06-23,-0.2618
1995-06-26,-1.0302
1995-06-27,-0.3276
1995-06-28,0.4089
1995-06-29,-0.1733
1995-06-30,0.1466
1995-07-03,0.4143
1995-07-05,0.0157
1995-07-06,1.2147
1995-07-07,0.4146
1995-07-10,0.1324
1995-07-11,-0.4476
1995-07-12,1.0863
1995-07-13,0.0045
1995-07-14,-0.213
1995-07-17,0.4902
1995-07-18,-0.7723
1995-07-19,-1.3545
1995-07-20,0.4494
1995-07-21,-0.0008
1995-07-24,0.5285
1995-07-25,0.7878
1995-07-26,0.0756
1995-07-27,0.6277
1995-07-28,-0.4203
1995-07-31,-0.1697
1995-08-01,-0.4458
1995-08-02,-0.1653
1995-08-03,-0.0241
1995-08-04,0.0189
1995-08-07,0.1799
1995-08-08,0.0492
1995-08-09,-0.1364
1995-08-10,-0.4189
1995-08-11,-0.4349
1995-08-14,0.8189
1995-08-15,-0.2243
1995-08-16,0.2355
1995-08-17,-0.1813
1995-08-18,0.0152
1995-08-21,-0.212
1995-08-22,0.2374
1995-08-23,-0.4406
1995-08-24,0.0424
1995-08-25,0.4586
1995-08-28,-0.2023
1995-08-29,0.155
1995-08-30,0.1495
1995-08-31,0.1564
1995-09-01,0.334
1995-09-05,0.9305
1995-09-06,0.1608
1995-09-07,0.0061
1995-09-08,0.4041
1995-09-11,0.1998
1995-09-12,0.4382
1995-09-13,0.3772
1995-09-14,0.8215
1995-09-15,-0.0594
1995-09-18,-0.1142
1995-09-19,0.2308
1995-09-20,0.4254
1995-09-21,-0.6572
1995-09-22,-0.2324
1995-09-25,-0.0009
1995-09-26,-0.0835
1995-09-27,-0.0783
1995-09-28,0.8165
1995-09-29,-0.2639
1995-10-02,-0.475
1995-10-03,0.0916
1995-10-04,-0.1642
1995-10-05,0.1847
1995-10-06,-0.0389
1995-10-09,NaN
1995-10-10,-0.1618
1995-10-11,0.3211
1995-10-12,0.6133
1995-10-13,0.2253
1995-10-16,-0.2664
1995-10-17,0.6285
1995-10-18,0.0978
1995-10-19,0.5318
1995-10-20,-0.5548
1995-10-23,-0.4233
1995-10-24,0.2384
1995-10-25,-0.7085
1995-10-26,-1.0018
1995-10-27,0.502
1995-10-30,0.5976
1995-10-31,-0.3149
1995-11-01,0.4529
1995-11-02,0.9266
1995-11-03,0.1293
1995-11-06,-0.3722
1995-11-07,-0.3787
1995-11-08,0.9043
1995-11-09,0.2469
1995-11-10,-0.1062
1995-11-13,-0.086
1995-11-14,-0.5232
1995-11-15,0.7774
1995-11-16,0.5541
1995-11-17,0.4421
1995-11-20,-0.5516
1995-11-21,0.553
1995-11-22,-0.3215
1995-11-24,0.2475
1995-11-27,0.2101
1995-11-28,0.8381
1995-11-29,0.1813
1995-11-30,-0.3885
1995-12-01,0.2512
1995-12-04,1.089
1995-12-05,0.637
1995-12-06,0.3899
1995-12-07,-0.6615
1995-12-08,0.1977
1995-12-11,0.3155
1995-12-12,-0.1341
1995-12-13,0.4556
1995-12-14,-0.782
1995-12-15,-0.1086
1995-12-18,-1.5608
1995-12-19,0.8295
1995-12-20,-0.9928
1995-12-21,0.7372
1995-12-22,0.2255
1995-12-26,0.3704
1995-12-27,0.0237
1995-12-28,-0.0802
1995-12-29,0.2809
1996-01-02,0.7654
1996-01-03,0.0809
1996-01-04,-0.5967
1996-01-05,-0.1743
1996-01-08,0.2697
1996-01-09,-1.4708
1996-01-10,-1.8141
1996-01-11,0.6894
1996-01-12,-0.1601
1996-01-15,NaN
1996-01-16,1.4231
1996-01-17,-0.3542
1996-01-18,0.2945
1996-01-19,0.5764
1996-01-22,0.2427
1996-01-23,-0.1133
1996-01-24,1.1562
1996-01-25,-0.4865
1996-01-26,0.73
1996-01-29,0.4043
1996-01-30,0.936
1996-01-31,0.9178
1996-02-01,0.37
1996-02-02,-0.4239
1996-02-05,0.8656
1996-02-06,0.7504
1996-02-07,0.5436
1996-02-08,0.9314
1996-02-09,0.0323
1996-02-12,0.7605
1996-02-13,-0.1555
1996-02-14,-0.7598
1996-02-15,-0.6632
1996-02-16,-0.5261
1996-02-20,-1.1447
1996-02-21,1.1494
1996-02-22,1.6468
1996-02-23,0.0199
1996-02-26,-1.3214
1996-02-27,-0.5087
1996-02-28,-0.3984
1996-02-29,-0.6837
1996-03-01,0.6016
1996-03-04,0.9858
1996-03-05,0.7515
1996-03-06,-0.5916
1996-03-07,0.2394
1996-03-08,-3.0963
1996-03-11,1.0153
1996-03-12,-0.4717
1996-03-13,0.2153
1996-03-14,0.3494
1996-03-15,0.0734
1996-03-18,1.7352
1996-03-19,-0.1612
1996-03-20,-0.2764
1996-03-21,-0.1354
1996-03-22,0.2064
1996-03-25,-0.1029
1996-03-26,0.4368
1996-03-27,-0.6358
1996-03-28,-0.0095
1996-03-29,-0.5441
1996-04-01,1.2609
1996-04-02,0.22
1996-04-03,0.0806
1996-04-04,-0.017
1996-04-08,-1.7858
1996-04-09,-0.3321
1996-04-10,-1.367
1996-04-11,-0.3801
1996-04-12,0.8623
1996-04-15,0.8942
1996-04-16,0.3772
1996-04-17,-0.5391
1996-04-18,0.2982
1996-04-19,0.2132
1996-04-22,0.4235
1996-04-23,0.5556
1996-04-24,-0.2304
1996-04-25,0.4014
1996-04-26,0.0764
1996-04-29,0.0931
1996-04-30,-0.0125
1996-05-01,0.0488
1996-05-02,-1.725
1996-05-03,-0.286
1996-05-06,-0.1417
1996-05-07,-0.4119
1996-05-08,1.006
1996-05-09,0.09
1996-05-10,1.0164
1996-05-13,1.4306
1996-05-14,0.6043
1996-05-15,-0.041
1996-05-16,-0.0997
1996-05-17,0.5967
1996-05-20,0.6198
1996-05-21,-0.072
1996-05-22,0.8272
1996-05-23,-0.3708
1996-05-24,0.3572
1996-05-28,-0.9396
1996-05-29,-0.6538
1996-05-30,0.5503
1996-05-31,-0.3982
1996-06-03,-0.2294
1996-06-04,0.7167
1996-06-05,0.8601
1996-06-06,-0.8116
1996-06-07,0.0273
1996-06-10,-0.1852
1996-06-11,-0.1914
1996-06-12,-0.302
1996-06-13,-0.1817
1996-06-14,-0.3241
1996-06-17,-0.1177
1996-06-18,-0.4802
1996-06-19,-0.0293
1996-06-20,0.0068
1996-06-21,0.7016
1996-06-24,0.2871
1996-06-25,-0.0696
1996-06-26,-0.6261
1996-06-27,0.612
1996-06-28,0.297
1996-07-01,0.7686
1996-07-02,-0.3503
1996-07-03,-0.1939
1996-07-05,-2.2393
1996-07-08,-0.7597
1996-07-09,0.3241
1996-07-10,0.1857
1996-07-11,-1.598
1996-07-12,0.0662
1996-07-15,-2.5508
1996-07-16,-0.2414
1996-07-17,0.8928
1996-07-18,1.4824
1996-07-19,-0.7649
1996-07-22,-0.7909
1996-07-23,-1.1032
1996-07-24,-0.0496
1996-07-25,0.7069
1996-07-26,0.735
1996-07-29,-0.7993
1996-07-30,0.6749
1996-07-31,0.7238
1996-08-01,1.5593
1996-08-02,1.9042
1996-08-05,-0.3553
1996-08-06,0.3115
1996-08-07,0.2546
1996-08-08,-0.2504
1996-08-09,-0.088
1996-08-12,0.5403
1996-08-13,-0.8507
1996-08-14,0.2662
1996-08-15,0.0206
1996-08-16,0.4283
1996-08-19,0.1918
1996-08-20,-0.1476
1996-08-21,-0.1071
1996-08-22,0.8295
1996-08-23,-0.5582
1996-08-26,-0.4864
1996-08-27,0.3654
1996-08-28,-0.2527
1996-08-29,-1.1289
1996-08-30,-0.8373
1996-09-03,0.4043
1996-09-04,0.1215
1996-09-05,-0.9556
1996-09-06,0.9463
1996-09-09,1.218
1996-09-10,-0.0069
1996-09-11,0.5083
1996-09-12,0.5656
1996-09-13,1.3849
1996-09-16,0.4914
1996-09-17,-0.1665
1996-09-18,-0.2296
1996-09-19,0.2102
1996-09-20,0.5756
1996-09-23,-0.0945
1996-09-24,-0.1408
1996-09-25,0.0183
1996-09-26,-0.0092
1996-09-27,0.0344
1996-09-30,0.1524
1996-10-01,0.2407
1996-10-02,0.7018
1996-10-03,-0.191
1996-10-04,1.2393
1996-10-07,0.2542
1996-10-08,-0.3978
1996-10-09,-0.5706
1996-10-10,-0.3197
1996-10-11,0.857
1996-10-14,NaN
1996-10-15,-0.1519
1996-10-16,0.2479
1996-10-17,0.3523
1996-10-18,0.5278
1996-10-21,-0.1504
1996-10-22,-0.4761
1996-10-23,0.0851
1996-10-24,-0.7181
1996-10-25,-0.2091
1996-10-28,-0.5363
1996-10-29,0.5941
1996-10-30,-0.0995
1996-10-31,0.6094
1996-11-01,-0.2267
1996-11-04,0.4066
1996-11-05,1.0344
1996-11-06,1.4492
1996-11-07,0.4083
1996-11-08,0.4216
1996-11-11,NaN
1996-11-12,-0.3297
1996-11-13,0.2011
1996-11-14,0.6356
1996-11-15,0.2224
1996-11-18,-0.0954
1996-11-19,0.6833
1996-11-20,0.2271
1996-11-21,-0.1754
1996-11-22,0.791
1996-11-25,1.0945
1996-11-26,-0.1554
1996-11-27,-0.141
1996-11-29,0.2536
1996-12-02,-0.0746
1996-12-03,-1.1082
1996-12-04,-0.4387
1996-12-05,-0.1104
1996-12-06,-0.6558
1996-12-09,1.3601
1996-12-10,-0.3096
1996-12-11,-0.9245
1996-12-12,-1.5566
1996-12-13,-0.1039
1996-12-16,-1.0649
1996-12-17,0.6882
1996-12-18,0.7438
1996-12-19,1.9302
1996-12-20,0.4034
1996-12-23,-0.2743
1996-12-24,0.5364
1996-12-26,0.6239
1996-12-27,0.1144
1996-12-30,-0.4026
1996-12-31,-1.7532
1997-01-02,-0.5177
1997-01-03,1.4811
1997-01-06,-0.0649
1997-01-07,0.7323
1997-01-08,-0.6539
1997-01-09,0.8465
1997-01-10,0.6019
1997-01-13,-0.0128
1997-01-14,1.2169
1997-01-15,-0.2299
1997-01-16,0.3183
1997-01-17,0.82
1997-01-20,NaN
1997-01-21,0.761
1997-01-22,0.4343
1997-01-23,-1.1168
1997-01-24,-0.9195
1997-01-27,-0.7279
1997-01-28,-0.0141
1997-01-29,0.9637
1997-01-30,1.4966
1997-01-31,0.2397
1997-02-03,0.0586
1997-02-04,0.3077
1997-02-05,-1.4052
1997-02-06,0.2263
1997-02-07,1.1922
1997-02-10,-0.5371
1997-02-11,0.5156
1997-02-12,1.6552
1997-02-13,1.1134
1997-02-14,-0.4253
1997-02-18,0.9521
1997-02-19,-0.4794
1997-02-20,-1.2065
1997-02-21,-0.1422
1997-02-24,1.0475
1997-02-25,0.202
1997-02-26,-0.7962
1997-02-27,-1.3311
1997-02-28,-0.5488
1997-03-03,0.5535
1997-03-04,-0.5625
1997-03-05,1.3816
1997-03-06,-0.4419
1997-03-07,0.7885
1997-03-10,1.0642
1997-03-11,-0.298
1997-03-12,-0.8868
1997-03-13,-1.8421
1997-03-14,0.443
1997-03-17,0.3059
1997-03-18,-0.7746
1997-03-19,-0.507
1997-03-20,-0.4116
1997-03-21,0.1706
1997-03-24,0.8513
1997-03-25,-0.2449
1997-03-26,0.1667
1997-03-27,-2.1171
1997-03-31,-2.1803
1997-04-01,0.3184
1997-04-02,-1.269
1997-04-03,0.0137
1997-04-04,0.9958
1997-04-07,0.5437
1997-04-08,0.5092
1997-04-09,-0.7348
1997-04-10,-0.3115
1997-04-11,-2.7428
1997-04-14,0.8098
1997-04-15,1.4632
1997-04-16,1.1529
1997-04-17,-0.2449
1997-04-18,0.5855
1997-04-21,-0.7934
1997-04-22,1.8582
1997-04-23,-0.1398
1997-04-24,-0.3325
1997-04-25,-0.7678
1997-04-28,0.9772
1997-04-29,2.7139
1997-04-30,0.9037
1997-05-01,-0.3649
1997-05-02,1.7941
1997-05-05,2.1163
1997-05-06,-0.3189
1997-05-07,-1.4808
1997-05-08,0.5547
1997-05-09,0.5369
1997-05-12,1.5475
1997-05-13,-0.5551
1997-05-14,0.3352
1997-05-15,0.6846
1997-05-16,-1.455
1997-05-19,0.4098
1997-05-20,0.9922
1997-05-21,-0.2884
1997-05-22,-0.4537
1997-05-23,1.3465
1997-05-27,0.3024
1997-05-28,-0.3083
1997-05-29,-0.3831
1997-05-30,0.4841
1997-06-02,-0.2397
1997-06-03,-0.1177
1997-06-04,-0.649
1997-06-05,0.3813
1997-06-06,1.7149
1997-06-09,0.5573
1997-06-10,0.2597
1997-06-11,0.4834
1997-06-12,1.5838
1997-06-13,1.0968
1997-06-16,0.057
1997-06-17,0.0444
1997-06-18,-0.613
1997-06-19,0.9906
1997-06-20,0.0653
1997-06-23,-2.2484
1997-06-24,2.003
1997-06-25,-0.8338
1997-06-26,-0.6114
1997-06-27,0.3956
1997-06-30,-0.2576
1997-07-01,0.6513
1997-07-02,1.4448
1997-07-03,1.4118
1997-07-07,-0.5286
1997-07-08,0.7041
1997-07-09,-1.2341
1997-07-10,0.6736
1997-07-11,0.3034
1997-07-14,0.1714
1997-07-15,0.7894
1997-07-16,1.1558
1997-07-17,-0.5458
1997-07-18,-1.765
1997-07-21,-0.2722
1997-07-22,2.2906
1997-07-23,0.2621
1997-07-24,0.3851
1997-07-25,-0.1748
1997-07-28,-0.2635
1997-07-29,0.6094
1997-07-30,1.047
1997-07-31,0.1978
1997-08-01,-0.7657
1997-08-04,0.3193
1997-08-05,0.2034
1997-08-06,0.8204
1997-08-07,-0.9652
1997-08-08,-1.87
1997-08-11,0.3562
1997-08-12,-1.1319
1997-08-13,-0.5012
1997-08-14,0.2837
1997-08-15,-2.6053
1997-08-18,1.2823
1997-08-19,1.4674
1997-08-20,1.4263
1997-08-21,-1.5367
1997-08-22,-0.1775
1997-08-25,-0.3804
1997-08-26,-0.7903
1997-08-27,0.0601
1997-08-28,-1.112
1997-08-29,-0.479
1997-09-02,3.111
1997-09-03,0.0162
1997-09-04,0.3104
1997-09-05,-0.2096
1997-09-08,0.2174
1997-09-09,0.2458
1997-09-10,-1.5767
1997-09-11,-0.7147
1997-09-12,1.2265
1997-09-15,-0.4621
1997-09-16,2.7988
1997-09-17,-0.2931
1997-09-18,0.441
1997-09-19,0.3261
1997-09-22,0.5039
1997-09-23,-0.38
1997-09-24,-0.7961
1997-09-25,-0.709
1997-09-26,0.7658
1997-09-29,0.8454
1997-09-30,-0.6494
1997-10-01,0.8444
1997-10-02,0.5148
1997-10-03,0.4621
1997-10-06,0.7801
1997-10-07,1.0585
1997-10-08,-0.9578
1997-10-09,-0.3446
1997-10-10,-0.389
1997-10-13,NaN
1997-10-14,0.2113
1997-10-15,-0.4837
1997-10-16,-1.098
1997-10-17,-1.1747
1997-10-20,1.199
1997-10-21,1.7306
1997-10-22,-0.4038
1997-10-23,-1.8519
1997-10-24,-0.9659
1997-10-27,-6.8795
1997-10-28,5.1009
1997-10-29,-0.3059
1997-10-30,-1.6982
1997-10-31,1.1964
1997-11-03,2.6502
1997-11-04,0.1742
1997-11-05,0.1983
1997-11-06,-0.5162
1997-11-07,-1.136
1997-11-10,-0.7024
1997-11-11,NaN
1997-11-12,-1.9435
1997-11-13,1.1667
1997-11-14,1.2609
1997-11-17,1.9083
1997-11-18,-0.8568
1997-11-19,0.6635
1997-11-20,1.509
1997-11-21,0.4143
1997-11-24,-1.7194
1997-11-25,0.424
1997-11-26,0.0719
1997-11-28,0.3809
1997-12-01,2.0132
1997-12-02,-0.3313
1997-12-03,0.5095
1997-12-04,-0.3901
1997-12-05,1.0841
1997-12-08,-0.1589
1997-12-09,-0.6852
1997-12-10,-0.628
1997-12-11,-1.5454
1997-12-12,-0.1764
1997-12-15,1.0346
1997-12-16,0.4684
1997-12-17,-0.2725
1997-12-18,-1.0748
1997-12-19,-0.9064
1997-12-22,0.7161
1997-12-23,-1.5426
1997-12-24,-0.6993
1997-12-26,0.3886
1997-12-29,1.7889
1997-12-30,1.8198
1997-12-31,-0.0568
1998-01-02,0.4606
1998-01-05,0.194
1998-01-06,-1.0878
1998-01-07,-0.2812
1998-01-08,-0.8387
1998-01-09,-2.9801
1998-01-12,1.2281
1998-01-13,1.3605
1998-01-14,0.5972
1998-01-15,-0.7666
1998-01-16,1.1198
1998-01-20,1.7634
1998-01-21,-0.81
1998-01-22,-0.8143
1998-01-23,-0.58
1998-01-26,-0.0808
1998-01-27,1.247
1998-01-28,0.8568
1998-01-29,0.8074
1998-01-30,-0.5428
1998-02-02,2.127
1998-02-03,0.4581
1998-02-04,0.0755
1998-02-05,-0.3477
1998-02-06,0.8748
1998-02-09,-0.1839
1998-02-10,0.804
1998-02-11,0.0839
1998-02-12,0.3907
1998-02-13,-0.4097
1998-02-17,0.2477
1998-02-18,0.8971
1998-02-19,-0.3824
1998-02-20,0.5625
1998-02-23,0.3657
1998-02-24,-0.7445
1998-02-25,1.183
1998-02-26,0.5387
1998-02-27,0.0494
1998-03-02,-0.1708
1998-03-03,0.3981
1998-03-04,-0.4599
1998-03-05,-1.1866
1998-03-06,1.9801
1998-03-09,-0.3342
1998-03-10,1.1208
1998-03-11,0.3827
1998-03-12,0.1219
1998-03-13,-0.1363
1998-03-16,0.9837
1998-03-17,0.0953
1998-03-18,0.4552
1998-03-19,0.3747
1998-03-20,0.8503
1998-03-23,-0.3425
1998-03-24,0.9078
1998-03-25,-0.3505
1998-03-26,-0.1167
1998-03-27,-0.5011
1998-03-30,-0.1822
1998-03-31,0.7312
1998-04-01,0.5669
1998-04-02,1.0564
1998-04-03,0.2263
1998-04-06,-0.1315
1998-04-07,-1.0688
1998-04-08,-0.7258
1998-04-09,0.805
1998-04-13,-0.1024
1998-04-14,0.5321
1998-04-15,0.3061
1998-04-16,-1.0099
1998-04-17,1.2992
1998-04-20,0.0691
1998-04-21,0.255
1998-04-22,0.3296
1998-04-23,-0.9833
1998-04-24,-1.0571
1998-04-27,-1.9418
1998-04-28,-0.1454
1998-04-29,0.8626
1998-04-30,1.5513
1998-05-01,0.8184
1998-05-04,0.0817
1998-05-05,-0.5994
1998-05-06,-0.9624
1998-05-07,-0.8991
1998-05-08,1.1731
1998-05-11,-0.1493
1998-05-12,0.8129
1998-05-13,0.2612
1998-05-14,-0.1473
1998-05-15,-0.7873
1998-05-18,-0.2766
1998-05-19,0.3204
1998-05-20,0.8457
1998-05-21,-0.4092
1998-05-22,-0.3883
1998-05-26,-1.4953
1998-05-27,-0.1775
1998-05-28,0.4779
1998-05-29,-0.6314
1998-06-01,0.0011
1998-06-02,0.1915
1998-06-03,-0.9735
1998-06-04,1.1036
1998-06-05,1.7242
1998-06-08,0.153
1998-06-09,0.227
1998-06-10,-0.5621
1998-06-11,-1.6052
1998-06-12,0.3752
1998-06-15,-2.0006
1998-06-16,0.9682
1998-06-17,1.7806
1998-06-18,-0.081
1998-06-19,-0.5311
1998-06-22,0.2186
1998-06-23,1.4618
1998-06-24,1.1824
1998-06-25,-0.3314
1998-06-26,0.3335
1998-06-29,0.4532
1998-06-30,-0.4223
1998-07-01,1.2844
1998-07-02,-0.2001
1998-07-06,0.9379
1998-07-07,-0.2445
1998-07-08,1.0012
1998-07-09,-0.6843
1998-07-10,0.4843
1998-07-13,0.06
1998-07-14,1.0493
1998-07-15,-0.2492
1998-07-16,0.7673
1998-07-17,0.2191
1998-07-20,-0.2373
1998-07-21,-1.621
1998-07-22,-0.0988
1998-07-23,-2.1039
1998-07-24,0.0783
1998-07-27,0.5533
1998-07-28,-1.4982
1998-07-29,-0.4588
1998-07-30,1.5628
1998-07-31,-1.9632
1998-08-03,-0.7483
1998-08-04,-3.6384
1998-08-05,0.8545
1998-08-06,0.7446
1998-08-07,-0.0301
1998-08-10,-0.5928
1998-08-11,-1.321
1998-08-12,1.412
1998-08-13,-0.8724
1998-08-14,-1.145
1998-08-17,1.9547
1998-08-18,1.6039
1998-08-19,-0.299
1998-08-20,-0.602
1998-08-21,-0.9627
1998-08-24,0.6243
1998-08-25,0.419
1998-08-26,-0.8062
1998-08-27,-3.8505
1998-08-28,-1.4952
1998-08-31,-6.8147
1998-09-01,3.8496
1998-09-02,-0.3935
1998-09-03,-0.8431
1998-09-04,-0.8654
1998-09-08,5.0767
1998-09-09,-1.6997
1998-09-10,-2.598
1998-09-11,2.9321
1998-09-14,2.0343
1998-09-15,0.76
1998-09-16,0.7388
1998-09-17,-2.558
1998-09-18,0.1071
1998-09-21,0.3598
1998-09-22,0.5475
1998-09-23,3.5284
1998-09-24,-2.2045
1998-09-25,0.1824
1998-09-28,0.3649
1998-09-29,0.0191
1998-09-30,-3.0633
1998-10-01,-3.0223
1998-10-02,1.6319
1998-10-05,-1.4117
1998-10-06,-0.413
1998-10-07,-1.4241
1998-10-08,-1.1686
1998-10-09,2.5899
1998-10-12,NaN
1998-10-13,-0.3023
1998-10-14,1.0676
1998-10-15,4.1616
1998-10-16,0.8426
1998-10-19,0.5548
1998-10-20,0.1342
1998-10-21,0.5521
1998-10-22,0.7892
1998-10-23,-0.735
1998-10-26,0.1429
1998-10-27,-0.662
1998-10-28,0.2465
1998-10-29,1.6585
1998-10-30,1.1614
1998-11-02,1.1648
1998-11-03,-0.0806
1998-11-04,0.6924
1998-11-05,1.3445
1998-11-06,0.6188
1998-11-09,-0.96
1998-11-10,-0.184
1998-11-11,NaN
1998-11-12,-0.3048
1998-11-13,0.7063
1998-11-16,0.8893
1998-11-17,0.2917
1998-11-18,0.4408
1998-11-19,0.6982
1998-11-20,0.937
1998-11-23,2.1069
1998-11-24,-0.4519
1998-11-25,0.3155
1998-11-27,0.4476
1998-11-30,-2.4194
1998-12-01,0.9889
1998-12-02,-0.3551
1998-12-03,-1.8145
1998-12-04,2.3006
1998-12-07,0.9191
1998-12-08,-0.5442
1998-12-09,0.1665
1998-12-10,-1.5728
1998-12-11,0.1113
1998-12-14,-2.1778
1998-12-15,1.8831
1998-12-16,-0.0887
1998-12-17,1.5404
1998-12-18,0.67
1998-12-21,1.2343
1998-12-22,0.0484
1998-12-23,2.0622
1998-12-24,-0.1972
1998-12-28,-0.076
1998-12-29,1.3192
1998-12-30,-0.808
1998-12-31,-0.2314
1999-01-04,-0.1042
1999-01-05,1.346
1999-01-06,2.2019
1999-01-07,-0.2172
1999-01-08,0.4099
1999-01-11,-0.8914
1999-01-12,-1.9404
1999-01-13,-0.4244
1999-01-14,-1.8113
1999-01-15,2.551
1999-01-19,0.691
1999-01-20,0.3571
1999-01-21,-1.7195
1999-01-22,-0.8191
1999-01-25,0.7054
1999-01-26,1.4733
1999-01-27,-0.742
1999-01-28,1.7735
1999-01-29,1.1155
1999-02-01,-0.5312
1999-02-02,-0.8772
1999-02-03,0.7865
1999-02-04,-1.8659
1999-02-05,-0.7403
1999-02-08,0.3403
1999-02-09,-2.2338
1999-02-10,0.5971
1999-02-11,2.4797
1999-02-12,-1.919
1999-02-16,0.9421
1999-02-17,-1.4489
1999-02-18,1.0701
1999-02-19,0.1444
1999-02-22,2.6439
1999-02-23,-0.0881
1999-02-24,-1.4106
1999-02-25,-0.682
1999-02-26,-0.5501
1999-03-01,-0.188
1999-03-02,-0.875
1999-03-03,0.167
1999-03-04,1.5302
1999-03-05,2.3
1999-03-08,0.5566
1999-03-09,-0.2378
1999-03-10,0.5345
1999-03-11,0.8298
1999-03-12,-0.2506
1999-03-15,0.9662
1999-03-16,-0.0797
1999-03-17,-0.6676
1999-03-18,1.4309
1999-03-19,-1.3233
1999-03-22,-0.1878
1999-03-23,-2.7007
1999-03-24,0.4988
1999-03-25,1.6746
1999-03-26,-0.5696
1999-03-29,2.1214
1999-03-30,-0.7312
1999-03-31,-1.1177
1999-04-01,0.5593
1999-04-05,2.1059
1999-04-06,-0.2565
1999-04-07,0.6709
1999-04-08,1.276
1999-04-09,0.3131
1999-04-12,0.7506
1999-04-13,-0.6602
1999-04-14,-1.5956
1999-04-15,-0.4325
1999-04-16,-0.3028
1999-04-19,-2.2498
1999-04-20,1.2824
1999-04-21,2.2811
1999-04-22,1.687
1999-04-23,-0.157
1999-04-26,0.223
1999-04-27,0.1907
1999-04-28,-0.8847
1999-04-29,-0.6104
1999-04-30,-0.5821
1999-05-03,1.4442
1999-05-04,-1.6831
1999-05-05,1.1369
1999-05-06,-1.1452
1999-05-07,0.9596
1999-05-10,-0.3619
1999-05-11,1.1297
1999-05-12,0.6064
1999-05-13,0.2485
1999-05-14,-2.1887
1999-05-17,0.1136
1999-05-18,-0.4733
1999-05-19,0.8057
1999-05-20,-0.4142
1999-05-21,-0.6504
1999-05-24,-1.7897
1999-05-25,-1.7154
1999-05-26,1.5725
1999-05-27,-1.8022
1999-05-28,1.5817
1999-06-01,-0.595
1999-06-02,0.0296
1999-06-03,0.3527
1999-06-04,2.1584
1999-06-07,0.4976
1999-06-08,-1.3006
1999-06-09,0.087
1999-06-10,-1.2124
1999-06-11,-0.7175
1999-06-14,0.0151
1999-06-15,0.5404
1999-06-16,2.2353
1999-06-17,0.7007
1999-06-18,0.2067
1999-06-21,0.446
1999-06-22,-0.9854
1999-06-23,-0.2239
1999-06-24,-1.3091
1999-06-25,-0.0487
1999-06-28,1.2064
1999-06-29,1.4966
1999-06-30,1.5601
1999-07-01,0.5883
1999-07-02,0.7302
1999-07-06,-0.2355
1999-07-07,0.5449
1999-07-08,-0.1159
1999-07-09,0.6226
1999-07-12,-0.3106
1999-07-13,-0.4088
1999-07-14,0.318
1999-07-15,0.8062
1999-07-16,0.6371
1999-07-19,-0.7971
1999-07-20,-2.1829
1999-07-21,0.1466
1999-07-22,-1.3407
1999-07-23,-0.3087
1999-07-26,-0.6893
1999-07-27,1.1061
1999-07-28,0.175
1999-07-29,-1.7976
1999-07-30,-0.9309
1999-08-02,-0.0634
1999-08-03,-0.4551
1999-08-04,-1.2874
1999-08-05,0.6291
1999-08-06,-1.0346
1999-08-09,-0.2048
1999-08-10,-1.2748
1999-08-11,1.5864
1999-08-12,-0.3026
1999-08-13,2.2611
1999-08-16,0.2198
1999-08-17,0.9931
1999-08-18,-0.8551
1999-08-19,-0.7069
1999-08-20,0.9706
1999-08-23,1.7531
1999-08-24,0.2276
1999-08-25,1.328
1999-08-26,-1.4449
1999-08-27,-1.0223
1999-08-30,-1.8122
1999-08-31,-0.2862
1999-09-01,0.7938
1999-09-02,-0.9119
1999-09-03,2.8772
1999-09-07,-0.5134
1999-09-08,-0.4796
1999-09-09,0.2481
1999-09-10,0.2839
1999-09-13,-0.5701
1999-09-14,-0.5964
1999-09-15,-1.3839
1999-09-16,0.0259
1999-09-17,1.2721
1999-09-20,-0.0045
1999-09-21,-2.1058
1999-09-22,0.211
1999-09-23,-2.3099
1999-09-24,-0.2512
1999-09-27,0.4527
1999-09-28,-0.0997
1999-09-29,-1.0917
1999-09-30,1.1173
1999-10-01,-0.0055
1999-10-04,1.6855
1999-10-05,-0.2623
1999-10-06,1.835
1999-10-07,-0.5986
1999-10-08,1.3818
1999-10-11,NaN
1999-10-12,-1.6736
1999-10-13,-2.1071
1999-10-14,-0.1793
1999-10-15,-2.8195
1999-10-18,0.5249
1999-10-19,0.5593
1999-10-20,2.2146
1999-10-21,-0.4653
1999-10-22,1.3917
1999-10-25,-0.6298
1999-10-26,-0.92
1999-10-27,1.1406
1999-10-28,3.5128
1999-10-29,1.5124
1999-11-01,-0.6603
1999-11-02,-0.4851
1999-11-03,0.5196
1999-11-04,0.5552
1999-11-05,0.5431
1999-11-08,0.4807
1999-11-09,-0.8659
1999-11-10,0.585
1999-11-11,NaN
1999-11-12,1.0427
1999-11-15,-0.1339
1999-11-16,1.8273
1999-11-17,-0.6734
1999-11-18,0.9945
1999-11-19,-0.2205
1999-11-22,-0.0887
1999-11-23,-1.1615
1999-11-24,0.8713
1999-11-26,-0.0468
1999-11-29,-0.6349
1999-11-30,-1.3583
1999-12-01,0.62
1999-12-02,0.7956
1999-12-03,1.7075
1999-12-06,-0.7098
1999-12-07,-1.009
1999-12-08,-0.3896
1999-12-09,0.287
1999-12-10,0.6198
1999-12-13,-0.143
1999-12-14,-0.8661
1999-12-15,0.7096
1999-12-16,0.371
1999-12-17,0.1438
1999-12-20,-0.222
1999-12-21,1.0666
1999-12-22,0.1733
1999-12-23,1.5317
1999-12-27,-0.0998
1999-12-28,0.0238
1999-12-29,0.3837
1999-12-30,0.0548
1999-12-31,0.3119
2000-01-03,-0.9696
2000-01-04,-3.8492
2000-01-05,0.1775
2000-01-06,0.0809
2000-01-07,2.6944
2000-01-10,1.1043
2000-01-11,-1.321
2000-01-12,-0.4534
2000-01-13,1.2023
2000-01-14,1.0525
2000-01-18,-0.6979
2000-01-19,0.0373
2000-01-20,-0.7244
2000-01-21,-0.3061
2000-01-24,-2.7782
2000-01-25,0.5914
2000-01-26,-0.4364
2000-01-27,-0.409
2000-01-28,-2.761
2000-01-31,2.5063
2000-02-01,1.0473
2000-02-02,-0.0267
2000-02-03,1.1095
2000-02-04,-0.0575
2000-02-07,-0.0244
2000-02-08,1.2119
2000-02-09,-2.0969
2000-02-10,0.3473
2000-02-11,-2.1123
2000-02-14,0.188
2000-02-15,0.8557
2000-02-16,-1.0412
2000-02-17,0.0269
2000-02-18,-3.0532
2000-02-22,0.436
2000-02-23,0.6143
2000-02-24,-0.5493
2000-02-25,-1.4986
2000-02-28,1.086
2000-02-29,1.347
2000-03-01,0.9189
2000-03-02,0.1707
2000-03-03,1.968
2000-03-06,-1.2854
2000-03-07,-2.579
2000-03-08,0.8015
2000-03-09,2.5443
2000-03-10,-0.4882
2000-03-13,-0.8367
2000-03-14,-1.7845
2000-03-15,2.4113
2000-03-16,4.7487
2000-03-17,0.3954
2000-03-20,-0.5514
2000-03-21,2.5405
2000-03-22,0.4371
2000-03-23,1.7639
2000-03-24,-0.0089
2000-03-27,-0.2516
2000-03-28,-1.0745
2000-03-29,0.0364
2000-03-30,-1.3816
2000-03-31,0.7004
2000-04-03,0.4772
2000-04-04,-0.7622
2000-04-05,-0.5083
2000-04-06,0.9232
2000-04-07,0.9837
2000-04-10,-0.8001
2000-04-11,-0.2731
2000-04-12,-2.243
2000-04-13,-1.8329
2000-04-14,-5.8436
2000-04-17,3.2926
2000-04-18,2.8505
2000-04-19,-0.9967
2000-04-20,0.4795
2000-04-24,-0.3419
2000-04-25,3.3118
2000-04-26,-1.1291
2000-04-27,0.2534
2000-04-28,-0.8684
2000-05-01,1.0733
2000-05-02,-1.5117
2000-05-03,-2.1726
2000-05-04,-0.4068
2000-05-05,1.6198
2000-05-08,-0.607
2000-05-09,-0.8614
2000-05-10,-2.0767
2000-05-11,1.7736
2000-05-12,0.9174
2000-05-15,2.1931
2000-05-16,0.9251
2000-05-17,-1.2606
2000-05-18,-0.7475
2000-05-19,-2.1214
2000-05-22,-0.4588
2000-05-23,-1.9339
2000-05-24,1.8174
2000-05-25,-1.2689
2000-05-26,-0.2692
2000-05-30,3.2085
2000-05-31,-0.1454
2000-06-01,1.9702
2000-06-02,1.9477
2000-06-05,-0.6679
2000-06-06,-0.6833
2000-06-07,0.9113
2000-06-08,-0.6746
2000-06-09,-0.339
2000-06-12,-0.7675
2000-06-13,1.605
2000-06-14,0.059
2000-06-15,0.5411
2000-06-16,-0.9809
2000-06-19,1.4551
2000-06-20,-0.6921
2000-06-21,0.1996
2000-06-22,-1.8379
2000-06-23,-0.7527
2000-06-26,0.9436
2000-06-27,-0.3429
2000-06-28,0.2786
2000-06-29,-0.8703
2000-06-30,0.8305
2000-07-03,1.011
2000-07-05,-1.6025
2000-07-06,0.7055
2000-07-07,1.5097
2000-07-10,-0.2383
2000-07-11,0.3399
2000-07-12,0.7963
2000-07-13,0.1788
2000-07-14,0.9285
2000-07-17,0.017
2000-07-18,-1.1256
2000-07-19,-0.8054
2000-07-20,0.9016
2000-07-21,-1.045
2000-07-24,-1.0909
2000-07-25,0.6784
2000-07-26,-1.5122
2000-07-27,-0.2097
2000-07-28,-2.0677
2000-07-31,0.7536
2000-08-01,0.4911
2000-08-02,0.0247
2000-08-03,0.9464
2000-08-04,0.697
2000-08-07,1.1034
2000-08-08,0.2182
2000-08-09,-0.6867
2000-08-10,-0.8738
2000-08-11,0.7766
2000-08-14,1.3228
2000-08-15,-0.4951
2000-08-16,-0.3256
2000-08-17,1.079
2000-08-18,-0.3078
2000-08-21,0.5032
2000-08-22,-0.1071
2000-08-23,0.5062
2000-08-24,0.1383
2000-08-25,-0.1405
2000-08-28,0.49
2000-08-29,-0.2979
2000-08-30,-0.4974
2000-08-31,0.9871
2000-09-01,0.1866
2000-09-05,-0.9172
2000-09-06,-1.0009
2000-09-07,0.6707
2000-09-08,-0.5498
2000-09-11,-0.3673
2000-09-12,-0.5047
2000-09-13,0.1805
2000-09-14,-0.2888
2000-09-15,-1.0337
2000-09-18,-1.4698
2000-09-19,1.0486
2000-09-20,-0.6031
2000-09-21,-0.1745
2000-09-22,-0.0395
2000-09-25,-0.6856
2000-09-26,-0.8382
2000-09-27,-0.0617
2000-09-28,2.2065
2000-09-29,-1.5105
2000-10-02,-0.0364
2000-10-03,-0.6972
2000-10-04,0.5341
2000-10-05,0.1197
2000-10-06,-1.917
2000-10-09,NaN
2000-10-10,-1.0875
2000-10-11,-1.6341
2000-10-12,-2.5678
2000-10-13,3.3213
2000-10-16,0.0158
2000-10-17,-1.8104
2000-10-18,-0.5979
2000-10-19,3.4571
2000-10-20,0.5711
2000-10-23,-0.0996
2000-10-24,0.1511
2000-10-25,-2.3941
2000-10-26,-0.051
2000-10-27,1.0923
2000-10-30,1.3657
2000-10-31,2.1805
2000-11-01,-0.5896
2000-11-02,0.4822
2000-11-03,-0.1315
2000-11-06,0.368
2000-11-07,-0.0398
2000-11-08,-1.5951
2000-11-09,-0.6659
2000-11-10,-2.4571
2000-11-13,-1.0949
2000-11-14,2.3279
2000-11-15,0.4787
2000-11-16,-1.2757
2000-11-17,-0.3525
2000-11-20,-1.8525
2000-11-21,0.335
2000-11-22,-1.8721
2000-11-24,1.4505
2000-11-27,0.5194
2000-11-28,-0.9719
2000-11-29,0.4201
2000-11-30,-2.0274
2000-12-01,0.0044
2000-12-04,0.7238
2000-12-05,3.8756
2000-12-06,-1.8385
2000-12-07,-0.6019
2000-12-08,1.9439
2000-12-11,0.7361
2000-12-12,-0.67
2000-12-13,-0.8326
2000-12-14,-1.418
2000-12-15,-2.1626
2000-12-18,0.7909
2000-12-19,-1.3119
2000-12-20,-3.1454
2000-12-21,0.7855
2000-12-22,2.4244
2000-12-26,0.6918
2000-12-27,1.0283
2000-12-28,0.3828
2000-12-29,-1.0608
2001-01-02,-2.8191
2001-01-03,4.9944
2001-01-04,-1.0699
2001-01-05,-2.6382
2001-01-08,-0.2059
2001-01-09,0.367
2001-01-10,0.9442
2001-01-11,1.0173
2001-01-12,-0.6378
2001-01-16,0.5997
2001-01-17,0.198
2001-01-18,1.3772
2001-01-19,-0.4171
2001-01-22,0.0125
2001-01-23,1.2889
2001-01-24,0.2723
2001-01-25,-0.5121
2001-01-26,-0.2027
2001-01-29,0.6665
2001-01-30,0.6871
2001-01-31,-0.5756
2001-02-01,0.5325
2001-02-02,-1.7612
2001-02-05,0.3448
2001-02-06,-0.1652
2001-02-07,-0.8546
2001-02-08,-0.6373
2001-02-09,-1.3473
2001-02-12,1.1689
2001-02-13,-0.879
2001-02-14,-0.2322
2001-02-15,0.7985
2001-02-16,-1.9042
2001-02-20,-1.7494
2001-02-21,-1.8644
2001-02-22,-0.2088
2001-02-23,-0.5689
2001-02-26,1.7358
2001-02-27,-0.7791
2001-02-28,-1.4441
2001-03-01,0.0908
2001-03-02,-0.5812
2001-03-05,0.5727
2001-03-06,0.985
2001-03-07,0.6325
2001-03-08,0.2131
2001-03-09,-2.4893
2001-03-12,-4.3308
2001-03-13,1.4702
2001-03-14,-2.5966
2001-03-15,0.5748
2001-03-16,-1.9748
2001-03-19,1.7503
2001-03-20,-2.42
2001-03-21,-1.8041
2001-03-22,-0.418
2001-03-23,1.9792
2001-03-26,1.1165
2001-03-27,2.5457
2001-03-28,-2.4548
2001-03-29,-0.4748
2001-03-30,1.0667
2001-04-02,-1.2577
2001-04-03,-3.4506
2001-04-04,-0.3013
2001-04-05,4.3568
2001-04-06,-2.0091
2001-04-09,0.801
2001-04-10,2.6959
2001-04-11,-0.2242
2001-04-12,1.4995
2001-04-16,-0.3341
2001-04-17,1.017
2001-04-18,3.8784
2001-04-19,1.2437
2001-04-20,-0.8645
2001-04-23,-1.5082
2001-04-24,-1.2265
2001-04-25,1.5836
2001-04-26,0.4591
2001-04-27,1.4905
2001-04-30,-0.2973
2001-05-01,1.3483
2001-05-02,0.0676
2001-05-03,-1.4977
2001-05-04,1.4339
2001-05-07,-0.2549
2001-05-08,-0.1929
2001-05-09,-0.4589
2001-05-10,-0.0389
2001-05-11,-0.768
2001-05-14,0.2508
2001-05-15,0.0317
2001-05-16,2.8355
2001-05-17,0.2626
2001-05-18,0.2595
2001-05-21,1.6054
2001-05-22,-0.2727
2001-05-23,-1.5626
2001-05-24,0.3095
2001-05-25,-1.1916
2001-05-29,-0.7895
2001-05-30,-1.5756
2001-05-31,0.6102
2001-06-01,0.3762
2001-06-04,0.5008
2001-06-05,1.2891
2001-06-06,-1.0647
2001-06-07,0.5358
2001-06-08,-0.9497
2001-06-11,-0.8454
2001-06-12,0.1067
2001-06-13,-1.1444
2001-06-14,-1.7599
2001-06-15,-0.4613
2001-06-18,-0.4979
2001-06-19,0.3339
2001-06-20,0.8614
2001-06-21,1.1269
2001-06-22,-0.9544
2001-06-25,-0.5603
2001-06-26,-0.1604
2001-06-27,-0.4772
2001-06-28,1.2394
2001-06-29,-0.1584
2001-07-02,0.9978
2001-07-03,-0.1935
2001-07-05,-1.2421
2001-07-06,-2.3597
2001-07-09,0.6779
2001-07-10,-1.4497
2001-07-11,-0.1232
2001-07-12,2.3593
2001-07-13,0.6142
2001-07-16,-1.0982
2001-07-17,0.9873
2001-07-18,-0.5638
2001-07-19,0.5956
2001-07-20,-0.3528
2001-07-23,-1.6466
2001-07-24,-1.6369
2001-07-25,1.5983
2001-07-26,1.0352
2001-07-27,0.2306
2001-07-30,-0.1175
2001-07-31,0.5474
2001-08-01,0.3784
2001-08-02,0.3868
2001-08-03,-0.5339
2001-08-06,-1.1518
2001-08-07,0.3169
2001-08-08,-1.7423
2001-08-09,-0.0179
2001-08-10,0.5593
2001-08-13,0.0855
2001-08-14,-0.3921
2001-08-15,-0.7433
2001-08-16,0.2997
2001-08-17,-1.6755
2001-08-20,0.8031
2001-08-21,-1.2172
2001-08-22,0.6864
2001-08-23,-0.2856
2001-08-24,1.9561
2001-08-27,-0.4921
2001-08-28,-1.5103
2001-08-29,-1.1242
2001-08-30,-1.7096
2001-08-31,0.3938
2001-09-04,-0.0658
2001-09-05,-0.1152
2001-09-06,-2.2482
2001-09-07,-1.8726
2001-09-10,0.6137
2001-09-17,-4.9286
2001-09-18,-0.5873
2001-09-19,-1.6172
2001-09-20,-3.1121
2001-09-21,-1.9096
2001-09-24,3.8918
2001-09-25,0.8724
2001-09-26,-0.5232
2001-09-27,1.1424
2001-09-28,2.1857
2001-10-01,-0.2361
2001-10-02,1.2244
2001-10-03,1.9866
2001-10-04,-0.2532
2001-10-05,0.1576
2001-10-08,NaN
2001-10-09,-0.5416
2001-10-10,2.2878
2001-10-11,1.5146
2001-10-12,-0.5328
2001-10-15,-0.1591
2001-10-16,0.6875
2001-10-17,-1.8693
2001-10-18,-0.7933
2001-10-19,0.4497
2001-10-22,1.5235
2001-10-23,-0.4758
2001-10-24,0.0328
2001-10-25,1.3662
2001-10-26,0.405
2001-10-29,-2.3875
2001-10-30,-1.7222
2001-10-31,-0.0065
2001-11-01,2.2892
2001-11-02,0.2805
2001-11-05,1.4331
2001-11-06,1.4475
2001-11-07,-0.2784
2001-11-08,0.2405
2001-11-09,0.1532
2001-11-12,NaN
2001-11-13,1.8513
2001-11-14,0.181
2001-11-15,0.085
2001-11-16,-0.3196
2001-11-19,1.0846
2001-11-20,-0.7351
2001-11-21,-0.4981
2001-11-23,1.1653
2001-11-26,0.6101
2001-11-27,-0.6895
2001-11-28,-1.8303
2001-11-29,1.0301
2001-11-30,-0.0706
2001-12-03,-0.843
2001-12-04,1.3139
2001-12-05,2.227
2001-12-06,-0.2825
2001-12-07,-0.7578
2001-12-10,-1.5915
2001-12-11,-0.2826
2001-12-12,0.0227
2001-12-13,-1.5604
2001-12-14,0.3267
2001-12-17,0.9987
2001-12-18,0.7499
2001-12-19,0.5763
2001-12-20,-0.8423
2001-12-21,0.4304
2001-12-24,-0.0257
2001-12-26,0.4076
2001-12-27,0.6704
2001-12-28,0.3315
2001-12-31,-1.1193
2002-01-02,0.5692
2002-01-03,0.9133
2002-01-04,0.6166
2002-01-07,-0.6545
2002-01-08,-0.3634
2002-01-09,-0.4845
2002-01-10,0.1175
2002-01-11,-0.9511
2002-01-14,-0.6319
2002-01-15,0.679
2002-01-16,-1.6289
2002-01-17,0.9986
2002-01-18,-0.9966
2002-01-22,-0.7381
2002-01-23,0.7878
2002-01-24,0.3472
2002-01-25,0.0951
2002-01-28,-0.0242
2002-01-29,-2.866
2002-01-30,1.17
2002-01-31,1.4886
2002-02-01,-0.7127
2002-02-04,-2.4786
2002-02-05,-0.4087
2002-02-06,-0.602
2002-02-07,-0.313
2002-02-08,1.4811
2002-02-11,1.4292
2002-02-12,-0.4041
2002-02-13,0.9893
2002-02-14,-0.1863
2002-02-15,-1.1064
2002-02-19,-1.8922
2002-02-20,1.3466
2002-02-21,-1.5558
2002-02-22,0.8176
2002-02-25,1.7927
2002-02-26,-0.0094
2002-02-27,0.0411
2002-02-28,-0.2896
2002-03-01,2.2586
2002-03-04,1.9442
2002-03-05,-0.6723
2002-03-06,1.4461
2002-03-07,-0.4547
2002-03-08,0.5799
2002-03-11,0.3342
2002-03-12,-0.2344
2002-03-13,-0.9908
2002-03-14,-0.096
2002-03-15,1.1328
2002-03-18,-0.0575
2002-03-19,0.4016
2002-03-20,-1.5807
2002-03-21,0.146
2002-03-22,-0.4289
2002-03-25,-1.4702
2002-03-26,0.5799
2002-03-27,0.53
2002-03-28,0.2406
2002-04-01,-0.079
2002-04-02,-0.8579
2002-04-03,-1.0042
2002-04-04,0.0787
2002-04-05,-0.3253
2002-04-08,0.2232
2002-04-09,-0.6703
2002-04-10,1.1288
2002-04-11,-2.3736
2002-04-12,0.6586
2002-04-15,-0.7662
2002-04-16,2.3371
2002-04-17,-0.2086
2002-04-18,-0.1468
2002-04-19,0.0575
2002-04-22,-1.5458
2002-04-23,-0.6249
2002-04-24,-0.715
2002-04-25,-0.1566
2002-04-26,-1.3937
2002-04-29,-1.0148
2002-04-30,1.0717
2002-05-01,0.881
2002-05-02,-0.1797
2002-05-03,-1.031
2002-05-06,-1.9389
2002-05-07,-0.3069
2002-05-08,3.7456
2002-05-09,-1.4596
2002-05-10,-1.6842
2002-05-13,1.8501
2002-05-14,2.1095
2002-05-15,-0.5708
2002-05-16,0.6514
2002-05-17,0.7564
2002-05-20,-1.3342
2002-05-21,-1.1038
2002-05-22,0.5638
2002-05-23,1.0136
2002-05-24,-1.2134
2002-05-28,-0.8602
2002-05-29,-0.646
2002-05-30,-0.2858
2002-05-31,0.2282
2002-06-03,-2.4844
2002-06-04,-0.0039
2002-06-05,0.8802
2002-06-06,-1.9811
2002-06-07,-0.1622
2002-06-10,0.3076
2002-06-11,-1.6677
2002-06-12,0.6523
2002-06-13,-1.0535
2002-06-14,-0.2315
2002-06-17,2.8644
2002-06-18,0.0889
2002-06-19,-1.6583
2002-06-20,-1.3479
2002-06-21,-1.709
2002-06-24,0.3572
2002-06-25,-1.6749
2002-06-26,-0.272
2002-06-27,1.7529
2002-06-28,-0.0874
2002-07-01,-2.1435
2002-07-02,-2.1272
2002-07-03,0.6176
2002-07-05,3.6683
2002-07-08,-1.2231
2002-07-09,-2.4766
2002-07-10,-3.4009
2002-07-11,0.7449
2002-07-12,-0.6495
2002-07-15,-0.3802
2002-07-16,-1.8556
2002-07-17,0.5614
2002-07-18,-2.7066
2002-07-19,-3.8399
2002-07-22,-3.2957
2002-07-23,-2.7064
2002-07-24,5.7281
2002-07-25,-0.5678
2002-07-26,1.6837
2002-07-29,5.4031
2002-07-30,0.4202
2002-07-31,0.9745
2002-08-01,-2.962
2002-08-02,-2.3127
2002-08-05,-3.4341
2002-08-06,2.9873
2002-08-07,1.9967
2002-08-08,3.2678
2002-08-09,0.3468
2002-08-12,-0.5373
2002-08-13,-2.172
2002-08-14,4.0002
2002-08-15,1.1515
2002-08-16,-0.1635
2002-08-19,2.3566
2002-08-20,-1.4002
2002-08-21,1.2682
2002-08-22,1.4006
2002-08-23,-2.2731
2002-08-26,0.749
2002-08-27,-1.3897
2002-08-28,-1.8177
2002-08-29,-0.0122
2002-08-30,-0.1931
2002-09-03,-4.1581
2002-09-04,1.7472
2002-09-05,-1.5994
2002-09-06,1.6755
2002-09-09,1.0067
2002-09-10,0.7286
2002-09-11,-0.0189
2002-09-12,-2.483
2002-09-13,0.3224
2002-09-16,0.1403
2002-09-17,-1.9775
2002-09-18,-0.4694
2002-09-19,-3.011
2002-09-20,0.2409
2002-09-23,-1.3873
2002-09-24,-1.7329
2002-09-25,2.4818
2002-09-26,1.8165
2002-09-27,-3.2304
2002-09-30,-1.4655
2002-10-01,3.998
2002-10-02,-2.3631
2002-10-03,-1.0865
2002-10-04,-2.2475
2002-10-07,-1.9156
2002-10-08,1.6854
2002-10-09,-2.733
2002-10-10,3.4923
2002-10-11,3.9015
2002-10-14,NaN
2002-10-15,4.729
2002-10-16,-2.4158
2002-10-17,2.2256
2002-10-18,0.5857
2002-10-21,1.7287
2002-10-22,-1.0672
2002-10-23,0.6672
2002-10-24,-1.5266
2002-10-25,1.7122
2002-10-28,-0.8309
2002-10-29,-0.9117
2002-10-30,0.9662
2002-10-31,-0.5597
2002-11-01,1.7121
2002-11-04,0.8163
2002-11-05,0.7711
2002-11-06,0.911
2002-11-07,-2.2886
2002-11-08,-0.8796
2002-11-11,NaN
2002-11-12,0.7682
2002-11-13,-0.0509
2002-11-14,2.46
2002-11-15,0.6115
2002-11-18,-1.0442
2002-11-19,-0.4054
2002-11-20,1.9381
2002-11-21,2.1418
2002-11-22,-0.3471
2002-11-25,0.2459
2002-11-26,-2.1001
2002-11-27,2.7952
2002-11-29,-0.276
2002-12-02,-0.1935
2002-12-03,-1.4779
2002-12-04,-0.3476
2002-12-05,-1.2054
2002-12-06,0.6232
2002-12-09,-2.221
2002-12-10,1.3924
2002-12-11,0.0531
2002-12-12,-0.3768
2002-12-13,-1.3454
2002-12-16,2.3486
2002-12-17,-0.8173
2002-12-18,-1.3178
2002-12-19,-0.7743
2002-12-20,1.2984
2002-12-23,0.1776
2002-12-24,-0.5504
2002-12-26,-0.3181
2002-12-27,-1.606
2002-12-30,0.4525
2002-12-31,0.0456
2003-01-02,3.3167
2003-01-03,-0.0517
2003-01-06,2.2441
2003-01-07,-0.6577
2003-01-08,-1.4118
2003-01-09,1.9353
2003-01-10,-0.0033
2003-01-13,-0.1445
2003-01-14,0.5797
2003-01-15,-1.4459
2003-01-16,-0.3975
2003-01-17,-1.4049
2003-01-21,-1.5735
2003-01-22,-1.0464
2003-01-23,1.0192
2003-01-24,-2.9265
2003-01-27,-1.6192
2003-01-28,1.3018
2003-01-29,0.6747
2003-01-30,-2.2882
2003-01-31,1.3098
2003-02-03,0.5367
2003-02-04,-1.4119
2003-02-05,-0.5467
2003-02-06,-0.6481
2003-02-07,-1.0126
2003-02-10,0.7537
2003-02-11,-0.8131
2003-02-12,-1.2719
2003-02-13,-0.1632
2003-02-14,2.1402
2003-02-18,1.9467
2003-02-19,-0.7128
2003-02-20,-0.9534
2003-02-21,1.3192
2003-02-24,-1.8414
2003-02-25,0.7162
2003-02-26,-1.3175
2003-02-27,1.1724
2003-02-28,0.4589
2003-03-03,-0.757
2003-03-04,-1.5389
2003-03-05,0.953
2003-03-06,-0.9371
2003-03-07,0.8229
2003-03-10,-2.5859
2003-03-11,-0.8389
2003-03-12,0.4291
2003-03-13,3.4426
2003-03-14,0.1616
2003-03-17,3.5395
2003-03-18,0.4211
2003-03-19,0.8705
2003-03-20,0.1856
2003-03-21,2.2944
2003-03-24,-3.5263
2003-03-25,1.2129
2003-03-26,-0.5508
2003-03-27,-0.1675
2003-03-28,-0.5811
2003-03-31,-1.7773
2003-04-01,1.2113
2003-04-02,2.6085
2003-04-03,-0.5082
2003-04-04,0.2708
2003-04-07,0.1197
2003-04-08,-0.1895
2003-04-09,-1.4035
2003-04-10,0.6424
2003-04-11,-0.3795
2003-04-14,1.9465
2003-04-15,0.6271
2003-04-16,-1.2268
2003-04-17,1.5503
2003-04-21,-0.1789
2003-04-22,2.1672
2003-04-23,0.8362
2003-04-24,-0.829
2003-04-25,-1.3878
2003-04-28,1.7804
2003-04-29,0.3248
2003-04-30,-0.1033
2003-05-01,-0.0706
2003-05-02,1.5008
2003-05-05,-0.3826
2003-05-06,0.8431
2003-05-07,-0.5135
2003-05-08,-1.0088
2003-05-09,1.4248
2003-05-12,1.2505
2003-05-13,-0.3003
2003-05-14,-0.3234
2003-05-15,0.7839
2003-05-16,-0.2532
2003-05-19,-2.4947
2003-05-20,-0.1158
2003-05-21,0.3983
2003-05-22,0.9121
2003-05-23,0.1419
2003-05-27,1.9537
2003-05-28,0.1798
2003-05-29,-0.3786
2003-05-30,1.4659
2003-06-02,0.3508
2003-06-03,0.4686
2003-06-04,1.5081
2003-06-05,0.3926
2003-06-06,-0.2432
2003-06-09,-1.2005
2003-06-10,0.9103
2003-06-11,1.2809
2003-06-12,0.1008
2003-06-13,-0.9938
2003-06-16,2.2361
2003-06-17,0.0886
2003-06-18,-0.1576
2003-06-19,-1.5259
2003-06-20,0.0973
2003-06-23,-1.4134
2003-06-24,0.1821
2003-06-25,-0.8292
2003-06-26,1.0741
2003-06-27,-0.9762
2003-06-30,-0.1787
2003-07-01,0.8
2003-07-02,1.1612
2003-07-03,-0.8124
2003-07-07,1.8967
2003-07-08,0.338
2003-07-09,-0.5611
2003-07-10,-1.3504
2003-07-11,0.9524
2003-07-14,0.5706
2003-07-15,-0.3452
2003-07-16,-0.6352
2003-07-17,-1.2458
2003-07-18,1.1781
2003-07-21,-1.4643
2003-07-22,0.9486
2003-07-23,0.0481
2003-07-24,-0.7116
2003-07-25,1.7375
2003-07-28,-0.2189
2003-07-29,-0.7292
2003-07-30,-0.1836
2003-07-31,0.283
2003-08-01,-1.0285
2003-08-04,0.2698
2003-08-05,-1.769
2003-08-06,0.1652
2003-08-07,0.7254
2003-08-08,0.3536
2003-08-11,0.3043
2003-08-12,0.9927
2003-08-13,-0.6408
2003-08-14,0.6559
2003-08-15,0.0136
2003-08-18,0.9129
2003-08-19,0.2585
2003-08-20,-0.2071
2003-08-21,0.2943
2003-08-22,-1.0203
2003-08-25,0.0627
2003-08-26,0.3012
2003-08-27,0.0033
2003-08-28,0.6043
2003-08-29,0.5129
2003-09-02,1.3842
2003-09-03,0.4161
2003-09-04,0.163
2003-09-05,-0.6427
2003-09-08,1.0009
2003-09-09,-0.8236
2003-09-10,-1.1999
2003-09-11,0.5414
2003-09-12,0.2148
2003-09-15,-0.3776
2003-09-16,1.4273
2003-09-17,-0.328
2003-09-18,1.3239
2003-09-19,-0.3181
2003-09-22,-1.3034
2003-09-23,0.6046
2003-09-24,-1.9122
2003-09-25,-0.6079
2003-09-26,-0.6425
2003-09-29,0.9734
2003-09-30,-1.0567
2003-10-01,2.2314
2003-10-02,0.1958
2003-10-03,0.9394
2003-10-06,0.4344
2003-10-07,0.4712
2003-10-08,-0.5288
2003-10-09,0.4764
2003-10-10,-0.067
2003-10-13,NaN
2003-10-14,0.3926
2003-10-15,-0.2617
2003-10-16,0.3137
2003-10-17,-1.0263
2003-10-20,0.5131
2003-10-21,0.1267
2003-10-22,-1.5007
2003-10-23,0.3283
2003-10-24,-0.4727
2003-10-27,0.2131
2003-10-28,1.5161
2003-10-29,0.1235
2003-10-30,-0.1142
2003-10-31,0.3575
2003-11-03,0.7883
2003-11-04,-0.5474
2003-11-05,-0.1393
2003-11-06,0.5906
2003-11-07,-0.4601
2003-11-10,-0.5818
2003-11-11,NaN
2003-11-12,1.1402
2003-11-13,-0.0139
2003-11-14,-0.7641
2003-11-17,-0.6424
2003-11-18,-0.911
2003-11-19,0.799
2003-11-20,-0.8458
2003-11-21,0.1551
2003-11-24,1.6201
2003-11-25,0.1695
2003-11-26,0.4301
2003-11-28,-0.0262
2003-12-01,1.1239
2003-12-02,-0.3296
2003-12-03,-0.1798
2003-12-04,0.4661
2003-12-05,-0.7709
2003-12-08,0.7323
2003-12-09,-0.8554
2003-12-10,-0.1091
2003-12-11,1.1458
2003-12-12,0.271
2003-12-15,-0.5704
2003-12-16,0.6614
2003-12-17,0.1231
2003-12-18,1.1774
2003-12-19,-0.0501
2003-12-22,0.3907
2003-12-23,0.2794
2003-12-24,-0.1831
2003-12-26,0.1667
2003-12-29,1.2376
2003-12-30,0.0119
2003-12-31,0.2029
2004-01-02,-0.3119
2004-01-05,1.237
2004-01-06,0.1267
2004-01-07,0.2342
2004-01-08,0.4939
2004-01-09,-0.8911
2004-01-12,0.4762
2004-01-13,-0.5356
2004-01-14,0.8271
2004-01-15,0.1329
2004-01-16,0.6848
2004-01-20,-0.0954
2004-01-21,0.7747
2004-01-22,-0.3231
2004-01-23,-0.2114
2004-01-26,1.2082
2004-01-27,-0.9822
2004-01-28,-1.3635
2004-01-29,0.4963
2004-01-30,-0.2653
2004-02-02,0.3625
2004-02-03,0.0653
2004-02-04,-0.8397
2004-02-05,0.1812
2004-02-06,1.253
2004-02-09,-0.2607
2004-02-10,0.5001
2004-02-11,1.0642
2004-02-12,-0.4905
2004-02-13,-0.5493
2004-02-17,0.9731
2004-02-18,-0.4494
2004-02-19,-0.4158
2004-02-20,-0.2597
2004-02-23,-0.2753
2004-02-24,-0.1692
2004-02-25,0.3995
2004-02-26,0.1058
2004-02-27,0.0
2004-03-01,0.9607
2004-03-02,-0.5969
2004-03-03,0.1653
2004-03-04,0.331
2004-03-05,0.1697
2004-03-08,-0.8377
2004-03-09,-0.5797
2004-03-10,-1.4659
2004-03-11,-1.525
2004-03-12,1.2433
2004-03-15,-1.4376
2004-03-16,0.5596
2004-03-17,1.1724
2004-03-18,-0.1298
2004-03-19,-1.1199
2004-03-22,-1.2984
2004-03-23,-0.135
2004-03-24,-0.2421
2004-03-25,1.6339
2004-03-26,-0.1045
2004-03-29,1.2978
2004-03-30,0.401
2004-03-31,-0.0727
2004-04-01,0.5267
2004-04-02,0.8489
2004-04-05,0.7646
2004-04-06,-0.212
2004-04-07,-0.6671
2004-04-08,-0.1086
2004-04-12,0.5135
2004-04-13,-1.3788
2004-04-14,-0.1151
2004-04-15,0.0568
2004-04-16,0.5086
2004-04-19,0.104
2004-04-20,-1.5584
2004-04-21,0.5285
2004-04-22,1.4065
2004-04-23,0.0561
2004-04-26,-0.4472
2004-04-27,0.2245
2004-04-28,-1.3821
2004-04-29,-0.7617
2004-04-30,-0.5943
2004-05-03,0.9175
2004-05-04,0.1816
2004-05-05,0.1742
2004-05-06,-0.675
2004-05-07,-1.3755
2004-05-10,-1.0569
2004-05-11,0.7634
2004-05-12,0.1642
2004-05-13,-0.0793
2004-05-14,-0.0702
2004-05-17,-1.0616
2004-05-18,0.6788
2004-05-19,-0.2603
2004-05-20,0.044
2004-05-21,0.3984
2004-05-24,0.1662
2004-05-25,1.6074
2004-05-26,0.1669
2004-05-27,0.5657
2004-05-28,-0.0565
2004-06-01,0.0432
2004-06-02,0.3348
2004-06-03,-0.7454
2004-06-04,0.5215
2004-06-07,1.593
2004-06-08,0.1509
2004-06-09,-0.9534
2004-06-10,0.4508
2004-06-14,-0.9876
2004-06-15,0.5935
2004-06-16,0.1334
2004-06-17,-0.1367
2004-06-18,0.2589
2004-06-21,-0.4195
2004-06-22,0.36
2004-06-23,0.8471
2004-06-24,-0.3016
2004-06-25,-0.5489
2004-06-28,-0.099
2004-06-29,0.2477
2004-06-30,0.4047
2004-07-01,-1.0464
2004-07-02,-0.3189
2004-07-06,-0.8185
2004-07-07,0.1864
2004-07-08,-0.8279
2004-07-09,0.3301
2004-07-12,0.1347
2004-07-13,0.0672
2004-07-14,-0.3328
2004-07-15,-0.4337
2004-07-16,-0.4826
2004-07-19,-0.0482
2004-07-20,0.7021
2004-07-21,-1.3377
2004-07-22,0.2669
2004-07-23,-0.9738
2004-07-26,-0.2001
2004-07-27,0.9885
2004-07-28,0.0499
2004-07-29,0.4534
2004-07-30,0.1133
2004-08-02,0.4406
2004-08-03,-0.6303
2004-08-04,-0.1005
2004-08-05,-1.6361
2004-08-06,-1.552
2004-08-09,0.1133
2004-08-10,1.2932
2004-08-11,-0.3051
2004-08-12,-1.1714
2004-08-13,0.1437
2004-08-16,1.3614
2004-08-17,0.2155
2004-08-18,1.2403
2004-08-19,-0.3638
2004-08-20,0.6484
2004-08-23,-0.2473
2004-08-24,0.0423
2004-08-25,0.7958
2004-08-26,0.0075
2004-08-27,0.2383
2004-08-30,-0.7826
2004-08-31,0.4587
2004-09-01,0.1469
2004-09-02,1.1169
2004-09-03,-0.423
2004-09-07,0.6842
2004-09-08,-0.4531
2004-09-09,0.1845
2004-09-10,0.4908
2004-09-13,0.1645
2004-09-14,0.2184
2004-09-15,-0.71
2004-09-16,0.2748
2004-09-17,0.4448
2004-09-20,-0.5674
2004-09-21,0.628
2004-09-22,-1.3985
2004-09-23,-0.4717
2004-09-24,0.1532
2004-09-27,-0.5984
2004-09-28,0.5879
2004-09-29,0.4223
2004-09-30,-0.0244
2004-10-01,1.5134
2004-10-04,0.3196
2004-10-05,-0.0655
2004-10-06,0.6626
2004-10-07,-1.0029
2004-10-08,-0.7573
2004-10-11,NaN
2004-10-12,-0.2315
2004-10-13,-0.7348
2004-10-14,-0.935
2004-10-15,0.4402
2004-10-18,0.5202
2004-10-19,-0.9735
2004-10-20,0.034
2004-10-21,0.2514
2004-10-22,-0.9766
2004-10-25,-0.091
2004-10-26,1.4828
2004-10-27,1.2827
2004-10-28,0.1761
2004-10-29,0.2396
2004-11-01,0.022
2004-11-02,-0.001
2004-11-03,1.1127
2004-11-04,1.6102
2004-11-05,0.3818
2004-11-08,-0.1154
2004-11-09,-0.0752
2004-11-10,-0.1062
2004-11-11,NaN
2004-11-12,0.9053
2004-11-15,-0.0362
2004-11-16,-0.7137
2004-11-17,0.548
2004-11-18,0.1304
2004-11-19,-1.122
2004-11-22,0.5836
2004-11-23,-0.0314
2004-11-24,0.4036
2004-11-26,0.0693
2004-11-29,-0.3511
2004-11-30,-0.4092
2004-12-01,1.489
2004-12-02,-0.0934
2004-12-03,0.0645
2004-12-06,-0.0834
2004-12-07,-1.1135
2004-12-08,0.4815
2004-12-09,0.5375
2004-12-10,-0.1104
2004-12-13,0.8928
2004-12-14,0.386
2004-12-15,0.1884
2004-12-16,-0.2142
2004-12-17,-0.7548
2004-12-20,0.0316
2004-12-21,0.898
2004-12-22,0.3358
2004-12-23,0.0403
2004-12-27,-0.4368
2004-12-28,0.7092
2004-12-29,-0.0135
2004-12-30,0.0022
2004-12-31,-0.1404
2005-01-03,-0.8183
2005-01-04,-1.1736
2005-01-05,-0.3692
2005-01-06,0.3443
2005-01-07,-0.1495
2005-01-10,0.3358
2005-01-11,-0.6164
2005-01-12,0.3917
2005-01-13,-0.8694
2005-01-14,0.594
2005-01-18,0.9609
2005-01-19,-0.9555
2005-01-20,-0.7847
2005-01-21,-0.6479
2005-01-24,-0.3593
2005-01-25,0.3939
2005-01-26,0.4778
2005-01-27,0.0342
2005-01-28,-0.2783
2005-01-31,0.8391
2005-02-01,0.6822
2005-02-02,0.3109
2005-02-03,-0.2834
2005-02-04,1.0975
2005-02-07,-0.1158
2005-02-08,0.0414
2005-02-09,-0.8644
2005-02-10,0.4143
2005-02-11,0.6856
2005-02-14,0.0626
2005-02-15,0.3229
2005-02-16,0.0111
2005-02-17,-0.7994
2005-02-18,0.0628
2005-02-22,-1.4579
2005-02-23,0.5534
2005-02-24,0.782
2005-02-25,0.9232
2005-02-28,-0.649
2005-03-01,0.5583
2005-03-02,-0.0347
2005-03-03,0.0247
2005-03-04,0.9549
2005-03-07,0.2535
2005-03-08,-0.4874
2005-03-09,-1.026
2005-03-10,0.1781
2005-03-11,-0.7658
2005-03-14,0.5548
2005-03-15,-0.76
2005-03-16,-0.8158
2005-03-17,0.1725
2005-03-18,-0.0547
2005-03-21,-0.5012
2005-03-22,-1.0275
2005-03-23,0.0623
2005-03-24,-0.1024
2005-03-28,0.2364
2005-03-29,-0.7674
2005-03-30,1.3695
2005-03-31,-0.077
2005-04-01,-0.6573
2005-04-04,0.2652
2005-04-05,0.4404
2005-04-06,0.2193
2005-04-07,0.5895
2005-04-08,-0.8421
2005-04-11,-0.0067
2005-04-12,0.547
2005-04-13,-1.1837
2005-04-14,-1.0078
2005-04-15,-1.6797
2005-04-18,0.2861
2005-04-19,0.5854
2005-04-20,-1.3333
2005-04-21,1.9658
2005-04-22,-0.683
2005-04-25,0.8582
2005-04-26,-0.8917
2005-04-27,0.3871
2005-04-28,-1.1459
2005-04-29,1.1843
2005-05-02,0.451
2005-05-03,-0.0931
2005-05-04,1.2392
2005-05-05,-0.2645
2005-05-06,-0.117
2005-05-09,0.6315
2005-05-10,-1.0785
2005-05-11,0.4115
2005-05-12,-1.0112
2005-05-13,-0.4657
2005-05-16,1.0007
2005-05-17,0.6879
2005-05-18,0.9941
2005-05-19,0.4578
2005-05-20,-0.159
2005-05-23,0.377
2005-05-24,0.0096
2005-05-25,-0.3481
2005-05-26,0.6315
2005-05-27,0.0888
2005-05-31,-0.6155
2005-06-01,0.8916
2005-06-02,0.1641
2005-06-03,-0.6949
2005-06-06,0.1163
2005-06-07,-0.0291
2005-06-08,-0.2246
2005-06-09,0.5158
2005-06-10,-0.243
2005-06-13,0.2179
2005-06-14,0.2491
2005-06-15,0.2136
2005-06-16,0.3549
2005-06-17,0.4873
2005-06-20,-0.0789
2005-06-21,-0.213
2005-06-22,0.014
2005-06-23,-1.0917
2005-06-24,-0.7713
2005-06-27,-0.0825
2005-06-28,0.9052
2005-06-29,-0.1517
2005-06-30,-0.7186
2005-07-01,0.2524
2005-07-05,0.8745
2005-07-06,-0.8427
2005-07-07,0.2366
2005-07-08,1.1593
2005-07-11,0.6168
2005-07-12,0.2184
2005-07-13,0.0796
2005-07-14,0.2536
2005-07-15,0.1069
2005-07-18,-0.562
2005-07-19,0.6641
2005-07-20,0.4669
2005-07-21,-0.6697
2005-07-22,0.5319
2005-07-25,-0.3863
2005-07-26,0.1639
2005-07-27,0.448
2005-07-28,0.551
2005-07-29,-0.7764
2005-08-01,0.0853
2005-08-02,0.7004
2005-08-03,0.0645
2005-08-04,-0.7468
2005-08-05,-0.7734
2005-08-08,-0.2779
2005-08-09,0.6649
2005-08-10,-0.1923
2005-08-11,0.6966
2005-08-12,-0.609
2005-08-15,0.2732
2005-08-16,-1.1872
2005-08-17,0.0642
2005-08-18,-0.1095
2005-08-19,0.047
2005-08-22,0.156
2005-08-23,-0.3485
2005-08-24,-0.6667
2005-08-25,0.2202
2005-08-26,-0.6093
2005-08-29,0.5861
2005-08-30,-0.3289
2005-08-31,0.9768
2005-09-01,0.0938
2005-09-02,-0.3017
2005-09-06,1.2523
2005-09-07,0.2313
2005-09-08,-0.3888
2005-09-09,0.787
2005-09-12,-0.0837
2005-09-13,-0.764
2005-09-14,-0.3375
2005-09-15,0.037
2005-09-16,0.8196
2005-09-19,-0.5664
2005-09-20,-0.7962
2005-09-21,-0.9214
2005-09-22,0.3558
2005-09-23,0.0457
2005-09-26,0.0183
2005-09-27,-0.0071
2005-09-28,0.0917
2005-09-29,0.877
2005-09-30,0.0824
2005-10-03,-0.1816
2005-10-04,-1.0069
2005-10-05,-1.4985
2005-10-06,-0.4194
2005-10-07,0.3602
2005-10-10,NaN
2005-10-11,-0.2174
2005-10-12,-0.6169
2005-10-13,-0.0815
2005-10-14,0.8165
2005-10-17,0.2869
2005-10-18,-1.0155
2005-10-19,1.4851
2005-10-20,-1.5125
2005-10-21,0.1415
2005-10-24,1.667
2005-10-25,-0.2475
2005-10-26,-0.4419
2005-10-27,-1.0581
2005-10-28,1.6442
2005-10-31,0.7068
2005-11-01,-0.3629
2005-11-02,0.987
2005-11-03,0.4157
2005-11-04,0.0056
2005-11-07,0.208
2005-11-08,-0.3559
2005-11-09,0.1582
2005-11-10,0.8338
2005-11-11,NaN
2005-11-14,-0.0887
2005-11-15,-0.3959
2005-11-16,0.1681
2005-11-17,0.9304
2005-11-18,0.4292
2005-11-21,0.5162
2005-11-22,0.4977
2005-11-23,0.3365
2005-11-25,0.1978
2005-11-28,-0.8616
2005-11-29,-0.0093
2005-11-30,-0.647
2005-12-01,1.2049
2005-12-02,0.0215
2005-12-05,-0.2474
2005-12-06,0.1165
2005-12-07,-0.5119
2005-12-08,-0.1324
2005-12-09,0.2703
2005-12-12,0.0735
2005-12-13,0.5447
2005-12-14,0.4083
2005-12-15,-0.1521
2005-12-16,-0.2955
2005-12-19,-0.5948
2005-12-20,-0.0346
2005-12-21,0.2408
2005-12-22,0.4112
2005-12-23,0.0317
2005-12-27,-0.9662
2005-12-28,0.1189
2005-12-29,-0.309
2005-12-30,-0.4998
2006-01-03,1.6317
2006-01-04,0.3559
2006-01-05,-0.0099
2006-01-06,0.9284
2006-01-09,0.3541
2006-01-10,-0.0474
2006-01-11,0.3364
2006-01-12,-0.6392
2006-01-13,0.1087
2006-01-17,-0.3754
2006-01-18,-0.4016
2006-01-19,0.5445
2006-01-20,-1.8445
2006-01-23,0.1727
2006-01-24,0.2285
2006-01-25,-0.1841
2006-01-26,0.7114
2006-01-27,0.7643
2006-01-30,0.1023
2006-01-31,-0.4098
2006-02-01,0.1737
2006-02-02,-0.9183
2006-02-03,-0.5481
2006-02-06,0.0661
2006-02-07,-0.8217
2006-02-08,0.854
2006-02-09,-0.1601
2006-02-10,0.2417
2006-02-13,-0.3384
2006-02-14,0.9908
2006-02-15,0.338
2006-02-16,0.7204
2006-02-17,-0.1783
2006-02-21,-0.3395
2006-02-22,0.7389
2006-02-23,-0.39
2006-02-24,0.1148
2006-02-27,0.3511
2006-02-28,-1.0527
2006-03-01,0.8136
2006-03-02,-0.1752
2006-03-03,-0.1607
2006-03-06,-0.7094
2006-03-07,-0.1987
2006-03-08,0.1905
2006-03-09,-0.5006
2006-03-10,0.7098
2006-03-13,0.1989
2006-03-14,1.0271
2006-03-15,0.4144
2006-03-16,0.1647
2006-03-17,0.1345
2006-03-20,-0.1787
2006-03-21,-0.6143
2006-03-22,0.5893
2006-03-23,-0.2709
2006-03-24,0.0857
2006-03-27,-0.1154
2006-03-28,-0.6565
2006-03-29,0.7344
2006-03-30,-0.2152
2006-03-31,-0.4264
2006-04-03,0.2143
2006-04-04,0.6129
2006-04-05,0.4184
2006-04-06,-0.2049
2006-04-07,-1.0471
2006-04-10,0.0737
2006-04-11,-0.7879
2006-04-12,0.1077
2006-04-13,0.0648
2006-04-17,-0.3069
2006-04-18,1.6949
2006-04-19,0.1898
2006-04-20,0.1039
2006-04-21,-0.0267
2006-04-24,-0.2547
2006-04-25,-0.5
2006-04-26,0.2689
2006-04-27,0.3171
2006-04-28,0.055
2006-05-01,-0.4267
2006-05-02,0.6014
2006-05-03,-0.4007
2006-05-04,0.3026
2006-05-05,1.0164
2006-05-08,-0.0962
2006-05-09,0.0229
2006-05-10,-0.1861
2006-05-11,-1.2929
2006-05-12,-1.1373
2006-05-15,0.2392
2006-05-16,-0.2001
2006-05-17,-1.6973
2006-05-18,-0.6831
2006-05-19,0.4006
2006-05-22,-0.4046
2006-05-23,-0.4482
2006-05-24,0.1452
2006-05-25,1.1239
2006-05-26,0.5587
2006-05-30,-1.5981
2006-05-31,0.7979
2006-06-01,1.2167
2006-06-02,0.1821
2006-06-05,-1.7932
2006-06-06,-0.1271
2006-06-07,-0.6225
2006-06-08,0.1285
2006-06-09,-0.4608
2006-06-12,-1.2001
2006-06-13,-1.1245
2006-06-14,0.5056
2006-06-15,2.1103
2006-06-16,-0.3811
2006-06-19,-0.9251
2006-06-20,-0.0142
2006-06-21,0.9607
2006-06-22,-0.5405
2006-06-23,-0.1018
2006-06-26,0.4732
2006-06-27,-0.9221
2006-06-28,0.5351
2006-06-29,2.1429
2006-06-30,-0.2234
2006-07-03,0.7726
2006-07-05,-0.7385
2006-07-06,0.2358
2006-07-07,-0.6887
2006-07-10,0.1332
2006-07-11,0.3879
2006-07-12,-1.1007
2006-07-13,-1.3104
2006-07-14,-0.5032
2006-07-17,-0.1522
2006-07-18,0.178
2006-07-19,1.8416
2006-07-20,-0.8616
2006-07-21,-0.7216
2006-07-24,1.6486
2006-07-25,0.6181
2006-07-26,-0.0517
2006-07-27,-0.4239
2006-07-28,1.2014
2006-07-31,-0.1617
2006-08-01,-0.4636
2006-08-02,0.4968
2006-08-03,0.21
2006-08-04,-0.0849
2006-08-07,-0.2946
2006-08-08,-0.3502
2006-08-09,-0.4487
2006-08-10,0.4491
2006-08-11,-0.4125
2006-08-14,0.1021
2006-08-15,1.3558
2006-08-16,0.7524
2006-08-17,0.1444
2006-08-18,0.3576
2006-08-21,-0.381
2006-08-22,0.0863
2006-08-23,-0.4627
2006-08-24,0.2236
2006-08-25,-0.0888
2006-08-28,0.5027
2006-08-29,0.1782
2006-08-30,0.0698
2006-08-31,-0.1325
2006-09-01,0.5378
2006-09-05,0.1572
2006-09-06,-1.0027
2006-09-07,-0.4934
2006-09-08,0.3653
2006-09-11,0.0343
2006-09-12,1.0224
2006-09-13,0.3728
2006-09-14,-0.1493
2006-09-15,0.2433
2006-09-18,0.1017
2006-09-19,-0.2814
2006-09-20,0.5588
2006-09-21,-0.5529
2006-09-22,-0.26
2006-09-25,0.8682
2006-09-26,0.7391
2006-09-27,0.0047
2006-09-28,0.1581
2006-09-29,-0.2396
2006-10-02,-0.3524
2006-10-03,0.1962
2006-10-04,1.1926
2006-10-05,0.2102
2006-10-06,-0.2817
2006-10-09,NaN
2006-10-10,0.1907
2006-10-11,-0.2701
2006-10-12,0.9403
2006-10-13,0.191
2006-10-16,0.238
2006-10-17,-0.3798
2006-10-18,0.1144
2006-10-19,0.071
2006-10-20,0.1061
2006-10-23,0.6013
2006-10-24,0.0122
2006-10-25,0.3374
2006-10-26,0.4824
2006-10-27,-0.8591
2006-10-30,0.0289
2006-10-31,-0.0131
2006-11-01,-0.749
2006-11-02,-0.0482
2006-11-03,-0.2362
2006-11-06,1.1208
2006-11-07,0.2079
2006-11-08,0.1944
2006-11-09,-0.5472
2006-11-10,0.1726
2006-11-13,0.241
2006-11-14,0.6218
2006-11-15,0.2266
2006-11-16,0.2146
2006-11-17,0.089
2006-11-20,-0.0638
2006-11-21,0.1511
2006-11-22,0.2201
2006-11-24,-0.3793
2006-11-27,-1.3693
2006-11-28,0.3307
2006-11-29,0.9064
2006-11-30,0.0685
2006-12-01,-0.2936
2006-12-04,0.8749
2006-12-05,0.3867
2006-12-06,-0.1451
2006-12-07,-0.4106
2006-12-08,0.1677
2006-12-11,0.2135
2006-12-12,-0.1182
2006-12-13,0.1034
2006-12-14,0.8554
2006-12-15,0.0989
2006-12-18,-0.3366
2006-12-19,0.2023
2006-12-20,-0.1552
2006-12-21,-0.3809
2006-12-22,-0.5452
2006-12-26,0.4216
2006-12-27,0.688
2006-12-28,-0.1615
2006-12-29,-0.465
2007-01-03,-0.1336
2007-01-04,0.1091
2007-01-05,-0.6222
2007-01-08,0.2082
2007-01-09,-0.0655
2007-01-10,0.1802
2007-01-11,0.6201
2007-01-12,0.4714
2007-01-16,0.0679
2007-01-17,-0.1033
2007-01-18,-0.311
2007-01-19,0.2755
2007-01-22,-0.5418
2007-01-23,0.3402
2007-01-24,0.8362
2007-01-25,-1.141
2007-01-26,-0.1348
2007-01-29,-0.1237
2007-01-30,0.5632
2007-01-31,0.6453
2007-02-01,0.5214
2007-02-02,0.1554
2007-02-05,-0.1107
2007-02-06,0.0558
2007-02-07,0.1255
2007-02-08,-0.132
2007-02-09,-0.7218
2007-02-12,-0.3402
2007-02-13,0.7457
2007-02-14,0.7504
2007-02-15,0.0897
2007-02-16,-0.1013
2007-02-20,0.2703
2007-02-21,-0.1545
2007-02-22,-0.0999
2007-02-23,-0.3705
2007-02-26,-0.1395
2007-02-27,-3.4865
2007-02-28,0.5421
2007-03-01,-0.2734
2007-03-02,-1.1542
2007-03-05,-0.9547
2007-03-06,1.5354
2007-03-07,-0.2604
2007-03-08,0.6988
2007-03-09,0.0539
2007-03-12,0.2542
2007-03-13,-2.0506
2007-03-14,0.6554
2007-03-15,0.3547
2007-03-16,-0.3965
2007-03-19,1.0757
2007-03-20,0.6196
2007-03-21,1.6944
2007-03-22,-0.0486
2007-03-23,0.0956
2007-03-26,0.083
2007-03-27,-0.6322
2007-03-28,-0.8103
2007-03-29,0.3602
2007-03-30,-0.1311
2007-04-02,0.246
2007-04-03,0.9143
2007-04-04,0.0975
2007-04-05,0.2913
2007-04-09,0.0452
2007-04-10,0.248
2007-04-11,-0.671
2007-04-12,0.607
2007-04-13,0.3352
2007-04-16,1.0519
2007-04-17,0.2009
2007-04-18,0.0557
2007-04-19,-0.1338
2007-04-20,0.9125
2007-04-23,-0.244
2007-04-24,-0.0486
2007-04-25,1.0004
2007-04-26,-0.0917
2007-04-27,-0.0255
2007-04-30,-0.7965
2007-05-01,0.2518
2007-05-02,0.6339
2007-05-03,0.4192
2007-05-04,0.2017
2007-05-07,0.243
2007-05-08,-0.1299
2007-05-09,0.3091
2007-05-10,-1.4088
2007-05-11,0.9509
2007-05-14,-0.1925
2007-05-15,-0.1435
2007-05-16,0.8497
2007-05-17,-0.1049
2007-05-18,0.6479
2007-05-21,0.141
2007-05-22,-0.0776
2007-05-23,-0.1341
2007-05-24,-0.9836
2007-05-25,0.532
2007-05-29,0.1437
2007-05-30,0.7852
2007-05-31,0.0126
2007-06-01,0.3607
2007-06-04,0.1718
2007-06-05,-0.5478
2007-06-06,-0.8994
2007-06-07,-1.77
2007-06-08,1.1241
2007-06-11,0.0833
2007-06-12,-1.081
2007-06-13,1.5058
2007-06-14,0.469
2007-06-15,0.6403
2007-06-18,-0.1339
2007-06-19,0.1605
2007-06-20,-1.373
2007-06-21,0.6053
2007-06-22,-1.3024
2007-06-25,-0.3339
2007-06-26,-0.3369
2007-06-27,0.888
2007-06-28,-0.0548
2007-06-29,-0.1698
2007-07-02,1.0562
2007-07-03,0.3446
2007-07-05,0.0213
2007-07-06,0.317
2007-07-09,0.0786
2007-07-10,-1.432
2007-07-11,0.5587
2007-07-12,1.892
2007-07-13,0.2966
2007-07-16,-0.2055
2007-07-17,-0.0232
2007-07-18,-0.22
2007-07-19,0.4334
2007-07-20,-1.2356
2007-07-23,0.4733
2007-07-24,-1.9941
2007-07-25,0.453
2007-07-26,-2.3472
2007-07-27,-1.6123
2007-07-30,1.0119
2007-07-31,-1.2781
2007-08-01,0.711
2007-08-02,0.4227
2007-08-03,-2.6718
2007-08-06,2.4019
2007-08-07,0.6025
2007-08-08,1.3937
2007-08-09,-2.978
2007-08-10,0.0254
2007-08-13,-0.0624
2007-08-14,-1.8283
2007-08-15,-1.4022
2007-08-16,0.3146
2007-08-17,2.4465
2007-08-20,-0.0356
2007-08-21,0.0988
2007-08-22,1.1613
2007-08-23,-0.1178
2007-08-24,1.142
2007-08-27,-0.8629
2007-08-28,-2.3593
2007-08-29,2.1814
2007-08-30,-0.4285
2007-08-31,1.1108
2007-09-04,1.0347
2007-09-05,-1.162
2007-09-06,0.4135
2007-09-07,-1.7019
2007-09-10,-0.138
2007-09-11,1.3521
2007-09-12,-0.0062
2007-09-13,0.8309
2007-09-14,0.0093
2007-09-17,-0.5234
2007-09-18,2.9099
2007-09-19,0.598
2007-09-20,-0.6826
2007-09-21,0.4507
2007-09-24,-0.5361
2007-09-25,-0.0446
2007-09-26,0.531
2007-09-27,0.3806
2007-09-28,-0.3127
2007-10-01,1.3183
2007-10-02,-0.0373
2007-10-03,-0.466
2007-10-04,0.2003
2007-10-05,0.9452
2007-10-08,NaN
2007-10-09,0.7986
2007-10-10,-0.1823
2007-10-11,-0.527
2007-10-12,0.464
2007-10-15,-0.8498
2007-10-16,-0.6689
2007-10-17,0.1652
2007-10-18,-0.0855
2007-10-19,-2.572
2007-10-22,0.369
2007-10-23,0.8695
2007-10-24,-0.2546
2007-10-25,-0.1084
2007-10-26,1.368
2007-10-29,0.3604
2007-10-30,-0.6571
2007-10-31,1.1885
2007-11-01,-2.6527
2007-11-02,0.0704
2007-11-05,-0.5056
2007-11-06,1.1947
2007-11-07,-2.9465
2007-11-08,-0.0668
2007-11-09,-1.4376
2007-11-12,NaN
2007-11-13,2.8998
2007-11-14,-0.7162
2007-11-15,-1.3302
2007-11-16,0.5138
2007-11-19,-1.7553
2007-11-20,0.4398
2007-11-21,-1.6011
2007-11-23,1.6803
2007-11-26,-2.3324
2007-11-27,1.4844
2007-11-28,2.8477
2007-11-29,0.0395
2007-11-30,0.7684
2007-12-03,-0.5971
2007-12-04,-0.6624
2007-12-05,1.5106
2007-12-06,1.4953
2007-12-07,-0.1863
2007-12-10,0.7427
2007-12-11,-2.5351
2007-12-12,0.5972
2007-12-13,0.1146
2007-12-14,-1.3825
2007-12-17,-1.5105
2007-12-18,0.6197
2007-12-19,-0.144
2007-12-20,0.4821
2007-12-21,1.6588
2007-12-24,0.7986
2007-12-26,0.0718
2007-12-27,-1.4368
2007-12-28,0.1417
2007-12-31,-0.6943
2008-01-02,-1.4527
2008-01-03,-0.0088
2008-01-04,-2.4639
2008-01-07,0.3134
2008-01-08,-1.8441
2008-01-09,1.3536
2008-01-10,0.786
2008-01-11,-1.368
2008-01-14,1.0784
2008-01-15,-2.5011
2008-01-16,-0.5697
2008-01-17,-2.9176
2008-01-18,-0.6123
2008-01-22,-1.1149
2008-01-23,2.1382
2008-01-24,0.9998
2008-01-25,-1.5935
2008-01-28,1.7485
2008-01-29,0.6098
2008-01-30,-0.4824
2008-01-31,1.6719
2008-02-01,1.218
2008-02-04,-1.0525
2008-02-05,-3.2055
2008-02-06,-0.7681
2008-02-07,0.7827
2008-02-08,-0.4264
2008-02-11,0.5826
2008-02-12,0.7203
2008-02-13,1.3542
2008-02-14,-1.3484
2008-02-15,0.0778
2008-02-19,-0.0958
2008-02-20,0.828
2008-02-21,-1.2927
2008-02-22,0.7821
2008-02-25,1.3753
2008-02-26,0.686
2008-02-27,-0.0973
2008-02-28,-0.8994
2008-02-29,-2.714
2008-03-03,0.0487
2008-03-04,-0.3493
2008-03-05,0.5197
2008-03-06,-2.2052
2008-03-07,-0.845
2008-03-10,-1.55
2008-03-11,3.7089
2008-03-12,-0.9036
2008-03-13,0.509
2008-03-14,-2.0816
2008-03-17,-0.8989
2008-03-18,4.2384
2008-03-19,-2.4304
2008-03-20,2.3927
2008-03-24,1.5287
2008-03-25,0.2269
2008-03-26,-0.8801
2008-03-27,-1.1496
2008-03-28,-0.7987
2008-03-31,0.5649
2008-04-01,3.5858
2008-04-02,-0.1973
2008-04-03,0.1263
2008-04-04,0.0759
2008-04-07,0.1522
2008-04-08,-0.5139
2008-04-09,-0.8128
2008-04-10,0.4439
2008-04-11,-2.0407
2008-04-14,-0.3414
2008-04-15,0.4569
2008-04-16,2.266
2008-04-17,0.0589
2008-04-18,1.8102
2008-04-21,-0.1591
2008-04-22,-0.8845
2008-04-23,0.2865
2008-04-24,0.6408
2008-04-25,0.6458
2008-04-28,-0.1091
2008-04-29,-0.3929
2008-04-30,-0.3886
2008-05-01,1.7101
2008-05-02,0.3195
2008-05-05,-0.4576
2008-05-06,0.7607
2008-05-07,-1.8159
2008-05-08,0.3624
2008-05-09,-0.6772
2008-05-12,1.0972
2008-05-13,-0.0435
2008-05-14,0.3956
2008-05-15,1.0534
2008-05-16,0.12
2008-05-19,0.0848
2008-05-20,-0.9325
2008-05-21,-1.6104
2008-05-22,0.2566
2008-05-23,-1.3261
2008-05-27,0.6794
2008-05-28,0.3911
2008-05-29,0.5283
2008-05-30,0.1465
2008-06-02,-1.0555
2008-06-03,-0.5838
2008-06-04,-0.0377
2008-06-05,1.9445
2008-06-06,-3.094
2008-06-09,0.0742
2008-06-10,-0.2493
2008-06-11,-1.6948
2008-06-12,0.3225
2008-06-13,1.4992
2008-06-16,0.0024
2008-06-17,-0.6826
2008-06-18,-0.9764
2008-06-19,0.37
2008-06-20,-1.8594
2008-06-23,0.0002
2008-06-24,-0.2865
2008-06-25,0.5794
2008-06-26,-2.9413
2008-06-27,-0.3763
2008-06-30,0.1215
2008-07-01,0.3785
2008-07-02,-1.8253
2008-07-03,0.1044
2008-07-07,-0.8437
2008-07-08,1.7029
2008-07-09,-2.2826
2008-07-10,0.6944
2008-07-11,-1.1134
2008-07-14,-0.907
2008-07-15,-1.0939
2008-07-16,2.5026
2008-07-17,1.1974
2008-07-18,0.0245
2008-07-21,-0.058
2008-07-22,1.345
2008-07-23,0.4021
2008-07-24,-2.317
2008-07-25,0.412
2008-07-28,-1.8644
2008-07-29,2.3309
2008-07-30,1.6625
2008-07-31,-1.319
2008-08-01,-0.5624
2008-08-04,-0.9014
2008-08-05,2.8671
2008-08-06,0.331
2008-08-07,-1.7979
2008-08-08,2.3846
2008-08-11,0.6891
2008-08-12,-1.2102
2008-08-13,-0.2966
2008-08-14,0.547
2008-08-15,0.4026
2008-08-18,-1.5148
2008-08-19,-0.9364
2008-08-20,0.615
2008-08-21,0.2448
2008-08-22,1.1286
2008-08-25,-1.9673
2008-08-26,0.364
2008-08-27,0.7937
2008-08-28,1.4793
2008-08-29,-1.3771
2008-09-02,-0.414
2008-09-03,-0.2082
2008-09-04,-2.9968
2008-09-05,0.4385
2008-09-08,2.0463
2008-09-09,-3.4184
2008-09-10,0.6104
2008-09-11,1.3762
2008-09-12,0.2081
2008-09-15,-4.7165
2008-09-16,1.7492
2008-09-17,-4.7134
2008-09-18,4.3335
2008-09-19,4.023
2008-09-22,-3.8272
2008-09-23,-1.5655
2008-09-24,-0.1992
2008-09-25,1.9636
2008-09-26,0.3144
2008-09-29,-8.7924
2008-09-30,5.4178
2008-10-01,-0.4567
2008-10-02,-4.0308
2008-10-03,-1.352
2008-10-06,-3.8533
2008-10-07,-5.7417
2008-10-08,-1.1351
2008-10-09,-7.6183
2008-10-10,-1.1766
2008-10-13,NaN
2008-10-14,-0.5332
2008-10-15,-9.0356
2008-10-16,4.2495
2008-10-17,-0.6235
2008-10-20,4.765
2008-10-21,-3.083
2008-10-22,-6.1041
2008-10-23,1.2607
2008-10-24,-3.4535
2008-10-27,-3.1788
2008-10-28,10.7869
2008-10-29,-1.1096
2008-10-30,2.5793
2008-10-31,1.5353
2008-11-03,-0.2543
2008-11-04,4.0812
2008-11-05,-5.2688
2008-11-06,-5.0273
2008-11-07,2.8846
2008-11-10,-1.2661
2008-11-11,NaN
2008-11-12,-5.1899
2008-11-13,6.9207
2008-11-14,-4.1703
2008-11-17,-2.5814
2008-11-18,0.9835
2008-11-19,-6.1158
2008-11-20,-6.7124
2008-11-21,6.3247
2008-11-24,6.4719
2008-11-25,0.6548
2008-11-26,3.5327
2008-11-28,0.9643
2008-12-01,-8.9297
2008-12-02,3.9939
2008-12-03,2.5836
2008-12-04,-2.9309
2008-12-05,3.6499
2008-12-08,3.8387
2008-12-09,-2.3118
2008-12-10,1.1894
2008-12-11,-2.8524
2008-12-12,0.7028
2008-12-15,-1.2687
2008-12-16,5.1359
2008-12-17,-0.9594
2008-12-18,-2.1163
2008-12-19,0.2936
2008-12-22,-1.8302
2008-12-23,-0.9718
2008-12-24,0.5781
2008-12-26,0.5355
2008-12-29,-0.3874
2008-12-30,2.4404
2008-12-31,1.4155
2009-01-02,3.1606
2009-01-05,-0.4672
2009-01-06,0.7813
2009-01-07,-3.0013
2009-01-08,0.3395
2009-01-09,-2.1305
2009-01-12,-2.2567
2009-01-13,0.1755
2009-01-14,-3.3463
2009-01-15,0.1326
2009-01-16,0.7558
2009-01-20,-5.282
2009-01-21,4.3488
2009-01-22,-1.5165
2009-01-23,0.5375
2009-01-26,0.5549
2009-01-27,1.0922
2009-01-28,3.3552
2009-01-29,-3.3127
2009-01-30,-2.2796
2009-02-02,-0.054
2009-02-03,1.5825
2009-02-04,-0.7498
2009-02-05,1.6358
2009-02-06,2.6888
2009-02-09,0.1476
2009-02-10,-4.913
2009-02-11,0.7947
2009-02-12,0.1731
2009-02-13,-1.0006
2009-02-17,-4.5568
2009-02-18,-0.0959
2009-02-19,-1.2032
2009-02-20,-1.142
2009-02-23,-3.4707
2009-02-24,4.0094
2009-02-25,-1.0666
2009-02-26,-1.5787
2009-02-27,-2.3572
2009-03-02,-4.6628
2009-03-03,-0.6414
2009-03-04,2.3746
2009-03-05,-4.2538
2009-03-06,0.121
2009-03-09,-1.003
2009-03-10,6.3656
2009-03-11,0.2439
2009-03-12,4.0723
2009-03-13,0.7734
2009-03-16,-0.3523
2009-03-17,3.2133
2009-03-18,2.0852
2009-03-19,-1.2985
2009-03-20,-1.9775
2009-03-23,7.0751
2009-03-24,-2.0421
2009-03-25,0.9621
2009-03-26,2.3316
2009-03-27,-2.0319
2009-03-30,-3.4824
2009-03-31,1.3124
2009-04-01,1.655
2009-04-02,2.8721
2009-04-03,0.9726
2009-04-06,-0.8338
2009-04-07,-2.386
2009-04-08,1.1778
2009-04-09,3.8048
2009-04-13,0.2528
2009-04-14,-2.0069
2009-04-15,1.2545
2009-04-16,1.5535
2009-04-17,0.4965
2009-04-20,-4.2794
2009-04-21,2.1248
2009-04-22,-0.7686
2009-04-23,0.992
2009-04-24,1.6795
2009-04-27,-1.007
2009-04-28,-0.2744
2009-04-29,2.1607
2009-04-30,-0.0954
2009-05-01,0.5392
2009-05-04,3.3863
2009-05-05,-0.3797
2009-05-06,1.7399
2009-05-07,-1.3207
2009-05-08,2.4064
2009-05-11,-2.1518
2009-05-12,-0.0984
2009-05-13,-2.69
2009-05-14,1.0347
2009-05-15,-1.1415
2009-05-18,3.0384
2009-05-19,-0.1742
2009-05-20,-0.5136
2009-05-21,-1.6763
2009-05-22,-0.1502
2009-05-26,2.6297
2009-05-27,-1.8976
2009-05-28,1.5415
2009-05-29,1.3571
2009-06-01,2.5814
2009-06-02,0.1979
2009-06-03,-1.3743
2009-06-04,1.148
2009-06-05,-0.252
2009-06-08,-0.1016
2009-06-09,0.3498
2009-06-10,-0.3485
2009-06-11,0.6107
2009-06-12,0.1392
2009-06-15,-2.3773
2009-06-16,-1.2725
2009-06-17,-0.1386
2009-06-18,0.8406
2009-06-19,0.3109
2009-06-22,-3.0606
2009-06-23,0.2301
2009-06-24,0.6519
2009-06-25,2.1439
2009-06-26,-0.1483
2009-06-29,0.906
2009-06-30,-0.8536
2009-07-01,0.4357
2009-07-02,-2.9149
2009-07-06,0.256
2009-07-07,-1.9689
2009-07-08,-0.1674
2009-07-09,0.3542
2009-07-10,-0.4027
2009-07-13,2.4929
2009-07-14,0.5311
2009-07-15,2.9625
2009-07-16,0.8636
2009-07-17,-0.0387
2009-07-20,1.1426
2009-07-21,0.3622
2009-07-22,-0.054
2009-07-23,2.3284
2009-07-24,0.3037
2009-07-27,0.2977
2009-07-28,-0.2612
2009-07-29,-0.4568
2009-07-30,1.1891
2009-07-31,0.0735
2009-08-03,1.5337
2009-08-04,0.3007
2009-08-05,-0.2919
2009-08-06,-0.5629
2009-08-07,1.3434
2009-08-10,-0.335
2009-08-11,-1.2665
2009-08-12,1.152
2009-08-13,0.6875
2009-08-14,-0.8536
2009-08-17,-2.4266
2009-08-18,1.0141
2009-08-19,0.6856
2009-08-20,1.0944
2009-08-21,1.8618
2009-08-24,-0.055
2009-08-25,0.2365
2009-08-26,0.0113
2009-08-27,0.2778
2009-08-28,-0.1993
2009-08-31,-0.8081
2009-09-01,-2.2128
2009-09-02,-0.33
2009-09-03,0.8531
2009-09-04,1.3114
2009-09-08,0.8841
2009-09-09,0.7779
2009-09-10,1.0418
2009-09-11,-0.1354
2009-09-14,0.6335
2009-09-15,0.3132
2009-09-16,1.5321
2009-09-17,-0.3062
2009-09-18,0.2635
2009-09-21,-0.341
2009-09-22,0.6572
2009-09-23,-1.0072
2009-09-24,-0.9514
2009-09-25,-0.6093
2009-09-28,1.7807
2009-09-29,-0.2233
2009-09-30,-0.3332
2009-10-01,-2.5762
2009-10-02,-0.4508
2009-10-05,1.4873
2009-10-06,1.3703
2009-10-07,0.2709
2009-10-08,0.7468
2009-10-09,0.5639
2009-10-12,NaN
2009-10-13,-0.279
2009-10-14,1.7544
2009-10-15,0.4155
2009-10-16,-0.81
2009-10-19,0.9403
2009-10-20,-0.6241
2009-10-21,-0.8856
2009-10-22,1.0642
2009-10-23,-1.218
2009-10-26,-1.172
2009-10-27,-0.332
2009-10-28,-1.9543
2009-10-29,2.2518
2009-10-30,-2.8066
2009-11-02,0.6455
2009-11-03,0.2424
2009-11-04,0.1041
2009-11-05,1.9234
2009-11-06,0.2502
2009-11-09,2.2237
2009-11-10,-0.0066
2009-11-11,NaN
2009-11-12,-1.0261
2009-11-13,0.5738
2009-11-16,1.4466
2009-11-17,0.0918
2009-11-18,-0.0469
2009-11-19,-1.3426
2009-11-20,-0.3215
2009-11-23,1.3614
2009-11-24,-0.0535
2009-11-25,0.4503
2009-11-27,-1.7234
2009-11-30,0.3791
2009-12-01,1.2074
2009-12-02,0.0341
2009-12-03,-0.8404
2009-12-04,0.5508
2009-12-07,-0.247
2009-12-08,-1.0252
2009-12-09,0.3672
2009-12-10,0.5839
2009-12-11,0.3682
2009-12-14,0.6958
2009-12-15,-0.5548
2009-12-16,0.1127
2009-12-17,-1.1812
2009-12-18,0.5828
2009-12-21,1.0501
2009-12-22,0.3561
2009-12-23,0.2297
2009-12-24,0.5255
2009-12-28,0.1151
2009-12-29,-0.1404
2009-12-30,0.0194
2009-12-31,-1.0051
2010-01-04,1.6041
2010-01-05,0.3114
2010-01-06,0.0544
2010-01-07,0.4
2010-01-08,0.288
2010-01-11,0.1746
2010-01-12,-0.9383
2010-01-13,0.8324
2010-01-14,0.2425
2010-01-15,-1.0825
2010-01-19,1.2498
2010-01-20,-1.0599
2010-01-21,-1.8947
2010-01-22,-2.2143
2010-01-25,0.4596
2010-01-26,-0.4205
2010-01-27,0.4878
2010-01-28,-1.182
2010-01-29,-0.9831
2010-02-01,1.4263
2010-02-02,1.297
2010-02-03,-0.5477
2010-02-04,-3.1143
2010-02-05,0.2894
2010-02-08,-0.8867
2010-02-09,1.3037
2010-02-10,-0.2236
2010-02-11,0.9677
2010-02-12,-0.2747
2010-02-16,1.7998
2010-02-17,0.4235
2010-02-18,0.6582
2010-02-19,0.2184
2010-02-22,-0.1049
2010-02-23,-1.2106
2010-02-24,0.9717
2010-02-25,-0.2085
2010-02-26,0.1402
2010-03-01,1.0155
2010-03-02,0.2326
2010-03-03,0.0425
2010-03-04,0.3732
2010-03-05,1.4003
2010-03-08,-0.018
2010-03-09,0.1708
2010-03-10,0.452
2010-03-11,0.4037
2010-03-12,-0.0222
2010-03-15,0.0447
2010-03-16,0.7775
2010-03-17,0.5818
2010-03-18,-0.033
2010-03-19,-0.5091
2010-03-22,0.5091
2010-03-23,0.7167
2010-03-24,-0.5497
2010-03-25,-0.1708
2010-03-26,0.0734
2010-03-29,0.5679
2010-03-30,0.0038
2010-03-31,-0.3277
2010-04-01,0.7409
2010-04-02,NaN
2010-04-05,NaN
2010-04-06,0.168
2010-04-07,-0.5881
2010-04-08,0.337
2010-04-09,0.6679
2010-04-12,0.1762
2010-04-13,0.0681
2010-04-14,1.1146
2010-04-15,0.0838
2010-04-16,-1.6131
2010-04-19,0.4517
2010-04-20,0.8054
2010-04-21,-0.1023
2010-04-22,0.2259
2010-04-23,0.7119
2010-04-26,-0.4301
2010-04-27,-2.3386
2010-04-28,0.6458
2010-04-29,1.2938
2010-04-30,-1.6652
2010-05-03,1.3116
2010-05-04,-2.3843
2010-05-05,-0.6565
2010-05-06,-3.2381
2010-05-07,-1.5312
2010-05-10,4.397
2010-05-11,-0.3402
2010-05-12,1.3735
2010-05-13,-1.215
2010-05-14,-1.8805
2010-05-17,0.1105
2010-05-18,-1.4201
2010-05-19,-0.5135
2010-05-20,-3.8981
2010-05-21,1.502
2010-05-24,-1.2913
2010-05-25,0.0349
2010-05-26,-0.5666
2010-05-27,3.2871
2010-05-28,-1.2379
2010-06-01,-1.717
2010-06-02,2.5838
2010-06-03,0.4048
2010-06-04,-3.4415
2010-06-07,-1.3535
2010-06-08,1.0973
2010-06-09,-0.5944
2010-06-10,2.9504
2010-06-11,0.4377
2010-06-14,-0.1807
2010-06-15,2.3492
2010-06-16,-0.0559
2010-06-17,0.128
2010-06-18,0.1314
2010-06-21,-0.386
2010-06-22,-1.6074
2010-06-23,-0.2989
2010-06-24,-1.6807
2010-06-25,0.2856
2010-06-28,-0.2039
2010-06-29,-3.1021
2010-06-30,-1.0118
2010-07-01,-0.3245
2010-07-02,-0.4667
2010-07-06,0.5354
2010-07-07,3.1326
2010-07-08,0.9409
2010-07-09,0.7199
2010-07-12,0.0728
2010-07-13,1.5375
2010-07-14,-0.0159
2010-07-15,0.1192
2010-07-16,-2.8824
2010-07-19,0.5977
2010-07-20,1.1412
2010-07-21,-1.2824
2010-07-22,2.2509
2010-07-23,0.8216
2010-07-26,1.1196
2010-07-27,-0.1053
2010-07-28,-0.6926
2010-07-29,-0.4163
2010-07-30,0.0059
2010-08-02,2.2018
2010-08-03,-0.4801
2010-08-04,0.6047
2010-08-05,-0.1273
2010-08-06,-0.3708
2010-08-09,0.5479
2010-08-10,-0.5972
2010-08-11,-2.8183
2010-08-12,-0.5383
2010-08-13,-0.4028
2010-08-16,0.0116
2010-08-17,1.2187
2010-08-18,0.1478
2010-08-19,-1.694
2010-08-20,-0.3667
2010-08-23,-0.4045
2010-08-24,-1.4517
2010-08-25,0.3285
2010-08-26,-0.7689
2010-08-27,1.6583
2010-08-30,-1.4723
2010-08-31,0.0387
2010-09-01,2.9501
2010-09-02,0.9077
2010-09-03,1.3215
2010-09-07,-1.1475
2010-09-08,0.6435
2010-09-09,0.4828
2010-09-10,0.4859
2010-09-13,1.1126
2010-09-14,-0.0717
2010-09-15,0.3537
2010-09-16,-0.0369
2010-09-17,0.0822
2010-09-20,1.5205
2010-09-21,-0.2569
2010-09-22,-0.483
2010-09-23,-0.8336
2010-09-24,2.119
2010-09-27,-0.5672
2010-09-28,0.4846
2010-09-29,-0.2592
2010-09-30,-0.3088
2010-10-01,0.4412
2010-10-04,-0.8039
2010-10-05,2.0858
2010-10-06,-0.0676
2010-10-07,-0.165
2010-10-08,0.6119
2010-10-11,NaN
2010-10-12,0.3815
2010-10-13,0.7117
2010-10-14,-0.3645
2010-10-15,0.2024
2010-10-18,0.724
2010-10-19,-1.5881
2010-10-20,1.052
2010-10-21,0.177
2010-10-22,0.2386
2010-10-25,0.2143
2010-10-26,0.0013
2010-10-27,-0.2694
2010-10-28,0.1121
2010-10-29,-0.0443
2010-11-01,0.0943
2010-11-02,0.7756
2010-11-03,0.3674
2010-11-04,1.9279
2010-11-05,0.3919
2010-11-08,-0.2125
2010-11-09,-0.8056
2010-11-10,0.4373
2010-11-11,NaN
2010-11-12,-1.1812
2010-11-15,-0.1221
2010-11-16,-1.621
2010-11-17,0.0208
2010-11-18,1.5353
2010-11-19,0.2536
2010-11-22,-0.158
2010-11-23,-1.4288
2010-11-24,1.4919
2010-11-26,-0.7473
2010-11-29,-0.1384
2010-11-30,-0.6075
2010-12-01,2.1613
2010-12-02,1.2814
2010-12-03,0.2599
2010-12-06,-0.1302
2010-12-07,0.0511
2010-12-08,0.3698
2010-12-09,0.3839
2010-12-10,0.5998
2010-12-13,0.0044
2010-12-14,0.0907
2010-12-15,-0.5126
2010-12-16,0.6181
2010-12-17,0.0834
2010-12-20,0.2545
2010-12-21,0.6026
2010-12-22,0.3376
2010-12-23,-0.1648
2010-12-27,0.0608
2010-12-28,0.0767
2010-12-29,0.1006
2010-12-30,-0.1512
2010-12-31,-0.0194
2011-01-03,1.1311
2011-01-04,-0.1317
2011-01-05,0.5003
2011-01-06,-0.2127
2011-01-07,-0.1849
2011-01-10,-0.138
2011-01-11,0.3721
2011-01-12,0.9003
2011-01-13,-0.1715
2011-01-14,0.738
2011-01-18,0.1372
2011-01-19,-1.012
2011-01-20,-0.1299
2011-01-21,0.2409
2011-01-24,0.5832
2011-01-25,0.0259
2011-01-26,0.4216
2011-01-27,0.224
2011-01-28,-1.7857
2011-01-31,0.7658
2011-02-01,1.6689
2011-02-02,-0.2727
2011-02-03,0.235
2011-02-04,0.288
2011-02-07,0.6236
2011-02-08,0.4181
2011-02-09,-0.279
2011-02-10,0.0746
2011-02-11,0.5504
2011-02-14,0.2381
2011-02-15,-0.3239
2011-02-16,0.6254
2011-02-17,0.3073
2011-02-18,0.1922
2011-02-22,-2.0532
2011-02-23,-0.6115
2011-02-24,-0.0998
2011-02-25,1.0547
2011-02-28,0.5557
2011-03-01,-1.5744
2011-03-02,0.1612
2011-03-03,1.7215
2011-03-04,-0.7381
2011-03-07,-0.8344
2011-03-08,0.892
2011-03-09,-0.1365
2011-03-10,-1.8873
2011-03-11,0.7078
2011-03-14,-0.6052
2011-03-15,-1.1203
2011-03-16,-1.9498
2011-03-17,1.3396
2011-03-18,0.43
2011-03-21,1.4991
2011-03-22,-0.3553
2011-03-23,0.2911
2011-03-24,0.9338
2011-03-25,0.3159
2011-03-28,-0.2751
2011-03-29,0.7057
2011-03-30,0.6682
2011-03-31,-0.1832
2011-04-01,0.4961
2011-04-04,0.0344
2011-04-05,-0.0182
2011-04-06,0.2182
2011-04-07,-0.1521
2011-04-08,-0.4006
2011-04-11,-0.2795
2011-04-12,-0.7778
2011-04-13,0.0189
2011-04-14,0.0082
2011-04-15,0.3923
2011-04-18,-1.102
2011-04-19,0.573
2011-04-20,1.3513
2011-04-21,0.5275
2011-04-25,-0.1595
2011-04-26,0.8978
2011-04-27,0.6248
2011-04-28,0.3554
2011-04-29,0.23
2011-05-02,-0.1754
2011-05-03,-0.338
2011-05-04,-0.6856
2011-05-05,-0.907
2011-05-06,0.3819
2011-05-09,0.4543
2011-05-10,0.8073
2011-05-11,-1.1112
2011-05-12,0.4895
2011-05-13,-0.8068
2011-05-16,-0.6205
2011-05-17,-0.037
2011-05-18,0.8802
2011-05-19,0.2177
2011-05-20,-0.769
2011-05-23,-1.1927
2011-05-24,-0.0829
2011-05-25,0.3182
2011-05-26,0.3952
2011-05-27,0.408
2011-05-31,1.0591
2011-06-01,-2.2786
2011-06-02,-0.1226
2011-06-03,-0.9735
2011-06-06,-1.0762
2011-06-07,-0.0958
2011-06-08,-0.4188
2011-06-09,0.7376
2011-06-10,-1.3981
2011-06-13,0.0667
2011-06-14,1.261
2011-06-15,-1.7433
2011-06-16,0.1753
2011-06-17,0.3044
2011-06-20,0.5394
2011-06-21,1.3423
2011-06-22,-0.6469
2011-06-23,-0.2828
2011-06-24,-1.1726
2011-06-27,0.9184
2011-06-28,1.2943
2011-06-29,0.8282
2011-06-30,1.0118
2011-07-01,1.4409
2011-07-05,-0.1337
2011-07-06,0.1001
2011-07-07,1.0453
2011-07-08,-0.6962
2011-07-11,-1.8091
2011-07-12,-0.4434
2011-07-13,0.3106
2011-07-14,-0.6716
2011-07-15,0.5554
2011-07-18,-0.813
2011-07-19,1.6308
2011-07-20,-0.0671
2011-07-21,1.3545
2011-07-22,0.0906
2011-07-25,-0.5644
2011-07-26,-0.4107
2011-07-27,-2.0311
2011-07-28,-0.3236
2011-07-29,-0.6453
2011-08-01,-0.4135
2011-08-02,-2.5558
2011-08-03,0.5015
2011-08-04,-4.7821
2011-08-05,-0.0575
2011-08-08,-6.6636
2011-08-09,4.7406
2011-08-10,-4.4153
2011-08-11,4.6289
2011-08-12,0.5261
2011-08-15,2.1784
2011-08-16,-0.9739
2011-08-17,0.0947
2011-08-18,-4.4594
2011-08-19,-1.501
2011-08-22,0.0258
2011-08-23,3.4285
2011-08-24,1.3119
2011-08-25,-1.5566
2011-08-26,1.5121
2011-08-29,2.828
2011-08-30,0.2347
2011-08-31,0.4921
2011-09-01,-1.1872
2011-09-02,-2.5282
2011-09-06,-0.7437
2011-09-07,2.8646
2011-09-08,-1.0613
2011-09-09,-2.6706
2011-09-12,0.6965
2011-09-13,0.912
2011-09-14,1.3479
2011-09-15,1.7187
2011-09-16,0.5706
2011-09-19,-0.9803
2011-09-20,-0.1661
2011-09-21,-2.9391
2011-09-22,-3.1883
2011-09-23,0.6082
2011-09-26,2.3336
2011-09-27,1.0688
2011-09-28,-2.0692
2011-09-29,0.8114
2011-09-30,-2.4975
2011-10-03,-2.8452
2011-10-04,2.2488
2011-10-05,1.7866
2011-10-06,1.8303
2011-10-07,-0.8164
2011-10-10,NaN
2011-10-11,0.0543
2011-10-12,0.9794
2011-10-13,-0.2974
2011-10-14,1.738
2011-10-17,-1.9371
2011-10-18,2.0418
2011-10-19,-1.265
2011-10-20,0.4553
2011-10-21,1.8808
2011-10-24,1.2872
2011-10-25,-2.0045
2011-10-26,1.0536
2011-10-27,3.4291
2011-10-28,0.0389
2011-10-31,-2.4738
2011-11-01,-2.7943
2011-11-02,1.6104
2011-11-03,1.8782
2011-11-04,-0.628
2011-11-07,0.6295
2011-11-08,1.1735
2011-11-09,-3.6695
2011-11-10,0.8616
2011-11-11,NaN
2011-11-14,-0.955
2011-11-15,0.4817
2011-11-16,-1.6616
2011-11-17,-1.68
2011-11-18,-0.0395
2011-11-21,-1.8649
2011-11-22,-0.4141
2011-11-23,-2.2096
2011-11-25,-0.2686
2011-11-28,2.924
2011-11-29,0.2213
2011-11-30,4.3315
2011-12-01,-0.1909
2011-12-02,-0.0242
2011-12-05,1.0287
2011-12-06,0.1105
2011-12-07,0.2018
2011-12-08,-2.1142
2011-12-09,1.6883
2011-12-12,-1.4914
2011-12-13,-0.8686
2011-12-14,-1.1349
2011-12-15,0.3243
2011-12-16,0.3216
2011-12-19,-1.1733
2011-12-20,2.9825
2011-12-21,0.1949
2011-12-22,0.8265
2011-12-23,0.9035
2011-12-27,0.0078
2011-12-28,-1.2478
2011-12-29,1.0707
2012-01-03,1.1116
2012-01-04,0.0187
2012-01-05,0.2943
2012-01-06,-0.2538
2012-01-09,0.2261
2012-01-10,0.8885
2012-01-11,0.0309
2012-01-12,0.2336
2012-01-13,-0.4949
2012-01-17,0.3552
2012-01-18,1.1107
2012-01-19,0.4937
2012-01-20,0.0668
2012-01-23,0.047
2012-01-24,-0.1027
2012-01-25,0.867
2012-01-26,-0.5748
2012-01-27,-0.1594
2012-01-30,-0.2524
2012-01-31,-0.0459
2012-02-01,0.8898
2012-02-02,0.1093
2012-02-03,1.4603
2012-02-06,-0.0426
2012-02-07,0.2021
2012-02-08,0.2158
2012-02-09,0.1472
2012-02-10,-0.6889
2012-02-13,0.6797
2012-02-14,-0.0943
2012-02-15,-0.5386
2012-02-16,1.1023
2012-02-17,0.2346
2012-02-21,0.0718
2012-02-22,-0.3343
2012-02-23,0.427
2012-02-24,0.1669
2012-02-27,0.1351
2012-02-28,0.3353
2012-02-29,-0.4739
2012-03-01,0.6156
2012-03-02,-0.3248
2012-03-05,-0.3872
2012-03-06,-1.5372
2012-03-07,0.6898
2012-03-08,0.9816
2012-03-09,0.3629
2012-03-12,0.0158
2012-03-13,1.8129
2012-03-14,-0.1199
2012-03-15,0.5965
2012-03-16,0.1117
2012-03-19,0.3971
2012-03-20,-0.3003
2012-03-21,-0.1874
2012-03-22,-0.7209
2012-03-23,0.3107
2012-03-26,1.3883
2012-03-27,-0.2819
2012-03-28,-0.4944
2012-03-29,-0.161
2012-03-30,0.3697
2012-04-02,0.7502
2012-04-03,-0.3991
2012-04-04,-1.0205
2012-04-05,-0.0631
2012-04-06,NaN
2012-04-09,NaN
2012-04-10,-1.7084
2012-04-11,0.7446
2012-04-12,1.3777
2012-04-13,-1.2478
2012-04-16,-0.0506
2012-04-17,1.5484
2012-04-18,-0.4057
2012-04-19,-0.5936
2012-04-20,0.1167
2012-04-23,-0.841
2012-04-24,0.3677
2012-04-25,1.3642
2012-04-26,0.6678
2012-04-27,0.2412
2012-04-30,-0.3886
2012-05-01,0.5656
2012-05-02,-0.2499
2012-05-03,-0.7661
2012-05-04,-1.6149
2012-05-07,0.0348
2012-05-08,-0.4281
2012-05-09,-0.6705
2012-05-10,0.2515
2012-05-11,-0.339
2012-05-14,-1.1116
2012-05-15,-0.5748
2012-05-16,-0.4407
2012-05-17,-1.5054
2012-05-18,-0.739
2012-05-21,1.6033
2012-05-22,0.0484
2012-05-23,0.1691
2012-05-24,0.1377
2012-05-25,-0.2168
2012-05-29,1.1076
2012-05-30,-1.4337
2012-05-31,-0.2279
2012-06-01,-2.4645
2012-06-04,0.0107
2012-06-05,0.5725
2012-06-06,2.3047
2012-06-07,-0.0109
2012-06-08,0.8112
2012-06-11,-1.2623
2012-06-12,1.1648
2012-06-13,-0.7026
2012-06-14,1.0812
2012-06-15,1.0335
2012-06-18,0.1442
2012-06-19,0.9813
2012-06-20,-0.1689
2012-06-21,-2.2264
2012-06-22,0.7172
2012-06-25,-1.5958
2012-06-26,0.477
2012-06-27,0.8982
2012-06-28,-0.2112
2012-06-29,2.4918
2012-07-02,0.2457
2012-07-03,0.623
2012-07-05,-0.4689
2012-07-06,-0.9435
2012-07-09,-0.1641
2012-07-10,-0.8128
2012-07-11,-0.0018
2012-07-12,-0.499
2012-07-13,1.6495
2012-07-16,-0.2317
2012-07-17,0.7407
2012-07-18,0.6678
2012-07-19,0.2715
2012-07-20,-1.0064
2012-07-23,-0.8912
2012-07-24,-0.9044
2012-07-25,-0.0317
2012-07-26,1.6538
2012-07-27,1.9078
2012-07-30,-0.0486
2012-07-31,-0.432
2012-08-01,-0.3033
2012-08-02,-0.7376
2012-08-03,1.9038
2012-08-06,0.2326
2012-08-07,0.5104
2012-08-08,0.0618
2012-08-09,0.0411
2012-08-10,0.2186
2012-08-13,-0.1255
2012-08-14,-0.0131
2012-08-15,0.1137
2012-08-16,0.7098
2012-08-17,0.187
2012-08-20,-0.0024
2012-08-21,-0.3501
2012-08-22,0.0223
2012-08-23,-0.8075
2012-08-24,0.6452
2012-08-27,-0.0492
2012-08-28,-0.0811
2012-08-29,0.0841
2012-08-30,-0.7809
2012-08-31,0.5071
2012-09-04,-0.1169
2012-09-05,-0.1071
2012-09-06,2.0432
2012-09-07,0.4047
2012-09-10,-0.6151
2012-09-11,0.3132
2012-09-12,0.209
2012-09-13,1.6307
2012-09-14,0.3956
2012-09-17,-0.3128
2012-09-18,-0.1283
2012-09-19,0.1182
2012-09-20,-0.0544
2012-09-21,-0.0078
2012-09-24,-0.2236
2012-09-25,-1.0505
2012-09-26,-0.574
2012-09-27,0.9646
2012-09-28,-0.4481
2012-10-01,0.2649
2012-10-02,0.087
2012-10-03,0.3622
2012-10-04,0.7172
2012-10-05,-0.0325
2012-10-08,NaN
2012-10-09,-0.9894
2012-10-10,-0.6191
2012-10-11,0.0193
2012-10-12,-0.2969
2012-10-15,0.8075
2012-10-16,1.0267
2012-10-17,0.4114
2012-10-18,-0.2446
2012-10-19,-1.6574
2012-10-22,0.0437
2012-10-23,-1.4447
2012-10-24,-0.3088
2012-10-25,0.2993
2012-10-26,-0.0732
2012-10-29,NaN
2012-10-31,NaN
2012-11-01,1.0924
2012-11-02,-0.9382
2012-11-05,0.2161
2012-11-06,0.785
2012-11-07,-2.3708
2012-11-08,-1.2208
2012-11-09,0.1696
2012-11-12,NaN
2012-11-13,-0.3988
2012-11-14,-1.3855
2012-11-15,-0.1596
2012-11-16,0.4838
2012-11-19,1.986
2012-11-20,0.0661
2012-11-21,0.2317
2012-11-23,1.3024
2012-11-26,-0.2032
2012-11-27,-0.5229
2012-11-28,0.7853
2012-11-29,0.4267
2012-11-30,0.016
2012-12-03,-0.4748
2012-12-04,-0.1713
2012-12-05,0.1582
2012-12-06,0.3304
2012-12-07,0.2918
2012-12-10,0.0336
2012-12-11,0.6547
2012-12-12,0.0446
2012-12-13,-0.6323
2012-12-14,-0.4137
2012-12-17,1.1869
2012-12-18,1.1485
2012-12-19,-0.7591
2012-12-20,0.5487
2012-12-21,-0.938
2012-12-24,-0.2442
2012-12-26,-0.479
2012-12-27,-0.1221
2012-12-28,-1.105
2012-12-31,1.6941
2013-01-02,2.5401
2013-01-03,-0.2088
2013-01-04,0.4863
2013-01-07,-0.3125
2013-01-08,-0.3244
2013-01-09,0.2654
2013-01-10,0.7596
2013-01-11,-0.0049
2013-01-14,-0.0933
2013-01-15,0.1126
2013-01-16,0.0195
2013-01-17,0.5641
2013-01-18,0.3401
2013-01-22,0.4426
2013-01-23,0.1505
2013-01-24,0.0004
2013-01-25,0.5443
2013-01-28,-0.1852
2013-01-29,0.5104
2013-01-30,-0.3902
2013-01-31,-0.2565
2013-02-01,1.0051
2013-02-04,-1.1541
2013-02-05,1.0415
2013-02-06,0.0547
2013-02-07,-0.1807
2013-02-08,0.5656
2013-02-11,-0.0609
2013-02-12,0.1593
2013-02-13,0.059
2013-02-14,0.0688
2013-02-15,-0.1048
2013-02-19,0.7333
2013-02-20,-1.2407
2013-02-21,-0.6307
2013-02-22,0.8769
2013-02-25,-1.8313
2013-02-26,0.6106
2013-02-27,1.2723
2013-02-28,-0.0867
2013-03-01,0.2321
2013-03-04,0.4608
2013-03-05,0.9564
2013-03-06,0.1082
2013-03-07,0.1814
2013-03-08,0.4478
2013-03-11,0.3246
2013-03-12,-0.2406
2013-03-13,0.1312
2013-03-14,0.56
2013-03-15,-0.1621
2013-03-18,-0.5512
2013-03-19,-0.2424
2013-03-20,0.6696
2013-03-21,-0.8284
2013-03-22,0.7172
2013-03-25,-0.3342
2013-03-26,0.7783
2013-03-27,-0.0591
2013-03-28,0.4055
2013-04-01,-0.4476
2013-04-02,0.517
2013-04-03,-1.0548
2013-04-04,0.4046
2013-04-05,-0.4297
2013-04-08,0.6301
2013-04-09,0.3543
2013-04-10,1.2187
2013-04-11,0.355
2013-04-12,-0.2838
2013-04-15,-2.2968
2013-04-16,1.4306
2013-04-17,-1.4329
2013-04-18,-0.6702
2013-04-19,0.8847
2013-04-22,0.466
2013-04-23,1.0418
2013-04-24,0.0005
2013-04-25,0.4033
2013-04-26,-0.1843
2013-04-29,0.7185
2013-04-30,0.2484
2013-05-01,-0.931
2013-05-02,0.9407
2013-05-03,1.0533
2013-05-06,0.1907
2013-05-07,0.5229
2013-05-08,0.4138
2013-05-09,-0.3688
2013-05-10,0.4321
2013-05-13,0.0041
2013-05-14,1.0141
2013-05-15,0.5113
2013-05-16,-0.5011
2013-05-17,1.0299
2013-05-20,-0.0709
2013-05-21,0.1721
2013-05-22,-0.8275
2013-05-23,-0.2925
2013-05-24,-0.0552
2013-05-28,0.634
2013-05-29,-0.7049
2013-05-30,0.3669
2013-05-31,-1.4308
2013-06-03,0.5935
2013-06-04,-0.5512
2013-06-05,-1.3781
2013-06-06,0.8489
2013-06-07,1.283
2013-06-10,-0.0348
2013-06-11,-1.0155
2013-06-12,-0.8371
2013-06-13,1.4783
2013-06-14,-0.5886
2013-06-17,0.7566
2013-06-18,0.779
2013-06-19,-1.3853
2013-06-20,-2.5012
2013-06-21,0.2668
2013-06-24,-1.2147
2013-06-25,0.9496
2013-06-26,0.9589
2013-06-27,0.6198
2013-06-28,-0.4291
2013-07-01,0.5403
2013-07-02,-0.0546
2013-07-03,0.0823
2013-07-05,1.0201
2013-07-08,0.525
2013-07-09,0.7229
2013-07-10,0.018
2013-07-11,1.3553
2013-07-12,0.3085
2013-07-15,0.1374
2013-07-16,-0.371
2013-07-17,0.2773
2013-07-18,0.5032
2013-07-19,0.1609
2013-07-22,0.2032
2013-07-23,-0.1852
2013-07-24,-0.3812
2013-07-25,0.2556
2013-07-26,0.0827
2013-07-29,-0.3737
2013-07-30,0.0373
2013-07-31,-0.0138
2013-08-01,1.2539
2013-08-02,0.1639
2013-08-05,-0.1481
2013-08-06,-0.5724
2013-08-07,-0.3807
2013-08-08,0.3884
2013-08-09,-0.3571
2013-08-12,-0.1155
2013-08-13,0.2774
2013-08-14,-0.5178
2013-08-15,-1.4283
2013-08-16,-0.3306
2013-08-19,-0.5902
2013-08-20,0.382
2013-08-21,-0.5781
2013-08-22,0.8619
2013-08-23,0.3946
2013-08-26,-0.4041
2013-08-27,-1.5876
2013-08-28,0.2747
2013-08-29,0.1963
2013-08-30,-0.3175
2013-09-03,0.4164
2013-09-04,0.8116
2013-09-05,0.1209
2013-09-06,0.0054
2013-09-09,0.9992
2013-09-10,0.7345
2013-09-11,0.3052
2013-09-12,-0.3381
2013-09-13,0.2714
2013-09-16,0.5693
2013-09-17,0.4217
2013-09-18,1.2177
2013-09-19,-0.1843
2013-09-20,-0.7217
2013-09-23,-0.472
2013-09-24,-0.2598
2013-09-25,-0.274
2013-09-26,0.3485
2013-09-27,-0.4074
2013-09-30,-0.603
2013-10-01,0.7998
2013-10-02,-0.0667
2013-10-03,-0.898
2013-10-04,0.7052
2013-10-07,-0.8507
2013-10-08,-1.2333
2013-10-09,0.0572
2013-10-10,2.1829
2013-10-11,0.6284
2013-10-14,NaN
2013-10-15,-0.7068
2013-10-16,1.3825
2013-10-17,0.6743
2013-10-18,0.6548
2013-10-21,0.0091
2013-10-22,0.5736
2013-10-23,-0.4726
2013-10-24,0.3257
2013-10-25,0.4394
2013-10-28,0.1329
2013-10-29,0.5583
2013-10-30,-0.4877
2013-10-31,-0.384
2013-11-01,0.2902
2013-11-04,0.3569
2013-11-05,-0.2807
2013-11-06,0.4264
2013-11-07,-1.3184
2013-11-08,1.3426
2013-11-11,NaN
2013-11-12,-0.2373
2013-11-13,0.8093
2013-11-14,0.4835
2013-11-15,0.422
2013-11-18,-0.3701
2013-11-19,-0.2045
2013-11-20,-0.3638
2013-11-21,0.8127
2013-11-22,0.4959
2013-11-25,-0.1266
2013-11-26,0.0148
2013-11-27,0.2483
2013-11-29,-0.0787
2013-12-02,-0.272
2013-12-03,-0.3195
2013-12-04,-0.1305
2013-12-05,-0.4341
2013-12-06,1.1236
2013-12-09,0.1815
2013-12-10,-0.3182
2013-12-11,-1.1319
2013-12-12,-0.3773
2013-12-13,-0.0103
2013-12-16,0.6318
2013-12-17,-0.3103
2013-12-18,1.6646
2013-12-19,-0.0582
2013-12-20,0.4817
2013-12-23,0.5316
2013-12-24,0.2914
2013-12-26,0.4744
2013-12-27,-0.0339
2013-12-30,-0.0181
2013-12-31,0.3958
2014-01-02,-0.8864
2014-01-03,-0.0335
2014-01-06,-0.2513
2014-01-07,0.6081
2014-01-08,-0.0214
2014-01-09,0.0347
2014-01-10,0.2305
2014-01-13,-1.2577
2014-01-14,1.0817
2014-01-15,0.5165
2014-01-16,-0.1348
2014-01-17,-0.3897
2014-01-21,0.2773
2014-01-22,0.0574
2014-01-23,-0.8891
2014-01-24,-2.0877
2014-01-27,-0.4878
2014-01-28,0.6139
2014-01-29,-1.021
2014-01-30,1.1266
2014-01-31,-0.6466
2014-02-03,-2.2833
2014-02-04,0.7639
2014-02-05,-0.203
2014-02-06,1.2438
2014-02-07,1.33
2014-02-10,0.1567
2014-02-11,1.1061
2014-02-12,-0.0271
2014-02-13,0.5809
2014-02-14,0.4809
2014-02-18,0.1157
2014-02-19,-0.6526
2014-02-20,0.603
2014-02-21,-0.192
2014-02-24,0.6185
2014-02-25,-0.1349
2014-02-26,0.002
2014-02-27,0.4947
2014-02-28,0.2781
2014-03-03,-0.738
2014-03-04,1.5266
2014-03-05,-0.0055
2014-03-06,0.1717
2014-03-07,0.0536
2014-03-10,-0.0465
2014-03-11,-0.5084
2014-03-12,0.0304
2014-03-13,-1.1702
2014-03-14,-0.2823
2014-03-17,0.9612
2014-03-18,0.7218
2014-03-19,-0.6133
2014-03-20,0.6039
2014-03-21,-0.2934
2014-03-24,-0.4866
2014-03-25,0.4403
2014-03-26,-0.7002
2014-03-27,-0.1901
2014-03-28,0.4639
2014-03-31,0.7923
2014-04-01,0.7038
2014-04-02,0.2853
2014-04-03,-0.1127
2014-04-04,-1.2538
2014-04-07,-1.0751
2014-04-08,0.375
2014-04-09,1.0917
2014-04-10,-2.0886
2014-04-11,-0.9488
2014-04-14,0.8216
2014-04-15,0.6756
2014-04-16,1.0487
2014-04-17,0.1363
2014-04-21,0.3774
2014-04-22,0.4091
2014-04-23,-0.2214
2014-04-24,0.1717
2014-04-25,-0.8097
2014-04-28,0.3235
2014-04-29,0.476
2014-04-30,0.2991
2014-05-01,-0.0144
2014-05-02,-0.1349
2014-05-05,0.187
2014-05-06,-0.8989
2014-05-07,0.5616
2014-05-08,-0.1374
2014-05-09,0.1519
2014-05-12,0.9672
2014-05-13,0.0421
2014-05-14,-0.4702
2014-05-15,-0.9363
2014-05-16,0.3746
2014-05-19,0.3844
2014-05-20,-0.6499
2014-05-21,0.8115
2014-05-22,0.2361
2014-05-23,0.4247
2014-05-27,0.5987
2014-05-28,-0.1115
2014-05-29,0.5366
2014-05-30,0.1843
2014-06-02,0.0727
2014-06-03,-0.038
2014-06-04,0.1891
2014-06-05,0.6524
2014-06-06,0.4627
2014-06-09,0.0938
2014-06-10,-0.0247
2014-06-11,-0.3538
2014-06-12,-0.709
2014-06-13,0.3133
2014-06-16,0.0836
2014-06-17,0.2171
2014-06-18,0.7718
2014-06-19,0.1277
2014-06-20,0.1729
2014-06-23,-0.0133
2014-06-24,-0.6436
2014-06-25,0.4897
2014-06-26,-0.118
2014-06-27,0.191
2014-06-30,-0.0373
2014-07-01,0.6677
2014-07-02,0.0658
2014-07-03,0.5479
2014-07-07,-0.3925
2014-07-08,-0.705
2014-07-09,0.4643
2014-07-10,-0.4132
2014-07-11,0.147
2014-07-14,0.4843
2014-07-15,-0.1933
2014-07-16,0.4201
2014-07-17,-1.1835
2014-07-18,1.0264
2014-07-21,-0.2321
2014-07-22,0.5015
2014-07-23,0.1754
2014-07-24,0.0487
2014-07-25,-0.485
2014-07-28,0.0287
2014-07-29,-0.4528
2014-07-30,0.006
2014-07-31,-2.0
2014-08-01,-0.286
2014-08-04,0.7188
2014-08-05,-0.9686
2014-08-06,0.0015
2014-08-07,-0.5557
2014-08-08,1.1531
2014-08-11,0.2758
2014-08-12,-0.1637
2014-08-13,0.6706
2014-08-14,0.4345
2014-08-15,-0.0062
2014-08-18,0.8531
2014-08-19,0.5
2014-08-20,0.2477
2014-08-21,0.2949
2014-08-22,-0.1993
2014-08-25,0.4787
2014-08-26,0.105
2014-08-27,0.0049
2014-08-28,-0.1691
2014-08-29,0.332
2014-09-02,-0.0545
2014-09-03,-0.078
2014-09-04,-0.1535
2014-09-05,0.5035
2014-09-08,-0.3074
2014-09-09,-0.6546
2014-09-10,0.3646
2014-09-11,0.0881
2014-09-12,-0.5963
2014-09-15,-0.0711
2014-09-16,0.7484
2014-09-17,0.1295
2014-09-18,0.4891
2014-09-19,-0.0478
2014-09-22,-0.8014
2014-09-23,-0.5777
2014-09-24,0.7832
2014-09-25,-1.6169
2014-09-26,0.8576
2014-09-29,-0.2547
2014-09-30,-0.2786
2014-10-01,-1.3249
2014-10-02,0.0005
2014-10-03,1.1165
2014-10-06,-0.1566
2014-10-07,-1.5127
2014-10-08,1.7461
2014-10-09,-2.0662
2014-10-10,-1.1451
2014-10-13,NaN
2014-10-14,0.1578
2014-10-15,-0.8101
2014-10-16,0.0144
2014-10-17,1.2884
2014-10-20,0.9142
2014-10-21,1.9574
2014-10-22,-0.73
2014-10-23,1.2303
2014-10-24,0.7053
2014-10-27,-0.1502
2014-10-28,1.1938
2014-10-29,-0.1386
2014-10-30,0.623
2014-10-31,1.1731
2014-11-03,-0.0119
2014-11-04,-0.2831
2014-11-05,0.57
2014-11-06,0.3775
2014-11-07,0.0349
2014-11-10,0.312
2014-11-11,NaN
2014-11-12,-0.0702
2014-11-13,0.0529
2014-11-14,0.024
2014-11-17,0.0735
2014-11-18,0.5133
2014-11-19,-0.1501
2014-11-20,0.1967
2014-11-21,0.5237
2014-11-24,0.2864
2014-11-25,-0.1151
2014-11-26,0.2805
2014-11-28,-0.2543
2014-12-01,-0.683
2014-12-02,0.6384
2014-12-03,0.3764
2014-12-04,-0.1162
2014-12-05,0.1665
2014-12-08,-0.7257
2014-12-09,-0.0239
2014-12-10,-1.6352
2014-12-11,0.4535
2014-12-12,-1.6214
2014-12-15,-0.6344
2014-12-16,-0.849
2014-12-17,2.0352
2014-12-18,2.4014
2014-12-19,0.4569
2014-12-22,0.3809
2014-12-23,0.1746
2014-12-24,-0.014
2014-12-26,0.3309
2014-12-29,0.0861
2014-12-30,-0.4889
2014-12-31,-1.0312
2015-01-02,-0.0341
2015-01-05,-1.8279
2015-01-06,-0.8894
2015-01-07,1.1629
2015-01-08,1.7888
2015-01-09,-0.8404
2015-01-12,-0.8094
2015-01-13,-0.2579
2015-01-14,-0.5814
2015-01-15,-0.9249
2015-01-16,1.3423
2015-01-20,0.1549
2015-01-21,0.4731
2015-01-22,1.5269
2015-01-23,-0.5492
2015-01-26,0.2568
2015-01-27,-1.3388
2015-01-28,-1.3496
2015-01-29,0.9534
2015-01-30,-1.2993
2015-02-02,1.2962
2015-02-03,1.4439
2015-02-04,-0.4156
2015-02-05,1.0291
2015-02-06,-0.3419
2015-02-09,-0.4247
2015-02-10,1.0675
2015-02-11,-0.0029
2015-02-12,0.9644
2015-02-13,0.4074
2015-02-17,0.1597
2015-02-18,-0.0315
2015-02-19,-0.1063
2015-02-20,0.6126
2015-02-23,-0.0304
2015-02-24,0.2758
2015-02-25,-0.0766
2015-02-26,-0.1477
2015-02-27,-0.2957
2015-03-02,0.6124
2015-03-03,-0.4539
2015-03-04,-0.4389
2015-03-05,0.1196
2015-03-06,-1.4174
2015-03-09,0.3944
2015-03-10,-1.6962
2015-03-11,-0.1918
2015-03-12,1.2601
2015-03-13,-0.6076
2015-03-16,1.3532
2015-03-17,-0.3322
2015-03-18,1.2158
2015-03-19,-0.4873
2015-03-20,0.9012
2015-03-23,-0.1746
2015-03-24,-0.614
2015-03-25,-1.456
2015-03-26,-0.2378
2015-03-27,0.2367
2015-03-30,1.2236
2015-03-31,-0.8797
2015-04-01,-0.3966
2015-04-02,0.3529
2015-04-03,NaN
2015-04-06,NaN
2015-04-07,-0.2062
2015-04-08,0.2682
2015-04-09,0.4457
2015-04-10,0.5202
2015-04-13,-0.4582
2015-04-14,0.1629
2015-04-15,0.5148
2015-04-16,-0.0779
2015-04-17,-1.1311
2015-04-20,0.9234
2015-04-21,-0.1482
2015-04-22,0.5087
2015-04-23,0.2357
2015-04-24,0.2252
2015-04-27,-0.4142
2015-04-28,0.2769
2015-04-29,-0.3741
2015-04-30,-1.0129
2015-05-01,1.0923
2015-05-04,0.294
2015-05-05,-1.1838
2015-05-06,-0.4456
2015-05-07,0.3773
2015-05-08,1.3458
2015-05-11,-0.509
2015-05-12,-0.295
2015-05-13,-0.0305
2015-05-14,1.0779
2015-05-15,0.0768
2015-05-18,0.3047
2015-05-19,-0.0644
2015-05-20,-0.0931
2015-05-21,0.2337
2015-05-22,-0.2234
2015-05-26,-1.0282
2015-05-27,0.9162
2015-05-28,-0.1267
2015-05-29,-0.6319
2015-06-01,0.2059
2015-06-02,-0.1009
2015-06-03,0.2118
2015-06-04,-0.8624
2015-06-05,-0.1437
2015-06-08,-0.6475
2015-06-09,0.0418
2015-06-10,1.2042
2015-06-11,0.1738
2015-06-12,-0.6995
2015-06-15,-0.4623
2015-06-16,0.569
2015-06-17,0.1979
2015-06-18,0.9902
2015-06-19,-0.5304
2015-06-22,0.6095
2015-06-23,0.0636
2015-06-24,-0.7354
2015-06-25,-0.2974
2015-06-26,-0.039
2015-06-29,-2.0867
2015-06-30,0.2658
2015-07-01,0.6936
2015-07-02,-0.0308
2015-07-06,-0.3862
2015-07-07,0.608
2015-07-08,-1.6653
2015-07-09,0.2261
2015-07-10,1.2338
2015-07-13,1.1066
2015-07-14,0.4453
2015-07-15,-0.0736
2015-07-16,0.8014
2015-07-17,0.1105
2015-07-20,0.077
2015-07-21,-0.4262
2015-07-22,-0.2389
2015-07-23,-0.5677
2015-07-24,-1.0704
2015-07-27,-0.5776
2015-07-28,1.2385
2015-07-29,0.7317
2015-07-30,0.0027
2015-07-31,-0.2274
2015-08-03,-0.2759
2015-08-04,-0.2252
2015-08-05,0.3112
2015-08-06,-0.7754
2015-08-07,-0.2877
2015-08-10,1.2805
2015-08-11,-0.956
2015-08-12,0.0947
2015-08-13,-0.1278
2015-08-14,0.3909
2015-08-17,0.5209
2015-08-18,-0.2627
2015-08-19,-0.8256
2015-08-20,-2.1101
2015-08-21,-3.1852
2015-08-24,-3.9415
2015-08-25,-1.3524
2015-08-26,3.9032
2015-08-27,2.4296
2015-08-28,0.0607
2015-08-31,-0.8394
2015-09-01,-2.9577
2015-09-02,1.8292
2015-09-03,0.1164
2015-09-04,-1.533
2015-09-08,2.5081
2015-09-09,-1.3898
2015-09-10,0.5277
2015-09-11,0.4486
2015-09-14,-0.4092
2015-09-15,1.2829
2015-09-16,0.8704
2015-09-17,-0.2561
2015-09-18,-1.6164
2015-09-21,0.4566
2015-09-22,-1.2318
2015-09-23,-0.2049
2015-09-24,-0.3363
2015-09-25,-0.0466
2015-09-28,-2.5666
2015-09-29,0.1233
2015-09-30,1.9076
2015-10-01,0.1974
2015-10-02,1.4315
2015-10-05,1.829
2015-10-06,-0.3588
2015-10-07,0.8036
2015-10-08,0.8819
2015-10-09,0.0725
2015-10-12,NaN
2015-10-13,-0.6826
2015-10-14,-0.4716
2015-10-15,1.4852
2015-10-16,0.457
2015-10-19,0.027
2015-10-20,-0.1422
2015-10-21,-0.5826
2015-10-22,1.6628
2015-10-23,1.103
2015-10-26,-0.1914
2015-10-27,-0.2555
2015-10-28,1.1839
2015-10-29,-0.0452
2015-10-30,-0.4812
2015-11-02,1.1872
2015-11-03,0.2726
2015-11-04,-0.3547
2015-11-05,-0.1133
2015-11-06,-0.035
2015-11-09,-0.9827
2015-11-10,0.1507
2015-11-11,NaN
2015-11-12,-1.3994
2015-11-13,-1.1211
2015-11-16,1.4899
2015-11-17,-0.1343
2015-11-18,1.6159
2015-11-19,-0.1126
2015-11-20,0.3807
2015-11-23,-0.1239
2015-11-24,0.1218
2015-11-25,-0.0135
2015-11-27,0.0589
2015-11-30,-0.4647
2015-12-01,1.0675
2015-12-02,-1.1002
2015-12-03,-1.4379
2015-12-04,2.052
2015-12-07,-0.6998
2015-12-08,-0.6497
2015-12-09,-0.7746
2015-12-10,0.2245
2015-12-11,-1.9429
2015-12-14,0.4748
2015-12-15,1.0612
2015-12-16,1.4507
2015-12-17,-1.5047
2015-12-18,-1.7803
2015-12-21,0.7772
2015-12-22,0.8811
2015-12-23,1.2412
2015-12-24,-0.1604
2015-12-28,-0.2185
2015-12-29,1.0623
2015-12-30,-0.7223
2015-12-31,-0.9416
2016-01-04,-1.531
2016-01-05,0.2007
2016-01-06,-1.3121
2016-01-07,-2.3706
2016-01-08,-1.0844
2016-01-11,0.0847
2016-01-12,0.7797
2016-01-13,-2.4972
2016-01-14,1.6689
2016-01-15,-2.1605
2016-01-19,0.0525
2016-01-20,-1.1701
2016-01-21,0.5188
2016-01-22,2.0275
2016-01-25,-1.5647
2016-01-26,1.4136
2016-01-27,-1.0872
2016-01-28,0.5519
2016-01-29,2.4751
2016-02-01,-0.0453
2016-02-02,-1.8753
2016-02-03,0.4983
2016-02-04,0.1519
2016-02-05,-1.8489
2016-02-08,-1.4163
2016-02-09,-0.0672
2016-02-10,-0.0198
2016-02-11,-1.2309
2016-02-12,1.951
2016-02-16,1.6508
2016-02-17,1.6472
2016-02-18,-0.4674
2016-02-19,-0.0034
2016-02-22,1.4445
2016-02-23,-1.2463
2016-02-24,0.4431
2016-02-25,1.1339
2016-02-26,-0.1879
2016-02-29,-0.813
2016-03-01,2.386
2016-03-02,0.4085
2016-03-03,0.3491
2016-03-04,0.3298
2016-03-07,0.0876
2016-03-08,-1.1248
2016-03-09,0.5044
2016-03-10,0.0147
2016-03-11,1.6387
2016-03-14,-0.127
2016-03-15,-0.1846
2016-03-16,0.5592
2016-03-17,0.6587
2016-03-18,0.4398
2016-03-21,0.0977
2016-03-22,-0.0886
2016-03-23,-0.6394
2016-03-24,-0.0386
2016-03-28,0.0537
2016-03-29,0.881
2016-03-30,0.4345
2016-03-31,-0.2046
2016-04-01,0.6325
2016-04-04,-0.3215
2016-04-05,-1.0151
2016-04-06,1.0501
2016-04-07,-1.1982
2016-04-08,0.278
2016-04-11,-0.2746
2016-04-12,0.9656
2016-04-13,1.0034
2016-04-14,0.0167
2016-04-15,-0.099
2016-04-18,0.6535
2016-04-19,0.3079
2016-04-20,0.0755
2016-04-21,-0.52
2016-04-22,0.0041
2016-04-25,-0.1819
2016-04-26,0.1866
2016-04-27,0.1643
2016-04-28,-0.9237
2016-04-29,-0.5069
2016-05-02,0.7804
2016-05-03,-0.8683
2016-05-04,-0.5942
2016-05-05,-0.0244
2016-05-06,0.3169
2016-05-09,0.0747
2016-05-10,1.2477
2016-05-11,-0.9569
2016-05-12,-0.0177
2016-05-13,-0.8486
2016-05-16,0.9789
2016-05-17,-0.9419
2016-05-18,0.0197
2016-05-19,-0.3715
2016-05-20,0.6011
2016-05-23,-0.2095
2016-05-24,1.3672
2016-05-25,0.6966
2016-05-26,-0.0219
2016-05-27,0.4278
2016-05-31,-0.101
2016-06-01,0.1122
2016-06-02,0.2817
2016-06-03,-0.292
2016-06-06,0.4889
2016-06-07,0.1282
2016-06-08,0.3303
2016-06-09,-0.1725
2016-06-10,-0.9182
2016-06-13,-0.8123
2016-06-14,-0.1806
2016-06-15,-0.1848
2016-06-16,0.3125
2016-06-17,-0.3265
2016-06-20,0.58
2016-06-21,0.2705
2016-06-22,-0.1659
2016-06-23,1.3356
2016-06-24,-3.5927
2016-06-27,-1.8104
2016-06-28,1.7763
2016-06-29,1.7025
2016-06-30,1.3558
2016-07-01,0.1941
2016-07-05,-0.6855
2016-07-06,0.5345
2016-07-07,-0.088
2016-07-08,1.5246
2016-07-11,0.34
2016-07-12,0.7001
2016-07-13,0.0126
2016-07-14,0.5251
2016-07-15,-0.0938
2016-07-18,0.2373
2016-07-19,-0.1444
2016-07-20,0.4261
2016-07-21,-0.3621
2016-07-22,0.4545
2016-07-25,-0.302
2016-07-26,0.0314
2016-07-27,-0.1207
2016-07-28,0.1599
2016-07-29,0.1624
2016-08-01,-0.1278
2016-08-02,-0.637
2016-08-03,0.3126
2016-08-04,0.0205
2016-08-05,0.8596
2016-08-08,-0.0916
2016-08-09,0.0382
2016-08-10,-0.2872
2016-08-11,0.4727
2016-08-12,-0.0804
2016-08-15,0.2784
2016-08-16,-0.5487
2016-08-17,0.186
2016-08-18,0.2192
2016-08-19,-0.1448
2016-08-22,-0.0571
2016-08-23,0.1943
2016-08-24,-0.5249
2016-08-25,-0.1374
2016-08-26,-0.1588
2016-08-29,0.5219
2016-08-30,-0.1963
2016-08-31,-0.2385
2016-09-01,-0.0051
2016-09-02,0.4192
2016-09-06,0.2973
2016-09-07,-0.0156
2016-09-08,-0.2233
2016-09-09,-2.4532
2016-09-12,1.4667
2016-09-13,-1.4841
2016-09-14,-0.0597
2016-09-15,1.0101
2016-09-16,-0.378
2016-09-19,-0.0027
2016-09-20,0.0291
2016-09-21,1.0911
2016-09-22,0.6495
2016-09-23,-0.5742
2016-09-26,-0.8595
2016-09-27,0.6437
2016-09-28,0.5289
2016-09-29,-0.9329
2016-09-30,0.796
2016-10-03,-0.327
2016-10-04,-0.4965
2016-10-05,0.4288
2016-10-06,0.0473
2016-10-07,-0.3262
2016-10-10,NaN
2016-10-11,-1.2456
2016-10-12,0.1137
2016-10-13,-0.3107
2016-10-14,0.0193
2016-10-17,-0.3047
2016-10-18,0.6151
2016-10-19,0.2183
2016-10-20,-0.1385
2016-10-21,-0.0093
2016-10-24,0.4741
2016-10-25,-0.3807
2016-10-26,-0.175
2016-10-27,-0.2995
2016-10-28,-0.3116
2016-10-31,-0.0132
2016-11-01,-0.6797
2016-11-02,-0.6535
2016-11-03,-0.4434
2016-11-04,-0.1676
2016-11-07,2.2212
2016-11-08,0.376
2016-11-09,1.1065
2016-11-10,0.1938
2016-11-11,NaN
2016-11-14,-0.0131
2016-11-15,0.7467
2016-11-16,-0.1595
2016-11-17,0.4664
2016-11-18,-0.2399
2016-11-21,0.7449
2016-11-22,0.2152
2016-11-23,0.0794
2016-11-25,0.3901
2016-11-28,-0.5268
2016-11-29,0.1322
2016-11-30,-0.2667
2016-12-01,-0.3529
2016-12-02,0.0384
2016-12-05,0.5808
2016-12-06,0.3397
2016-12-07,1.3149
2016-12-08,0.2146
2016-12-09,0.5924
2016-12-12,-0.1152
2016-12-13,0.6525
2016-12-14,-0.8132
2016-12-15,0.3869
2016-12-16,-0.1765
2016-12-19,0.1961
2016-12-20,0.3623
2016-12-21,-0.2472
2016-12-22,-0.1877
2016-12-23,0.1238
2016-12-27,0.2234
2016-12-28,-0.8371
2016-12-29,-0.0306
2016-12-30,-0.4651
2017-01-03,0.8472
2017-01-04,0.5708
2017-01-05,-0.0785
2017-01-06,0.3503
2017-01-09,-0.3562
2017-01-10,-0.0014
2017-01-11,0.2815
2017-01-12,-0.2159
2017-01-13,0.1835
2017-01-17,-0.2983
2017-01-18,0.1749
2017-01-19,-0.3624
2017-01-20,0.3353
2017-01-23,-0.2704
2017-01-24,0.6551
2017-01-25,0.8012
2017-01-26,-0.0749
2017-01-27,-0.0881
2017-01-30,-0.6024
2017-01-31,-0.0904
2017-02-01,0.0284
2017-02-02,0.0556
2017-02-03,0.7251
2017-02-06,-0.213
2017-02-07,0.0212
2017-02-08,0.0679
2017-02-09,0.5738
2017-02-10,0.3551
2017-02-13,0.5231
2017-02-14,0.3992
2017-02-15,0.4978
2017-02-16,-0.0879
2017-02-17,0.1664
2017-02-21,0.6033
2017-02-22,-0.1097
2017-02-23,0.0405
2017-02-24,0.1479
2017-02-27,0.1004
2017-02-28,-0.2593
2017-03-01,1.3657
2017-03-02,-0.5878
2017-03-03,0.0484
2017-03-06,-0.3298
2017-03-07,-0.2934
2017-03-08,-0.2304
2017-03-09,0.078
2017-03-10,0.3248
2017-03-13,0.0345
2017-03-14,-0.34
2017-03-15,0.8355
2017-03-16,-0.1647
2017-03-17,-0.1334
2017-03-20,-0.2031
2017-03-21,-1.2429
2017-03-22,0.1869
2017-03-23,-0.1081
2017-03-24,-0.0865
2017-03-27,-0.1041
2017-03-28,0.723
2017-03-29,0.1064
2017-03-30,0.2914
2017-03-31,-0.2276
2017-04-03,-0.1664
2017-04-04,0.0538
2017-04-05,-0.3077
2017-04-06,0.1908
2017-04-07,-0.085
2017-04-10,0.0665
2017-04-11,-0.1456
2017-04-12,-0.3782
2017-04-13,-0.6837
2017-04-17,0.8591
2017-04-18,-0.2926
2017-04-19,-0.1739
2017-04-20,0.7536
2017-04-21,-0.3057
2017-04-24,1.0818
2017-04-25,0.6068
2017-04-26,-0.0508
2017-04-27,0.0531
2017-04-28,-0.1935
2017-05-01,0.1709
2017-05-02,0.1167
2017-05-03,-0.1295
2017-05-04,0.0559
2017-05-05,0.4064
2017-05-08,0.0012
2017-05-09,-0.105
2017-05-10,0.1106
2017-05-11,-0.2187
2017-05-12,-0.1502
2017-05-15,0.4752
2017-05-16,-0.0712
2017-05-17,-1.8203
2017-05-18,0.3662
2017-05-19,0.6742
2017-05-22,0.5135
2017-05-23,0.1813
2017-05-24,0.2464
2017-05-25,0.4416
2017-05-26,0.0285
2017-05-30,-0.123
2017-05-31,-0.0487
2017-06-01,0.7544
2017-06-02,0.3681
2017-06-05,-0.1244
2017-06-06,-0.2806
2017-06-07,0.1541
2017-06-08,0.024
2017-06-09,-0.0858
2017-06-12,-0.1006
2017-06-13,0.4484
2017-06-14,-0.1023
2017-06-15,-0.2267
2017-06-16,0.0256
2017-06-19,0.8319
2017-06-20,-0.6724
2017-06-21,-0.061
2017-06-22,-0.0482
2017-06-23,0.1534
2017-06-26,0.0289
2017-06-27,-0.81
2017-06-28,0.878
2017-06-29,-0.8628
2017-06-30,0.1505
2017-07-03,0.2282
2017-07-05,0.1425
2017-07-06,-0.9397
2017-07-07,0.6375
2017-07-10,0.0899
2017-07-11,-0.0811
2017-07-12,0.7277
2017-07-13,0.1846
2017-07-14,0.4645
2017-07-17,-0.0082
2017-07-18,0.0569
2017-07-19,0.5342
2017-07-20,-0.0185
2017-07-21,-0.04
2017-07-24,-0.1096
2017-07-25,0.2891
2017-07-26,0.0252
2017-07-27,-0.1003
2017-07-28,-0.1371
2017-07-31,-0.0757
2017-08-01,0.242
2017-08-02,0.0463
2017-08-03,-0.2213
2017-08-04,0.186
2017-08-07,0.1619
2017-08-08,-0.2443
2017-08-09,-0.0393
2017-08-10,-1.4503
2017-08-11,0.1247
2017-08-14,1.0016
2017-08-15,-0.0527
2017-08-16,0.1392
2017-08-17,-1.5464
2017-08-18,-0.1863
2017-08-21,0.1135
2017-08-22,0.9913
2017-08-23,-0.3481
2017-08-24,-0.2102
2017-08-25,0.1645
2017-08-28,0.046
2017-08-29,0.0815
2017-08-30,0.4587
2017-08-31,0.5694
2017-09-01,0.1955
2017-09-05,-0.7579
2017-09-06,0.31
2017-09-07,-0.0207
2017-09-08,-0.1517
2017-09-11,1.081
2017-09-12,0.3336
2017-09-13,0.0729
2017-09-14,-0.1129
2017-09-15,0.1819
2017-09-18,0.1427
2017-09-19,0.1082
2017-09-20,0.0606
2017-09-21,-0.3074
2017-09-22,0.062
2017-09-25,-0.2251
2017-09-26,0.0043
2017-09-27,0.4056
2017-09-28,0.1176
2017-09-29,0.3676
2017-10-02,0.3846
2017-10-03,0.213
2017-10-04,0.1217
2017-10-05,0.5618
2017-10-06,-0.1103
2017-10-09,NaN
2017-10-10,0.2293
2017-10-11,0.1773
2017-10-12,-0.1716
2017-10-13,0.0848
2017-10-16,0.172
2017-10-17,0.0643
2017-10-18,0.0713
2017-10-19,0.0298
2017-10-20,0.5087
2017-10-23,-0.4003
2017-10-24,0.1587
2017-10-25,-0.4694
2017-10-26,0.1241
2017-10-27,0.8043
2017-10-30,-0.3223
2017-10-31,0.0913
2017-11-01,0.156
2017-11-02,0.0158
2017-11-03,0.3065
2017-11-06,0.1239
2017-11-07,-0.0222
2017-11-08,0.141
2017-11-09,-0.3796
2017-11-10,-0.0931
2017-11-13,0.095
2017-11-14,-0.2344
2017-11-15,-0.556
2017-11-16,0.8161
2017-11-17,-0.2661
2017-11-20,0.124
2017-11-21,0.6505
2017-11-22,-0.0786
2017-11-24,0.2021
2017-11-27,-0.0419
2017-11-28,0.9813
2017-11-29,-0.0405
2017-11-30,0.8156
2017-12-01,-0.2059
2017-12-04,-0.1088
2017-12-05,-0.3775
2017-12-06,-0.015
2017-12-07,0.2897
2017-12-08,0.5471
2017-12-11,0.3166
2017-12-12,0.1512
2017-12-13,-0.0509
2017-12-14,-0.4107
2017-12-15,0.8938
2017-12-18,0.5325
2017-12-19,-0.3268
2017-12-20,-0.0866
2017-12-21,0.1949
2017-12-22,-0.0495
2017-12-26,-0.1099
2017-12-27,0.0751
2017-12-28,0.1796
2017-12-29,-0.5221
2018-01-02,0.8264
2018-01-03,0.636
2018-01-04,0.399
2018-01-05,0.6996
2018-01-08,0.1623
2018-01-09,0.1263
2018-01-10,-0.1151
2018-01-11,0.6994
2018-01-12,0.671
2018-01-16,-0.3564
2018-01-17,0.9375
2018-01-18,-0.1656
2018-01-19,0.4346
2018-01-22,0.8027
2018-01-23,0.2135
2018-01-24,-0.0599
2018-01-25,0.0564
2018-01-26,1.1802
2018-01-29,-0.6772
2018-01-30,-1.0938
2018-01-31,0.0449
2018-02-01,-0.0689
2018-02-02,-2.1249
2018-02-05,-4.1021
2018-02-06,1.7399
2018-02-07,-0.5044
2018-02-08,-3.7579
2018-02-09,1.4893
2018-02-12,1.387
2018-02-13,0.2569
2018-02-14,1.3359
2018-02-15,1.2026
2018-02-16,0.0329
2018-02-20,-0.5887
2018-02-21,-0.5542
2018-02-22,0.0929
2018-02-23,1.5984
2018-02-26,1.1711
2018-02-27,-1.2753
2018-02-28,-1.1141
2018-03-01,-1.3369
2018-03-02,0.5026
2018-03-05,1.0986
2018-03-06,0.2593
2018-03-07,-0.053
2018-03-08,0.4417
2018-03-09,1.7333
2018-03-12,-0.1321
2018-03-13,-0.6411
2018-03-14,-0.5773
2018-03-15,-0.083
2018-03-16,0.1655
2018-03-19,-1.4253
2018-03-20,0.1432
2018-03-21,-0.1892
2018-03-22,-2.521
2018-03-23,-2.1015
2018-03-26,2.7108
2018-03-27,-1.7325
2018-03-28,-0.2964
2018-03-29,1.3722
2018-04-02,-2.2386
2018-04-03,1.2567
2018-04-04,1.152
2018-04-05,0.6816
2018-04-06,-2.1968
2018-04-09,0.3288
2018-04-10,1.6679
2018-04-11,-0.5573
2018-04-12,0.8203
2018-04-13,-0.2935
2018-04-16,0.806
2018-04-17,1.0612
2018-04-18,0.0782
2018-04-19,-0.5776
2018-04-20,-0.8586
2018-04-23,0.0005
2018-04-24,-1.3432
2018-04-25,0.1786
2018-04-26,1.0384
2018-04-27,0.1064
2018-04-30,-0.8239
2018-05-01,0.2498
2018-05-02,-0.7256
2018-05-03,-0.2304
2018-05-04,1.2761
2018-05-07,0.3407
2018-05-08,-0.0317
2018-05-09,0.9631
2018-05-10,0.9319
2018-05-11,0.1655
2018-05-14,0.0831
2018-05-15,-0.6895
2018-05-16,0.4008
2018-05-17,-0.0908
2018-05-18,-0.2684
2018-05-21,0.7334
2018-05-22,-0.3189
2018-05-23,0.3196
2018-05-24,-0.2075
2018-05-25,-0.2409
2018-05-29,-1.1617
2018-05-30,1.2643
2018-05-31,-0.6932
2018-06-01,1.0797
2018-06-04,0.4426
2018-06-05,0.0649
2018-06-06,0.8514
2018-06-07,-0.0767
2018-06-08,0.3073
2018-06-11,0.1016
2018-06-12,0.1691
2018-06-13,-0.4079
2018-06-14,0.2419
2018-06-15,-0.107
2018-06-18,-0.2179
2018-06-19,-0.4077
2018-06-20,0.1659
2018-06-21,-0.6398
2018-06-22,0.1809
2018-06-25,-1.3778
2018-06-26,0.2152
2018-06-27,-0.8657
2018-06-28,0.6126
2018-06-29,0.0706
2018-07-02,0.3014
2018-07-03,-0.5001
2018-07-05,0.8567
2018-07-06,0.8428
2018-07-09,0.8769
2018-07-10,0.3419
2018-07-11,-0.7148
2018-07-12,0.8695
2018-07-13,0.1025
2018-07-16,-0.1083
2018-07-17,0.3919
2018-07-18,0.2106
2018-07-19,-0.4008
2018-07-20,-0.1003
2018-07-23,0.1784
2018-07-24,0.4726
2018-07-25,0.9047
2018-07-26,-0.3087
2018-07-27,-0.6617
2018-07-30,-0.581
2018-07-31,0.4829
2018-08-01,-0.1096
2018-08-02,0.4871
2018-08-03,0.4589
2018-08-06,0.3482
2018-08-07,0.2768
2018-08-08,-0.0319
2018-08-09,-0.1498
2018-08-10,-0.717
2018-08-13,-0.4062
2018-08-14,0.6332
2018-08-15,-0.7659
2018-08-16,0.7863
2018-08-17,0.3267
2018-08-20,0.2371
2018-08-21,0.2012
2018-08-22,-0.0455
2018-08-23,-0.1748
2018-08-24,0.6142
2018-08-27,0.7612
2018-08-28,0.0211
2018-08-29,0.5643
2018-08-30,-0.4488
2018-08-31,0.0077
2018-09-04,-0.1713
2018-09-05,-0.2862
2018-09-06,-0.371
2018-09-07,-0.2272
2018-09-10,0.1839
2018-09-11,0.3681
2018-09-12,0.0298
2018-09-13,0.5223
2018-09-14,0.0216
2018-09-17,-0.5629
2018-09-18,0.531
2018-09-19,0.1194
2018-09-20,0.7781
2018-09-21,-0.0428
2018-09-24,-0.3576
2018-09-25,-0.1366
2018-09-26,-0.3349
2018-09-27,0.2704
2018-09-28,-0.0067
2018-10-01,0.358
2018-10-02,-0.0458
2018-10-03,0.065
2018-10-04,-0.823
2018-10-05,-0.5589
2018-10-08,NaN
2018-10-09,-0.148
2018-10-10,-3.2926
2018-10-11,-2.0635
2018-10-12,1.4144
2018-10-15,-0.5968
2018-10-16,2.1433
2018-10-17,-0.0316
2018-10-18,-1.4455
2018-10-19,-0.0424
2018-10-22,-0.4364
2018-10-23,-0.5576
2018-10-24,-3.0928
2018-10-25,1.8561
2018-10-26,-1.7391
2018-10-29,-0.6624
2018-10-30,1.5603
2018-10-31,1.0787
2018-11-01,1.0495
2018-11-02,-0.638
2018-11-05,0.5536
2018-11-06,0.6195
2018-11-07,2.1144
2018-11-08,-0.2573
2018-11-09,-0.9263
2018-11-12,NaN
2018-11-13,-0.1547
2018-11-14,-0.7632
2018-11-15,1.0529
2018-11-16,0.2159
2018-11-19,-1.6708
2018-11-20,-1.8216
2018-11-21,0.2978
2018-11-23,-0.6621
2018-11-26,1.5466
2018-11-27,0.3196
2018-11-28,2.2908
2018-11-29,-0.2262
2018-11-30,0.8121
2018-12-03,1.0876
2018-12-04,-3.2431
2018-12-06,-0.1588
2018-12-07,-2.3386
2018-12-10,0.1696
2018-12-11,-0.0422
2018-12-12,0.5353
2018-12-13,-0.0266
2018-12-14,-1.9153
2018-12-17,-2.0839
2018-12-18,0.0021
2018-12-19,-1.5461
2018-12-20,-1.5837
2018-12-21,-2.0653
2018-12-24,-2.7179
2018-12-26,4.9527
2018-12-27,0.8497
2018-12-28,-0.1307
2018-12-31,0.8426
2019-01-02,0.1202
2019-01-03,-2.4822
2019-01-04,3.427
2019-01-07,0.6943
2019-01-08,0.9628
2019-01-09,0.4031
2019-01-10,0.4452
2019-01-11,-0.0213
2019-01-14,-0.5324
2019-01-15,1.0655
2019-01-16,0.2156
2019-01-17,0.7525
2019-01-18,1.3117
2019-01-22,-1.4224
2019-01-23,0.2137
2019-01-24,0.1311
2019-01-25,0.8424
2019-01-28,-0.7913
2019-01-29,-0.1522
2019-01-30,1.5483
2019-01-31,0.8532
2019-02-01,0.0833
2019-02-04,0.671
2019-02-05,0.4642
2019-02-06,-0.2291
2019-02-07,-0.9423
2019-02-08,0.061
2019-02-11,0.0642
2019-02-12,1.2824
2019-02-13,0.2957
2019-02-14,-0.2718
2019-02-15,1.0812
2019-02-19,0.1432
2019-02-20,0.171
2019-02-21,-0.3593
2019-02-22,0.6344
2019-02-25,0.1164
2019-02-26,-0.0857
2019-02-27,-0.0611
2019-02-28,-0.2892
2019-03-01,0.6829
2019-03-04,-0.3948
2019-03-05,-0.1199
2019-03-06,-0.6591
2019-03-07,-0.8193
2019-03-08,-0.2199
2019-03-11,1.4599
2019-03-12,0.2886
2019-03-13,0.6883
2019-03-14,-0.0935
2019-03-15,0.4918
2019-03-18,0.3639
2019-03-19,-0.0198
2019-03-20,-0.3012
2019-03-21,1.0785
2019-03-22,-1.9042
2019-03-25,-0.0906
2019-03-26,0.7116
2019-03-27,-0.4711
2019-03-28,0.3523
2019-03-29,0.6669
2019-04-01,1.1502
2019-04-02,-0.0049
2019-04-03,0.2082
2019-04-04,0.2018
2019-04-05,0.457
2019-04-08,0.0981
2019-04-09,-0.6134
2019-04-10,0.3412
2019-04-11,-0.0028
2019-04-12,0.6543
2019-04-15,-0.0696
2019-04-16,0.0443
2019-04-17,-0.234
2019-04-18,0.1513
2019-04-22,0.0945
2019-04-23,0.8774
2019-04-24,-0.2258
2019-04-25,-0.0435
2019-04-26,0.4619
2019-04-29,0.1005
2019-04-30,0.0885
2019-05-01,-0.7568
2019-05-02,-0.2191
2019-05-03,0.9572
2019-05-06,-0.4538
2019-05-07,-1.6578
2019-05-08,-0.1672
2019-05-09,-0.3088
2019-05-10,0.3654
2019-05-13,-2.4196
2019-05-14,0.795
2019-05-15,0.5773
2019-05-16,0.883
2019-05-17,-0.5903
2019-05-20,-0.6815
2019-05-21,0.8431
2019-05-22,-0.2889
2019-05-23,-1.1979
2019-05-24,0.1289
2019-05-28,-0.844
2019-05-29,-0.6977
2019-05-30,0.2034
2019-05-31,-1.3259
2019-06-03,-0.2829
2019-06-04,2.1368
2019-06-05,0.8098
2019-06-06,0.6072
2019-06-07,1.0436
2019-06-10,0.4598
2019-06-11,-0.0412
2019-06-12,-0.2099
2019-06-13,0.4038
2019-06-14,-0.1671
2019-06-17,0.0871
2019-06-18,0.9657
2019-06-19,0.2926
2019-06-20,0.9414
2019-06-21,-0.1317
2019-06-24,-0.179
2019-06-25,-0.9554
2019-06-26,-0.1292
2019-06-27,0.3765
2019-06-28,0.5699
2019-07-01,0.7612
2019-07-02,0.2868
2019-07-03,0.7612
2019-07-05,-0.1867
2019-07-08,-0.4897
2019-07-09,0.1175
2019-07-10,0.4451
2019-07-11,0.2226
2019-07-12,0.4562
2019-07-15,0.0117
2019-07-16,-0.3462
2019-07-17,-0.6589
2019-07-18,0.3526
2019-07-19,-0.6233
2019-07-22,0.2772
2019-07-23,0.6791
2019-07-24,0.4631
2019-07-25,-0.532
2019-07-26,0.733
2019-07-29,-0.1674
2019-07-30,-0.2635
2019-07-31,-1.0942
2019-08-01,-0.9055
2019-08-02,-0.7339
2019-08-05,-2.9833
2019-08-06,1.2961
2019-08-07,0.0712
2019-08-08,1.8707
2019-08-09,-0.6671
2019-08-12,-1.2012
2019-08-13,1.4707
2019-08-14,-2.9346
2019-08-15,0.2412
2019-08-16,1.4375
2019-08-19,1.2053
2019-08-20,-0.7968
2019-08-21,0.8193
2019-08-22,-0.0561
2019-08-23,-2.6
2019-08-26,1.0928
2019-08-27,-0.3257
2019-08-28,0.6491
2019-08-29,1.2633
2019-08-30,0.0589
2019-09-03,-0.6953
2019-09-04,1.0788
2019-09-05,1.2956
2019-09-06,0.0857
2019-09-09,-0.0147
2019-09-10,0.0269
2019-09-11,0.7176
2019-09-12,0.2826
2019-09-13,-0.0778
2019-09-16,-0.319
2019-09-17,0.2527
2019-09-18,0.0289
2019-09-19,-0.0033
2019-09-20,-0.4948
2019-09-23,-0.015
2019-09-24,-0.8469
2019-09-25,0.6107
2019-09-26,-0.2479
2019-09-27,-0.5365
2019-09-30,0.4996
2019-10-01,-1.2308
2019-10-02,-1.7952
2019-10-03,0.7926
2019-10-04,1.417
2019-10-07,-0.4526
2019-10-08,-1.5608
2019-10-09,0.9058
2019-10-10,0.637
2019-10-11,1.0893
2019-10-14,NaN
2019-10-15,0.991
2019-10-16,-0.2045
2019-10-17,0.2717
2019-10-18,-0.3965
2019-10-21,0.6826
2019-10-22,-0.3614
2019-10-23,0.2802
2019-10-24,0.1875
2019-10-25,0.4027
2019-10-28,0.5536
2019-10-29,-0.0877
2019-10-30,0.3209
2019-10-31,-0.3065
2019-11-01,0.9621
2019-11-04,0.3662
2019-11-05,-0.1228
2019-11-06,0.066
2019-11-07,0.2688
2019-11-08,0.2518
2019-11-11,NaN
2019-11-12,0.1521
2019-11-13,0.0669
2019-11-14,0.0794
2019-11-15,0.7653
2019-11-18,0.046
2019-11-19,-0.0635
2019-11-20,-0.3799
2019-11-21,-0.1626
2019-11-22,0.2132
2019-11-25,0.7463
2019-11-26,0.2152
2019-11-27,0.413
2019-11-29,-0.4055
2019-12-02,-0.8675
2019-12-03,-0.6681
2019-12-04,0.6281
2019-12-05,0.1458
2019-12-06,0.9094
2019-12-09,-0.3205
2019-12-10,-0.114
2019-12-11,0.2865
2019-12-12,0.8533
2019-12-13,0.003
2019-12-16,0.7105
2019-12-17,0.0293
2019-12-18,-0.0475
2019-12-19,0.4416
2019-12-20,0.4902
2019-12-23,0.0823
2019-12-24,-0.0239
2019-12-26,0.5085
2019-12-27,-0.0009
2019-12-30,-0.5824
2019-12-31,0.2904
2020-01-02,0.8337
2020-01-03,-0.7101
2020-01-06,0.3491
2020-01-07,-0.2845
2020-01-08,0.486
2020-01-09,0.6613
2020-01-10,-0.2897
2020-01-13,0.6933
2020-01-14,-0.1557
2020-01-15,0.1827
2020-01-16,0.8324
2020-01-17,0.382
2020-01-21,-0.2695
2020-01-22,0.0247
2020-01-23,0.1099
2020-01-24,-0.9084
2020-01-27,-1.5773
2020-01-28,1.0011
2020-01-29,-0.0909
2020-01-30,0.3091
2020-01-31,-1.7748
2020-02-03,0.7212
2020-02-04,1.4938
2020-02-05,1.1208
2020-02-06,0.3283
2020-02-07,-0.5443
2020-02-10,0.7283
2020-02-11,0.1646
2020-02-12,0.642
2020-02-13,-0.1674
2020-02-14,0.18
2020-02-18,-0.2963
2020-02-19,0.4663
2020-02-20,-0.3859
2020-02-21,-1.0561
2020-02-24,-3.3555
2020-02-25,-3.0322
2020-02-26,-0.382
2020-02-27,-4.4203
2020-02-28,-0.8273
2020-03-02,4.6009
2020-03-03,-2.8134
2020-03-04,4.2183
2020-03-05,-3.3939
2020-03-06,-1.7066
2020-03-09,-7.5979
2020-03-10,4.9384
2020-03-11,-4.888
2020-03-12,-9.5122
2020-03-13,9.2864
2020-03-16,-11.9847
2020-03-17,5.995
2020-03-18,-5.1831
2020-03-19,0.4707
2020-03-20,-4.3361
2020-03-23,-2.9294
2020-03-24,9.3827
2020-03-25,1.1536
2020-03-26,6.2416
2020-03-27,-3.3688
2020-03-30,3.3513
2020-03-31,-1.6016
2020-04-01,-4.4145
2020-04-02,2.2827
2020-04-03,-1.514
2020-04-06,7.0327
2020-04-07,-0.1607
2020-04-08,3.405
2020-04-09,1.448
2020-04-13,-1.0112
2020-04-14,3.0567
2020-04-15,-2.2034
2020-04-16,0.5813
2020-04-17,2.679
2020-04-20,-1.7884
2020-04-21,-3.0678
2020-04-22,2.2927
2020-04-23,-0.0542
2020-04-24,1.3915
2020-04-27,1.4711
2020-04-28,-0.5245
2020-04-29,2.6581
2020-04-30,-0.9215
2020-05-01,-2.8062
2020-05-04,0.4246
2020-05-05,0.9037
2020-05-06,-0.6983
2020-05-07,1.1502
2020-05-08,1.6868
2020-05-11,0.0174
2020-05-12,-2.0547
2020-05-13,-1.7466
2020-05-14,1.1521
2020-05-15,0.3923
2020-05-18,3.1498
2020-05-19,-1.0488
2020-05-20,1.6648
2020-05-21,-0.7777
2020-05-22,0.235
2020-05-26,1.2285
2020-05-27,1.4823
2020-05-28,-0.2112
2020-05-29,0.4808
2020-06-01,0.3747
2020-06-02,0.8207
2020-06-03,1.3645
2020-06-04,-0.3373
2020-06-05,2.6208
2020-06-08,1.2037
2020-06-09,-0.7804
2020-06-10,-0.5318
2020-06-11,-5.8949
2020-06-12,1.3056
2020-06-15,0.8307
2020-06-16,1.8958
2020-06-17,-0.3605
2020-06-18,0.059
2020-06-19,-0.5654
2020-06-22,0.6491
2020-06-23,0.4303
2020-06-24,-2.5859
2020-06-25,1.0955
2020-06-26,-2.4231
2020-06-29,1.4682
2020-06-30,1.5405
2020-07-01,0.5018
2020-07-02,0.4537
2020-07-06,1.5878
2020-07-07,-1.0823
2020-07-08,0.7823
2020-07-09,-0.5647
2020-07-10,1.0463
2020-07-13,-0.9366
2020-07-14,1.3402
2020-07-15,0.9078
2020-07-16,-0.3409
2020-07-17,0.2846
2020-07-20,0.8403
2020-07-21,0.1675
2020-07-22,0.5743
2020-07-23,-1.2323
2020-07-24,-0.6193
2020-07-27,0.7392
2020-07-28,-0.6476
2020-07-29,1.2425
2020-07-30,-0.3753
2020-07-31,0.7668
2020-08-03,0.7178
2020-08-04,0.3609
2020-08-05,0.6427
2020-08-06,0.6425
2020-08-07,0.063
2020-08-10,0.2739
2020-08-11,-0.7972
2020-08-12,1.3993
2020-08-13,-0.205
2020-08-14,-0.0175
2020-08-17,0.2707
2020-08-18,0.2301
2020-08-19,-0.4407
2020-08-20,0.3156
2020-08-21,0.3438
2020-08-24,1.004
2020-08-25,0.3593
2020-08-26,1.0193
2020-08-27,0.167
2020-08-28,0.673
2020-08-31,-0.2198
2020-09-01,0.7522
2020-09-02,1.5363
2020-09-03,-3.5129
2020-09-04,-0.8136
2020-09-08,-2.776
2020-09-09,2.0142
2020-09-10,-1.7588
2020-09-11,0.053
2020-09-14,1.2739
2020-09-15,0.5216
2020-09-16,-0.4622
2020-09-17,-0.8415
2020-09-18,-1.1185
2020-09-21,-1.1574
2020-09-22,1.0515
2020-09-23,-2.3724
2020-09-24,0.2985
2020-09-25,1.5974
2020-09-28,1.6107
2020-09-29,-0.4815
2020-09-30,0.8251
2020-10-01,0.529
2020-10-02,-0.9574
2020-10-05,1.7973
2020-10-06,-1.3991
2020-10-07,1.7403
2020-10-08,0.8005
2020-10-09,0.8788
2020-10-12,NaN
2020-10-13,-0.631
2020-10-14,-0.6626
2020-10-15,-0.1531
2020-10-16,0.0132
2020-10-19,-1.6333
2020-10-20,0.4724
2020-10-21,-0.2198
2020-10-22,0.5216
2020-10-23,0.3443
2020-10-26,-1.8593
2020-10-27,-0.3028
2020-10-28,-3.5291
2020-10-29,1.1945
2020-10-30,-1.2132
2020-11-02,1.2316
2020-11-03,1.7797
2020-11-04,2.2044
2020-11-05,1.9457
2020-11-06,-0.029
2020-11-09,1.1697
2020-11-10,-0.1403
2020-11-11,NaN
2020-11-12,-0.9981
2020-11-13,1.3608
2020-11-16,1.1646
2020-11-17,-0.4794
2020-11-18,-1.1566
2020-11-19,0.3944
2020-11-20,-0.6794
2020-11-23,0.5634
2020-11-24,1.6159
2020-11-25,-0.1587
2020-11-27,0.2394
2020-11-30,-0.4598
2020-12-01,1.1269
2020-12-02,0.1789
2020-12-03,-0.0626
2020-12-04,0.8834
2020-12-07,-0.1938
2020-12-08,0.2785
2020-12-09,-0.7951
2020-12-10,-0.1287
2020-12-11,-0.1267
2020-12-14,-0.4362
2020-12-15,1.2919
2020-12-16,0.177
2020-12-17,0.5755
2020-12-18,-0.3513
2020-12-21,-0.3909
2020-12-22,-0.2076
2020-12-23,0.0743
2020-12-24,0.3534
2020-12-28,0.8719
2020-12-29,-0.223
2020-12-30,0.1339
2020-12-31,0.6436
2021-01-04,-1.4757
2021-01-05,0.708
2021-01-06,0.5707
2021-01-07,1.4845
2021-01-08,0.549
2021-01-11,-0.6557
2021-01-12,0.0413
2021-01-13,0.2273
2021-01-14,-0.3756
2021-01-15,-0.7193
2021-01-19,0.8134
2021-01-20,1.3933
2021-01-21,0.0314
2021-01-22,-0.3013
2021-01-25,0.3613
2021-01-26,-0.1491
2021-01-27,-2.568
2021-01-28,0.9759
2021-01-29,-1.9313
2021-02-01,1.605
2021-02-02,1.3896
2021-02-03,0.1008
2021-02-04,1.0852
2021-02-05,0.3897
2021-02-08,0.7398
2021-02-09,-0.1115
2021-02-10,-0.0347
2021-02-11,0.1661
2021-02-12,0.471
2021-02-16,-0.057
2021-02-17,-0.0322
2021-02-18,-0.4417
2021-02-19,-0.1856
2021-02-22,-0.7734
2021-02-23,0.1255
2021-02-24,1.1351
2021-02-25,-2.448
2021-02-26,-0.4751
2021-03-01,2.3789
2021-03-02,-0.8082
2021-03-03,-1.3068
2021-03-04,-1.3418
2021-03-05,1.9495
2021-03-08,-0.5361
2021-03-09,1.4153
2021-03-10,0.6029
2021-03-11,1.0394
2021-03-12,0.1014
2021-03-15,0.6491
2021-03-16,-0.157
2021-03-17,0.2879
2021-03-18,-1.4761
2021-03-19,-0.0603
2021-03-22,0.7024
2021-03-23,-0.7631
2021-03-24,-0.5468
2021-03-25,0.524
2021-03-26,1.6631
2021-03-29,-0.0869
2021-03-30,-0.3158
2021-03-31,0.3622
2021-04-01,1.1825
2021-04-02,NaN
2021-04-05,NaN
2021-04-06,-0.0974
2021-04-07,0.1475
2021-04-08,0.422
2021-04-09,0.7719
2021-04-12,-0.0197
2021-04-13,0.3294
2021-04-14,-0.4088
2021-04-15,1.1094
2021-04-16,0.3608
2021-04-19,-0.5307
2021-04-20,-0.6803
2021-04-21,0.9305
2021-04-22,-0.9212
2021-04-23,1.0928
2021-04-26,0.1781
2021-04-27,-0.0215
2021-04-28,-0.0846
2021-04-29,0.6763
2021-04-30,-0.7195
2021-05-03,0.2747
2021-05-04,-0.6679
2021-05-05,0.0703
2021-05-06,0.8165
2021-05-07,0.7373
2021-05-10,-1.0436
2021-05-11,-0.8674
2021-05-12,-2.145
2021-05-13,1.2173
2021-05-14,1.4918
2021-05-17,-0.2531
2021-05-18,-0.8518
2021-05-19,-0.2944
2021-05-20,1.0554
2021-05-21,-0.0784
2021-05-24,0.9911
2021-05-25,-0.2126
2021-05-26,0.1876
2021-05-27,0.1165
2021-05-28,0.0769
2021-06-01,-0.0493
2021-06-02,0.1446
2021-06-03,-0.3629
2021-06-04,0.8834
2021-06-07,-0.0797
2021-06-08,0.0175
2021-06-09,-0.1825
2021-06-10,0.4651
2021-06-11,0.1948
2021-06-14,0.1814
2021-06-15,-0.2013
2021-06-16,-0.5391
2021-06-17,-0.0437
2021-06-18,-1.3126
2021-06-21,1.4001
2021-06-22,0.5123
2021-06-23,-0.1085
2021-06-24,0.581
2021-06-25,0.3329
2021-06-28,0.2314
2021-06-29,0.0276
2021-06-30,0.1327
2021-07-01,0.522
2021-07-02,0.7499
2021-07-06,-0.2023
2021-07-07,0.3358
2021-07-08,-0.8563
2021-07-09,1.1276
2021-07-12,0.345
2021-07-13,-0.3518
2021-07-14,0.1163
2021-07-15,-0.3264
2021-07-16,-0.754
2021-07-19,-1.5871
2021-07-20,1.5161
2021-07-21,0.824
2021-07-22,0.2015
2021-07-23,1.0144
2021-07-26,0.2381
2021-07-27,-0.4714
2021-07-28,-0.0188
2021-07-29,0.4205
2021-07-30,-0.5408
2021-08-02,-0.1844
2021-08-03,0.8202
2021-08-04,-0.4634
2021-08-05,0.6004
2021-08-06,0.1674
2021-08-09,-0.0942
2021-08-10,0.0991
2021-08-11,0.2467
2021-08-12,0.295
2021-08-13,0.1606
2021-08-16,0.2619
2021-08-17,-0.7063
2021-08-18,-1.075
2021-08-19,0.1255
2021-08-20,0.814
2021-08-23,0.8522
2021-08-24,0.1494
2021-08-25,0.2218
2021-08-26,-0.5826
2021-08-27,0.8806
2021-08-30,0.4305
2021-08-31,-0.135
2021-09-01,0.031
2021-09-02,0.2841
2021-09-03,-0.0336
2021-09-07,-0.3397
2021-09-08,-0.132
2021-09-09,-0.4607
2021-09-10,-0.7724
2021-09-13,0.2275
2021-09-14,-0.5748
2021-09-15,0.8473
2021-09-16,-0.1552
2021-09-17,-0.9112
2021-09-20,-1.6978
2021-09-21,-0.0813
2021-09-22,0.9519
2021-09-23,1.2134
2021-09-24,0.146
2021-09-27,-0.2777
2021-09-28,-2.0365
2021-09-29,0.1568
2021-09-30,-1.1911
2021-10-01,1.149
2021-10-04,-1.2987
2021-10-05,1.0523
2021-10-06,0.4102
2021-10-07,0.8297
2021-10-08,-0.1915
2021-10-11,NaN
2021-10-12,-0.2418
2021-10-13,0.3021
2021-10-14,1.7062
2021-10-15,0.7459
2021-10-18,0.3373
2021-10-19,0.7392
2021-10-20,0.3663
2021-10-21,0.2994
2021-10-22,-0.1074
2021-10-25,0.4747
2021-10-26,0.1818
2021-10-27,-0.5053
2021-10-28,0.9828
2021-10-29,0.1948
2021-11-01,0.1799
2021-11-02,0.3679
2021-11-03,0.646
2021-11-04,0.4181
2021-11-05,0.3731
2021-11-08,0.0886
2021-11-09,-0.35
2021-11-10,-0.8227
2021-11-11,NaN
2021-11-12,0.7221
2021-11-15,-0.0012
2021-11-16,0.3864
2021-11-17,-0.2603
2021-11-18,0.3383
2021-11-19,-0.14
2021-11-22,-0.3199
2021-11-23,0.1655
2021-11-24,0.2292
2021-11-26,-2.2727
2021-11-29,1.3199
2021-11-30,-1.8963
2021-12-01,-1.1817
2021-12-02,1.4193
2021-12-03,-0.845
2021-12-06,1.1729
2021-12-07,2.0705
2021-12-08,0.3083
2021-12-09,-0.7183
2021-12-10,0.9547
2021-12-13,-0.9138
2021-12-14,-0.7472
2021-12-15,1.6347
2021-12-16,-0.8745
2021-12-17,-1.0289
2021-12-20,-1.139
2021-12-21,1.7776
2021-12-22,1.0178
2021-12-23,0.6221
2021-12-27,1.3837
2021-12-28,-0.1012
2021-12-29,0.1401
2021-12-30,-0.2991
2021-12-31,-0.2628
2022-01-03,0.6372
2022-01-04,-0.0632
2022-01-05,-1.9395
2022-01-06,-0.0966
2022-01-07,-0.4053
2022-01-10,-0.1445
2022-01-11,0.9157
2022-01-12,0.2814
2022-01-13,-1.4247
2022-01-14,0.0816
2022-01-18,-1.8393
2022-01-19,-0.9694
2022-01-20,-1.1042
2022-01-21,-1.892
2022-01-24,0.2766
2022-01-25,-1.2178
2022-01-26,-0.1502
2022-01-27,-0.539
2022-01-28,2.4342
2022-01-31,1.8879
2022-02-01,0.6857
2022-02-02,0.9417
2022-02-03,-2.4397
2022-02-04,0.5151
2022-02-07,-0.371
2022-02-08,0.8394
2022-02-09,1.451
2022-02-10,-1.8127
2022-02-11,-1.898
2022-02-14,-0.3853
2022-02-15,1.5755
2022-02-16,0.087
2022-02-17,-2.1183
2022-02-18,-0.7176
2022-02-22,-1.0154
2022-02-23,-1.8422
2022-02-24,1.4948
2022-02-25,2.2364
2022-02-28,-0.2453
2022-03-01,-1.5482
2022-03-02,1.8633
2022-03-03,-0.5265
2022-03-04,-0.7943
2022-03-07,-2.9529
2022-03-08,-0.7244
2022-03-09,2.5688
2022-03-10,-0.4302
2022-03-11,-1.2972
2022-03-14,-0.7433
2022-03-15,2.1396
2022-03-16,2.2372
2022-03-17,1.2337
2022-03-18,1.1651
2022-03-21,-0.045
2022-03-22,1.129
2022-03-23,-1.2287
2022-03-24,1.433
2022-03-25,0.5051
2022-03-28,0.7128
2022-03-29,1.2241
2022-03-30,-0.6309
2022-03-31,-1.5667
2022-04-01,0.3396
2022-04-04,0.8072
2022-04-05,-1.257
2022-04-06,-0.9735
2022-04-07,0.4234
2022-04-08,-0.267
2022-04-11,-1.6899
2022-04-12,-0.3438
2022-04-13,1.1154
2022-04-14,-1.2166
2022-04-18,-0.0228
2022-04-19,1.6035
2022-04-20,-0.0641
2022-04-21,-1.4776
2022-04-22,-2.7763
2022-04-25,0.5672
2022-04-26,-2.817
2022-04-27,0.2075
2022-04-28,2.4724
2022-04-29,-3.6308
2022-05-02,0.565
2022-05-03,0.4812
2022-05-04,2.9838
2022-05-05,-3.5673
2022-05-06,-0.5698
2022-05-09,-3.2063
2022-05-10,0.2433
2022-05-11,-1.6488
2022-05-12,-0.1322
2022-05-13,2.3842
2022-05-16,-0.3976
2022-05-17,2.014
2022-05-18,-4.0424
2022-05-19,-0.5863
2022-05-20,0.0118
2022-05-23,1.8525
2022-05-24,-0.815
2022-05-25,0.9422
2022-05-26,1.9854
2022-05-27,2.4713
2022-05-31,-0.6306
2022-06-01,-0.7514
2022-06-02,1.84
2022-06-03,-1.638
2022-06-06,0.3103
2022-06-07,0.9489
2022-06-08,-1.0829
2022-06-09,-2.3834
2022-06-10,-2.9148
2022-06-13,-3.8815
2022-06-14,-0.3823
2022-06-15,1.4545
2022-06-16,-3.2555
2022-06-17,0.2157
2022-06-21,2.4431
2022-06-22,-0.1345
2022-06-23,0.9488
2022-06-24,3.0517
2022-06-27,-0.3022
2022-06-28,-2.0192
2022-06-29,-0.076
2022-06-30,-0.8805
2022-07-01,1.0508
2022-07-05,0.1532
2022-07-06,0.3522
2022-07-07,1.4912
2022-07-08,-0.0883
2022-07-11,-1.1587
2022-07-12,-0.9304
2022-07-13,-0.4522
2022-07-14,-0.3064
2022-07-15,1.9137
2022-07-18,-0.8432
2022-07-19,2.756
2022-07-20,0.5828
2022-07-21,0.9794
2022-07-22,-0.94
2022-07-25,0.1244
2022-07-26,-1.1612
2022-07-27,2.609
2022-07-28,1.2068
2022-07-29,1.4143
2022-08-01,-0.2892
2022-08-02,-0.6732
2022-08-03,1.557
2022-08-04,-0.0844
2022-08-05,-0.1695
2022-08-08,-0.1309
2022-08-09,-0.4321
2022-08-10,2.1219
2022-08-11,-0.0776
2022-08-12,1.7252
2022-08-15,0.3896
2022-08-16,0.1803
2022-08-17,-0.731
2022-08-18,0.2197
2022-08-19,-1.2974
2022-08-22,-2.1477
2022-08-23,-0.2313
2022-08-24,0.284
2022-08-25,1.4014
2022-08-26,-3.3766
2022-08-29,-0.6747
2022-08-30,-1.1108
2022-08-31,-0.7897
2022-09-01,0.2916
2022-09-02,-1.0816
2022-09-06,-0.4178
2022-09-07,1.8258
2022-09-08,0.6528
2022-09-09,1.5188
2022-09-12,1.0498
2022-09-13,-4.3326
2022-09-14,0.3299
2022-09-15,-1.1405
2022-09-16,-0.7269
2022-09-19,0.6765
2022-09-20,-1.1363
2022-09-21,-1.7206
2022-09-22,-0.8517
2022-09-23,-1.732
2022-09-26,-1.0433
2022-09-27,-0.2211
2022-09-28,1.958
2022-09-29,-2.1217
2022-09-30,-1.5157
2022-10-03,2.5791
2022-10-04,3.0491
2022-10-05,-0.2111
2022-10-06,-1.0338
2022-10-07,-2.8096
2022-10-10,NaN
2022-10-11,-0.6618
2022-10-12,-0.339
2022-10-13,2.5864
2022-10-14,-2.3765
2022-10-17,2.6373
2022-10-18,1.1319
2022-10-19,-0.6781
2022-10-20,-0.806
2022-10-21,2.3616
2022-10-24,1.177
2022-10-25,1.6156
2022-10-26,-0.7498
2022-10-27,-0.6193
2022-10-28,2.4515
2022-10-31,-0.7568
2022-11-01,-0.4215
2022-11-02,-2.5115
2022-11-03,-1.0699
2022-11-04,1.3506
2022-11-07,0.9499
2022-11-08,0.5483
2022-11-09,-2.0893
2022-11-10,5.532
2022-11-11,NaN
2022-11-14,-0.9052
2022-11-15,0.8598
2022-11-16,-0.8368
2022-11-17,-0.3205
2022-11-18,0.4643
2022-11-21,-0.4002
2022-11-22,1.3462
2022-11-23,0.5797
2022-11-25,-0.0401
2022-11-28,-1.5564
2022-11-29,-0.1711
2022-11-30,3.0829
2022-12-01,-0.0985
2022-12-02,-0.1312
2022-12-05,-1.8014
2022-12-06,-1.4518
2022-12-07,-0.198
2022-12-08,0.7405
2022-12-09,-0.7467
2022-12-12,1.4159
2022-12-13,0.7171
2022-12-14,-0.6171
2022-12-15,-2.504
2022-12-16,-1.1255
2022-12-19,-0.9127
2022-12-20,0.0919
2022-12-21,1.475
2022-12-22,-1.457
2022-12-23,0.575
2022-12-27,-0.4171
2022-12-28,-1.2142
2022-12-29,1.734
2022-12-30,-0.2661
2023-01-03,-0.4123
2023-01-04,0.7416
2023-01-05,-1.1772
2023-01-06,2.2715
2023-01-09,-0.0895
2023-01-10,0.6851
2023-01-11,1.2722
2023-01-12,0.329
2023-01-13,0.3871
2023-01-17,-0.2158
2023-01-18,-1.5689
2023-01-19,-0.7765
2023-01-20,1.8791
2023-01-23,1.1753
2023-01-24,-0.0839
2023-01-25,-0.0309
2023-01-26,1.0881
2023-01-27,0.2367
2023-01-30,-1.3097
2023-01-31,1.4514
2023-02-01,1.0325
2023-02-02,1.4573
2023-02-03,-1.0482
2023-02-06,-0.6269
2023-02-07,1.2744
2023-02-08,-1.1209
2023-02-09,-0.8959
2023-02-10,0.2065
2023-02-13,1.1318
2023-02-14,-0.0411
2023-02-15,0.2643
2023-02-16,-1.392
2023-02-17,-0.2899
2023-02-21,-2.0173
2023-02-22,-0.1705
2023-02-23,0.5198
2023-02-24,-1.0669
2023-02-27,0.2941
2023-02-28,-0.3168
2023-03-01,-0.4857
2023-03-02,0.745
2023-03-03,1.6015
2023-03-06,0.0554
2023-03-07,-1.5463
2023-03-08,0.1278
2023-03-09,-1.8595
2023-03-10,-1.4613
2023-03-13,-0.1641
2023-03-14,1.6345
2023-03-15,-0.7109
2023-03-16,1.7434
2023-03-17,-1.1141
2023-03-20,0.8788
2023-03-21,1.2853
2023-03-22,-1.6593
2023-03-23,0.2857
2023-03-24,0.5512
2023-03-27,0.1514
2023-03-28,-0.1703
2023-03-29,1.4108
2023-03-30,0.5581
2023-03-31,1.4306
2023-04-03,0.3566
2023-04-04,-0.593
2023-04-05,-0.2624
2023-04-06,0.3446
2023-04-07,NaN
2023-04-10,NaN
2023-04-11,-0.0178
2023-04-12,-0.4271
2023-04-13,1.3124
2023-04-14,-0.2209
2023-04-17,0.3165
2023-04-18,0.0714
2023-04-19,-0.0224
2023-04-20,-0.6091
2023-04-21,0.0764
2023-04-24,0.0711
2023-04-25,-1.595
2023-04-26,-0.3981
2023-04-27,1.9426
2023-04-28,0.8115
2023-05-01,-0.0529
2023-05-02,-1.1728
2023-05-03,-0.7141
2023-05-04,-0.7361
2023-05-05,1.8332
2023-05-08,0.0308
2023-05-09,-0.4723
2023-05-10,0.4342
2023-05-11,-0.1838
2023-05-12,-0.1725
2023-05-15,0.2817
2023-05-16,-0.6519
2023-05-17,1.1748
2023-05-18,0.9301
2023-05-19,-0.1589
2023-05-22,0.0009
2023-05-23,-1.1367
2023-05-24,-0.7464
2023-05-25,0.8612
2023-05-26,1.2905
2023-05-30,-0.0131
2023-05-31,-0.6256
2023-06-01,0.9708
2023-06-02,1.4388
2023-06-05,-0.2149
2023-06-06,0.2209
2023-06-07,-0.3956
2023-06-08,0.6045
2023-06-09,0.1005
2023-06-12,0.9177
2023-06-13,0.679
2023-06-14,0.0677
2023-06-15,1.2036
2023-06-16,-0.3814
2023-06-20,-0.4879
2023-06-21,-0.5389
2023-06-22,0.3567
2023-06-23,-0.7803
2023-06-26,-0.4633
2023-06-27,1.1311
2023-06-28,-0.0499
2023-06-29,0.4328
2023-06-30,1.2124
2023-07-03,0.1025
2023-07-05,-0.2114
2023-07-06,-0.8069
2023-07-07,-0.3011
2023-07-10,0.2258
2023-07-11,0.6595
2023-07-12,0.7265
2023-07-13,0.8324
2023-07-14,-0.1171
2023-07-17,0.3708
2023-07-18,0.697
2023-07-19,0.2211
2023-07-20,-0.6904
2023-07-21,0.0177
2023-07-24,0.3886
2023-07-25,0.2667
2023-07-26,-0.0303
2023-07-27,-0.6572
2023-07-28,0.973
2023-07-31,0.1321
2023-08-01,-0.2812
2023-08-02,-1.3987
2023-08-03,-0.2695
2023-08-04,-0.5448
2023-08-07,0.8876
2023-08-08,-0.4366
2023-08-09,-0.7186
2023-08-10,0.0103
2023-08-11,-0.1217
2023-08-14,0.5602
2023-08-15,-1.1699
2023-08-16,-0.7703
2023-08-17,-0.7861
2023-08-18,-0.0296
2023-08-21,0.6731
2023-08-22,-0.2926
2023-08-23,1.0897
2023-08-24,-1.3607
2023-08-25,0.6569
2023-08-28,0.6115
2023-08-29,1.4359
2023-08-30,0.3684
2023-08-31,-0.1746
2023-09-01,0.1651
2023-09-05,-0.4343
2023-09-06,-0.712
2023-09-07,-0.336
2023-09-08,0.1278
2023-09-11,0.6575
2023-09-12,-0.5845
2023-09-13,0.1093
2023-09-14,0.8281
2023-09-15,-1.2308
2023-09-18,0.0573
2023-09-19,-0.23
2023-09-20,-0.9544
2023-09-21,-1.655
2023-09-22,-0.2444
2023-09-25,0.3873
2023-09-26,-1.4884
2023-09-27,0.008
2023-09-28,0.5744
2023-09-29,-0.2858
2023-10-02,-0.007
2023-10-03,-1.3894
2023-10-04,0.796
2023-10-05,-0.1453
2023-10-06,1.1665
2023-10-09,NaN
2023-10-10,0.5059
2023-10-11,0.4144
2023-10-12,-0.6396
2023-10-13,-0.5168
2023-10-16,1.0445
2023-10-17,-0.0248
2023-10-18,-1.3549
2023-10-19,-0.8632
2023-10-20,-1.2734
2023-10-23,-0.1834
2023-10-24,0.7117
2023-10-25,-1.4488
2023-10-26,-1.1981
2023-10-27,-0.4949
2023-10-30,1.1861
2023-10-31,0.6326
2023-11-01,1.0357
2023-11-02,1.8711
2023-11-03,0.9246
2023-11-06,0.1605
2023-11-07,0.2692
2023-11-08,0.0857
2023-11-09,-0.8231
2023-11-10,1.5469
2023-11-13,-0.0983
2023-11-14,1.8928
2023-11-15,0.145
2023-11-16,0.1044
2023-11-17,0.1135
2023-11-20,0.7243
2023-11-21,-0.2168
2023-11-22,0.3914
2023-11-24,0.0449
2023-11-27,-0.2102
2023-11-28,0.0833
2023-11-29,-0.1093
2023-11-30,0.3637
2023-12-01,0.5727
2023-12-04,-0.5556
2023-12-05,-0.0716
2023-12-06,-0.4053
2023-12-07,0.7822
2023-12-08,0.3949
2023-12-11,0.3777
2023-12-12,0.4452
2023-12-13,1.3504
2023-12-14,0.2501
2023-12-15,-0.0223
2023-12-18,0.4381
2023-12-19,0.572
2023-12-20,-1.4831
2023-12-21,1.0156
2023-12-22,0.1514
2023-12-26,0.4085
2023-12-27,0.1284
2023-12-28,0.0223
2023-12-29,-0.2972
2024-01-02,-0.5807
2024-01-03,-0.8163
2024-01-04,-0.3575
2024-01-05,0.1679
2024-01-08,1.3968
2024-01-09,-0.1624
2024-01-10,0.552
2024-01-11,-0.0817
2024-01-12,0.0605
2024-01-16,-0.3877
2024-01-17,-0.5763
2024-01-18,0.8659
2024-01-19,1.2168
2024-01-22,0.2048
2024-01-23,0.2776
2024-01-24,0.0666
2024-01-25,0.5115
2024-01-26,-0.0797
2024-01-29,0.7411
2024-01-30,-0.0746
2024-01-31,-1.6252
2024-02-01,1.2348
2024-02-02,1.0538
2024-02-05,-0.3332
2024-02-06,0.2164
2024-02-07,0.8095
2024-02-08,0.0424
2024-02-09,0.5596
2024-02-12,-0.1095
2024-02-13,-1.3821
2024-02-14,0.9433
2024-02-15,0.5675
2024-02-16,-0.495
2024-02-20,-0.6152
2024-02-21,0.1118
2024-02-22,2.0976
2024-02-23,0.0201
2024-02-26,-0.3934
2024-02-27,0.1559
2024-02-28,-0.1805
2024-02-29,0.5082
2024-03-01,0.7862
2024-03-04,-0.134
2024-03-05,-1.0339
2024-03-06,0.4995
2024-03-07,1.0158
2024-03-08,-0.6675
2024-03-11,-0.1269
2024-03-12,1.1055
2024-03-13,-0.2071
2024-03-14,-0.3018
2024-03-15,-0.663
2024-03-18,0.6171
2024-03-19,0.5503
2024-03-20,0.8758
2024-03-21,0.309
2024-03-22,-0.1549
2024-03-25,-0.3201
2024-03-26,-0.2946
2024-03-27,0.8485
2024-03-28,0.097
2024-04-01,-0.216
2024-04-02,-0.7385
2024-04-03,0.0945
2024-04-04,-1.248
2024-04-05,1.0953
2024-04-08,-0.0521
2024-04-09,0.1299
2024-04-10,-0.9604
2024-04-11,0.7298
2024-04-12,-1.4698
2024-04-15,-1.2168
2024-04-16,-0.2203
2024-04-17,-0.5927
2024-04-18,-0.2355
2024-04-19,-0.8905
2024-04-22,0.8585
2024-04-23,1.1818
2024-04-24,0.0066
2024-04-25,-0.4724
2024-04-26,1.0062
2024-04-29,0.3032
2024-04-30,-1.5877
2024-05-01,-0.3583
2024-05-02,0.8982
2024-05-03,1.241
2024-05-06,1.0179
2024-05-07,0.1197
2024-05-08,-0.0153
2024-05-09,0.4944
2024-05-10,0.1502
2024-05-13,-0.0388
2024-05-14,0.4691
2024-05-15,1.1569
2024-05-16,-0.2229
2024-05-17,0.1018
2024-05-20,0.077
2024-05-21,0.2355
2024-05-22,-0.2853
2024-05-23,-0.7528
2024-05-24,0.6854
2024-05-28,0.0102
2024-05-29,-0.7514
2024-05-30,-0.6122
2024-05-31,0.7881
2024-06-03,0.0969
2024-06-04,0.1356
2024-06-05,1.1701
2024-06-06,-0.0347
2024-06-07,-0.1262
2024-06-10,0.2434
2024-06-11,0.2564
2024-06-12,0.8357
2024-06-13,0.2198
2024-06-14,-0.0541
2024-06-17,0.7518
2024-06-18,0.2375
2024-06-20,-0.2672
2024-06-21,-0.1708
2024-06-24,-0.3212
2024-06-25,0.3787
2024-06-26,0.1426
2024-06-27,0.0761
2024-06-28,-0.423
2024-07-01,0.2529
2024-07-02,0.6049
2024-07-03,0.4938
2024-07-05,0.5303
2024-07-08,0.087
2024-07-09,0.0595
2024-07-10,1.0062
2024-07-11,-0.8909
2024-07-12,0.5371
2024-07-15,0.2681
2024-07-16,0.6244
2024-07-17,-1.4073
2024-07-18,-0.7962
2024-07-19,-0.7286
2024-07-22,1.0647
2024-07-23,-0.1703
2024-07-24,-2.3294
2024-07-25,-0.5287
2024-07-26,1.0946
2024-07-29,0.0669
2024-07-30,-0.5104
2024-07-31,1.5649
2024-08-01,-1.3837
2024-08-02,-1.8523
2024-08-05,-3.0111
2024-08-06,1.0212
2024-08-07,-0.7877
2024-08-08,2.29
2024-08-09,0.4529
2024-08-12,-0.0099
2024-08-13,1.6706
2024-08-14,0.3682
2024-08-15,1.5991
2024-08-16,0.1848
2024-08-19,0.9581
2024-08-20,-0.2125
2024-08-21,0.4099
2024-08-22,-0.9074
2024-08-23,1.1343
2024-08-26,-0.3293
2024-08-27,0.1456
2024-08-28,-0.6115
2024-08-29,-0.0179
2024-08-30,0.9954
2024-09-03,-2.129
2024-09-04,-0.1741
2024-09-05,-0.3156
2024-09-06,-1.7398
2024-09-09,1.1443
2024-09-10,0.4337
2024-09-11,1.0528
2024-09-12,0.736
2024-09-13,0.5274
2024-09-16,0.1124
2024-09-17,0.0132
2024-09-18,-0.3026
2024-09-19,1.6848
2024-09-20,-0.2068
2024-09-23,0.2683
2024-09-24,0.2385
2024-09-25,-0.1987
2024-09-26,0.3913
2024-09-27,-0.1379
2024-09-30,0.411
2024-10-01,-0.945
2024-10-02,0.0013
2024-10-03,-0.1807
2024-10-04,0.8844
2024-10-07,-0.9713
2024-10-08,0.9563
2024-10-09,0.6987
2024-10-10,-0.2197
2024-10-11,0.5925
2024-10-14,NaN
2024-10-15,-0.7736
2024-10-16,0.4553
2024-10-17,-0.0298
2024-10-18,0.3845
2024-10-21,-0.1949
2024-10-22,-0.0601
2024-10-23,-0.9318
2024-10-24,0.202
2024-10-25,-0.0426
2024-10-28,0.2526
2024-10-29,0.1489
2024-10-30,-0.3425
2024-10-31,-1.8739
2024-11-01,0.3969
2024-11-04,-0.2936
2024-11-05,1.2142
2024-11-06,2.5172
2024-11-07,0.7307
2024-11-08,0.3633
2024-11-11,NaN
2024-11-12,-0.3016
2024-11-13,0.0109
2024-11-14,-0.6173
2024-11-15,-1.3327
2024-11-18,0.3794
2024-11-19,0.384
2024-11-20,-0.0101
2024-11-21,0.5217
2024-11-22,0.3344
2024-11-25,0.2897
2024-11-26,0.5599
2024-11-27,-0.3924
2024-11-29,0.5485
2024-12-02,0.2326
2024-12-03,0.033
2024-12-04,0.593
2024-12-05,-0.1991
2024-12-06,0.2375
2024-12-09,-0.6264
2024-12-10,-0.3084
2024-12-11,0.8047
2024-12-12,-0.5532
2024-12-13,-0.0145
2024-12-16,0.3681
2024-12-17,-0.3983
2024-12-18,-2.9612
2024-12-19,-0.0983
2024-12-20,1.0751
2024-12-23,0.7169
2024-12-24,1.0923
2024-12-26,-0.0524
2024-12-27,-1.1173
2024-12-30,-1.082
2024-12-31,-0.4403
