Date,Market
1979-01-02,NaN
1979-01-03,1.1062
1979-01-04,0.7975
1979-01-05,0.5579
1979-01-08,-0.3329
1979-01-09,0.5364
1979-01-10,-0.5638
1979-01-11,0.3341
1979-01-12,0.8375
1979-01-15,0.7605
1979-01-16,-1.2216
1979-01-17,0.0201
1979-01-18,0.2413
1979-01-19,0.0301
1979-01-22,0.1504
1979-01-23,0.7007
1979-01-24,-0.4374
1979-01-25,1.0284
1979-01-26,0.6621
1979-01-29,-0.3043
1979-01-30,-0.4924
1979-01-31,-1.1084
1979-02-01,0.03
1979-02-02,-0.4602
1979-02-05,-1.4171
1979-02-06,-0.0408
1979-02-07,-0.9077
1979-02-08,0.5043
1979-02-09,0.2253
1979-02-12,0.3372
1979-02-13,0.7434
1979-02-14,-0.0606
1979-02-15,-0.1416
1979-02-16,-0.0608
1979-02-20,0.7601
1979-02-21,-0.352
1979-02-22,-0.7469
1979-02-23,-0.5593
1979-02-26,-0.1125
1979-02-27,-1.5767
1979-02-28,0.156
1979-03-01,0.644
1979-03-02,0.0722
1979-03-05,1.1241
1979-03-06,-0.1938
1979-03-07,0.5824
1979-03-08,1.1581
1979-03-09,-0.0402
1979-03-12,0.1306
1979-03-13,0.1706
1979-03-14,-0.1302
1979-03-15,0.1504
1979-03-16,0.8312
1979-03-19,0.3675
1979-03-20,-0.5541
1979-03-21,0.7463
1979-03-22,0.4148
1979-03-23,-0.0689
1979-03-26,-0.5512
1979-03-27,1.4252
1979-03-28,-0.3513
1979-03-29,-0.0881
1979-03-30,-0.4312
1979-04-02,-0.6792
1979-04-03,1.4866
1979-04-04,0.2441
1979-04-05,0.5943
1979-04-06,-0.0775
1979-04-09,-0.3004
1979-04-10,0.4569
1979-04-11,-0.9967
1979-04-12,-0.303
1979-04-16,-0.8627
1979-04-17,0.1187
1979-04-18,0.4544
1979-04-19,-0.413
1979-04-20,-0.0494
1979-04-23,0.3359
1979-04-24,0.6203
1979-04-25,0.2935
1979-04-26,-0.478
1979-04-27,-0.2059
1979-04-30,-0.0393
1979-05-01,-0.0786
1979-05-02,0.0393
1979-05-03,0.0885
1979-05-04,-1.1001
1979-05-07,-1.6586
1979-05-08,0.1515
1979-05-09,0.2924
1979-05-10,-0.9451
1979-05-11,0.0
1979-05-14,-0.4669
1979-05-15,0.0816
1979-05-16,0.2853
1979-05-17,1.5444
1979-05-18,-0.01
1979-05-21,0.2101
1979-05-22,0.3695
1979-05-23,-0.6169
1979-05-24,0.04
1979-05-25,0.2902
1979-05-29,-0.1696
1979-05-30,-0.9395
1979-05-31,-0.0303
1979-06-01,0.0908
1979-06-04,0.1513
1979-06-05,1.3089
1979-06-06,0.6758
1979-06-07,0.4837
1979-06-08,-0.2947
1979-06-11,0.4138
1979-06-12,0.9224
1979-06-13,-0.525
1979-06-14,-0.1075
1979-06-15,-0.1076
1979-06-18,-0.5191
1979-06-19,0.0197
1979-06-20,0.0492
1979-06-21,0.4526
1979-06-22,0.5387
1979-06-25,-0.5359
1979-06-26,-0.4212
1979-06-27,0.6
1979-06-28,0.5182
1979-06-29,0.107
1979-07-02,-0.894
1979-07-03,0.098
1979-07-05,0.333
1979-07-06,1.1618
1979-07-09,0.8203
1979-07-10,-0.2584
1979-07-11,-0.5374
1979-07-12,-0.9166
1979-07-13,-0.3603
1979-07-16,0.4105
1979-07-17,-0.8857
1979-07-18,-0.1375
1979-07-19,-0.0787
1979-07-20,0.2067
1979-07-23,-0.2259
1979-07-24,0.3741
1979-07-25,1.0886
1979-07-26,0.0194
1979-07-27,0.0
1979-07-30,0.0485
1979-07-31,0.6398
1979-08-01,0.3468
1979-08-02,-0.0672
1979-08-03,-0.0576
1979-08-06,0.2499
1979-08-07,1.2943
1979-08-08,0.3124
1979-08-09,-0.4624
1979-08-10,0.8626
1979-08-13,0.9586
1979-08-14,0.0931
1979-08-15,0.6789
1979-08-16,-0.1478
1979-08-17,0.1943
1979-08-20,0.4894
1979-08-21,0.0735
1979-08-22,0.0735
1979-08-23,-0.3303
1979-08-24,-0.0276
1979-08-27,0.4972
1979-08-28,-0.11
1979-08-29,0.0
1979-08-30,0.0
1979-08-31,0.2752
1979-09-04,-1.7197
1979-09-05,-0.968
1979-09-06,0.4229
1979-09-07,0.7581
1979-09-10,0.4737
1979-09-11,-0.6102
1979-09-12,0.2883
1979-09-13,0.0278
1979-09-14,0.8438
1979-09-17,0.0736
1979-09-18,-0.7718
1979-09-19,0.2593
1979-09-20,2.0595
1979-09-21,-0.0362
1979-09-24,-0.7785
1979-09-25,0.0639
1979-09-26,0.2553
1979-09-27,0.2274
1979-09-28,-0.8075
1979-10-01,-0.6952
1979-10-02,0.9488
1979-10-03,0.0
1979-10-04,0.5292
1979-10-05,0.9985
1979-10-08,-1.2492
1979-10-09,-2.9578
1979-10-10,-1.2473
1979-10-11,-0.2374
1979-10-12,-0.5331
1979-10-15,-1.0814
1979-10-16,-0.1645
1979-10-17,0.1938
1979-10-18,0.2128
1979-10-19,-1.94
1979-10-22,-0.876
1979-10-23,-0.427
1979-10-24,0.1596
1979-10-25,-0.4381
1979-10-26,0.57
1979-10-29,0.1392
1979-10-30,1.9462
1979-10-31,-0.8279
1979-11-01,0.7366
1979-11-02,-0.0585
1979-11-05,-0.6731
1979-11-06,-0.6089
1979-11-07,-1.3142
1979-11-08,0.4306
1979-11-09,1.2064
1979-11-12,1.9702
1979-11-13,-0.5507
1979-11-14,0.4371
1979-11-15,0.7157
1979-11-16,-0.3265
1979-11-19,0.4239
1979-11-20,-0.5181
1979-11-21,0.1929
1979-11-23,0.7508
1979-11-26,2.035
1979-11-27,-0.3933
1979-11-28,0.3666
1979-11-29,0.0375
1979-11-30,-0.6086
1979-12-03,-0.3109
1979-12-04,0.9071
1979-12-05,0.4308
1979-12-06,0.6993
1979-12-07,-0.4444
1979-12-10,0.1395
1979-12-11,-0.1672
1979-12-12,0.0279
1979-12-13,0.1395
1979-12-14,1.161
1979-12-17,0.3764
1979-12-18,-0.9421
1979-12-19,-0.0923
1979-12-20,0.0555
1979-12-21,-0.6189
1979-12-24,0.0651
1979-12-26,0.1115
1979-12-27,0.167
1979-12-28,-0.1112
1979-12-31,0.0927
1980-01-02,-2.0196
1980-01-03,-0.5106
1980-01-04,1.2355
1980-01-07,0.2722
1980-01-08,2.0036
1980-01-09,0.0918
1980-01-10,0.7703
1980-01-11,0.0273
1980-01-14,0.4185
1980-01-15,0.6885
1980-01-16,-0.081
1980-01-17,-0.3152
1980-01-18,0.3342
1980-01-21,0.9273
1980-01-22,-0.5263
1980-01-23,1.7308
1980-01-24,0.2292
1980-01-25,-0.0792
1980-01-28,1.0915
1980-01-29,-0.6791
1980-01-30,0.9906
1980-01-31,-0.9028
1980-02-01,0.8409
1980-02-04,-0.6515
1980-02-05,0.2536
1980-02-06,0.9245
1980-02-07,0.4839
1980-02-08,1.4362
1980-02-11,-0.7037
1980-02-12,0.666
1980-02-13,0.458
1980-02-14,-1.4522
1980-02-15,-1.1223
1980-02-19,-0.7018
1980-02-20,1.6318
1980-02-21,-1.0217
1980-02-22,-0.2082
1980-02-25,-1.4864
1980-02-26,0.5735
1980-02-27,-1.4038
1980-02-28,-0.0267
1980-02-29,1.166
1980-03-03,-1.0206
1980-03-04,0.2489
1980-03-05,-1.463
1980-03-06,-2.2316
1980-03-07,-1.6107
1980-03-10,-0.3648
1980-03-11,1.1924
1980-03-12,-0.8443
1980-03-13,-1.1696
1980-03-14,-0.1799
1980-03-17,-3.0067
1980-03-18,1.7993
1980-03-19,0.2017
1980-03-20,-1.1408
1980-03-21,-0.7855
1980-03-24,-2.9616
1980-03-25,-0.0907
1980-03-26,-0.5142
1980-03-27,-0.4662
1980-03-28,2.5046
1980-03-31,1.4005
1980-04-01,0.0882
1980-04-02,0.4893
1980-04-03,-0.5162
1980-04-07,-1.9187
1980-04-08,1.0081
1980-04-09,1.8874
1980-04-10,0.9407
1980-04-11,-0.2786
1980-04-14,-0.9153
1980-04-15,-0.2042
1980-04-16,-1.0621
1980-04-17,-0.4826
1980-04-18,-0.4948
1980-04-21,-0.7459
1980-04-22,3.6373
1980-04-23,0.2901
1980-04-24,0.6459
1980-04-25,0.728
1980-04-28,0.4564
1980-04-29,0.2083
1980-04-30,0.4062
1980-05-01,-0.7809
1980-05-02,0.1138
1980-05-05,0.7577
1980-05-06,-0.1222
1980-05-07,0.8753
1980-05-08,-0.9797
1980-05-09,-1.3286
1980-05-12,0.0573
1980-05-13,1.4507
1980-05-14,0.5174
1980-05-15,0.131
1980-05-16,0.3365
1980-05-19,0.2981
1980-05-20,-0.0464
1980-05-21,0.0929
1980-05-22,1.1975
1980-05-23,1.4769
1980-05-27,0.7051
1980-05-28,0.5925
1980-05-29,-1.5974
1980-05-30,0.8797
1980-06-02,-0.4315
1980-06-03,-0.2257
1980-06-04,1.9003
1980-06-05,0.151
1980-06-06,0.3724
1980-06-09,0.4505
1980-06-10,0.8355
1980-06-11,1.1861
1980-06-12,-0.431
1980-06-13,0.251
1980-06-16,0.2418
1980-06-17,-0.0517
1980-06-18,0.1982
1980-06-19,-1.3762
1980-06-20,-0.5233
1980-06-23,0.3945
1980-06-24,0.5502
1980-06-25,1.3722
1980-06-26,-0.4541
1980-06-27,-0.1635
1980-06-30,-1.5172
1980-07-01,0.604
1980-07-02,0.6526
1980-07-03,1.5387
1980-07-07,0.7066
1980-07-08,-0.3804
1980-07-09,0.1188
1980-07-10,-0.873
1980-07-11,0.761
1980-07-14,1.8415
1980-07-15,-0.5916
1980-07-16,0.2766
1980-07-17,1.513
1980-07-18,0.4941
1980-07-21,0.3851
1980-07-22,-0.2612
1980-07-23,-0.2128
1980-07-24,-0.1148
1980-07-25,-0.8293
1980-07-28,0.5382
1980-07-29,0.7988
1980-07-30,-0.1389
1980-07-31,-0.4582
1980-08-01,-0.3781
1980-08-04,-0.1898
1980-08-05,-0.1984
1980-08-06,0.6709
1980-08-07,1.4397
1980-08-08,0.2514
1980-08-11,0.9465
1980-08-12,-0.7934
1980-08-13,-0.412
1980-08-14,1.598
1980-08-15,0.3752
1980-08-18,-1.8533
1980-08-19,-0.6402
1980-08-20,0.9543
1980-08-21,1.3654
1980-08-22,0.4464
1980-08-25,-0.6824
1980-08-26,-0.2557
1980-08-27,-1.0574
1980-08-28,-1.1658
1980-08-29,0.2457
1980-09-02,1.1113
1980-09-03,1.9234
1980-09-04,-0.555
1980-09-05,-0.4306
1980-09-08,-1.2572
1980-09-09,0.6163
1980-09-10,0.5964
1980-09-11,0.681
1980-09-12,-0.0955
1980-09-15,0.1036
1980-09-16,0.8514
1980-09-17,1.6806
1980-09-18,-0.3647
1980-09-19,0.662
1980-09-22,0.8897
1980-09-23,-0.7439
1980-09-24,0.7263
1980-09-25,-1.2656
1980-09-26,-1.8412
1980-09-29,-2.224
1980-09-30,1.5542
1980-10-01,1.3311
1980-10-02,0.7551
1980-10-03,0.9681
1980-10-06,1.8557
1980-10-07,-0.5542
1980-10-08,0.4962
1980-10-09,-0.4633
1980-10-10,-0.5723
1980-10-13,1.3355
1980-10-14,-0.0076
1980-10-15,1.2725
1980-10-16,-1.107
1980-10-17,-0.5294
1980-10-20,0.8288
1980-10-21,-0.5807
1980-10-22,0.0607
1980-10-23,-1.8117
1980-10-24,0.247
1980-10-27,-1.5171
1980-10-28,0.1329
1980-10-29,-0.1093
1980-10-30,-1.2665
1980-10-31,0.9344
1980-11-03,1.2317
1980-11-05,1.7746
1980-11-06,-1.8427
1980-11-07,0.2094
1980-11-10,0.2322
1980-11-11,1.3747
1980-11-12,2.5369
1980-11-13,1.4117
1980-11-14,0.4836
1980-11-17,0.4375
1980-11-18,1.4156
1980-11-19,-0.4581
1980-11-20,0.9636
1980-11-21,-0.9188
1980-11-24,-0.5751
1980-11-25,0.7375
1980-11-26,0.6029
1980-11-28,0.2497
1980-12-01,-2.3555
1980-12-02,-0.1749
1980-12-03,-0.1898
1980-12-04,-0.1682
1980-12-05,-1.7951
1980-12-08,-2.5517
1980-12-09,-0.0995
1980-12-10,-1.7014
1980-12-11,-0.7017
1980-12-12,1.4683
1980-12-15,0.1702
1980-12-16,0.8884
1980-12-17,1.7534
1980-12-18,0.0828
1980-12-19,0.5263
1980-12-22,1.5557
1980-12-23,-0.3535
1980-12-24,0.4287
1980-12-26,0.5078
1980-12-29,-1.1276
1980-12-30,0.2222
1980-12-31,0.3177
1981-01-02,0.4272
1981-01-05,1.1955
1981-01-06,0.1087
1981-01-07,-2.201
1981-01-08,-1.4954
1981-01-09,0.3156
1981-01-12,0.03
1981-01-13,-0.1723
1981-01-14,0.135
1981-01-15,0.5619
1981-01-16,0.4098
1981-01-19,-0.2968
1981-01-20,-2.0243
1981-01-21,-0.2203
1981-01-22,-0.8374
1981-01-23,-0.023
1981-01-26,-0.2995
1981-01-27,0.9858
1981-01-28,-0.5949
1981-01-29,-0.0767
1981-01-30,-0.5298
1981-02-02,-2.0378
1981-02-03,1.2213
1981-02-04,0.1012
1981-02-05,0.8088
1981-02-06,0.7483
1981-02-09,-1.0184
1981-02-10,-0.0232
1981-02-11,-0.7738
1981-02-12,-0.5926
1981-02-13,-0.3922
1981-02-17,0.6536
1981-02-18,0.5242
1981-02-19,-1.4555
1981-02-20,-0.0237
1981-02-23,0.6083
1981-02-24,0.0314
1981-02-25,0.887
1981-02-26,1.2294
1981-02-27,0.8993
1981-03-02,0.5637
1981-03-03,-1.0984
1981-03-04,0.2298
1981-03-05,-0.7107
1981-03-06,-0.0616
1981-03-09,0.9781
1981-03-10,-0.5034
1981-03-11,-0.3909
1981-03-12,2.4933
1981-03-13,-0.0601
1981-03-16,1.1795
1981-03-17,-0.5643
1981-03-18,0.224
1981-03-19,-0.5662
1981-03-20,0.4646
1981-03-23,1.2008
1981-03-24,-0.7517
1981-03-25,1.8118
1981-03-26,-0.6126
1981-03-27,-1.1888
1981-03-30,-0.2748
1981-03-31,1.2809
1981-04-01,0.4191
1981-04-02,-0.1831
1981-04-03,-0.6089
1981-04-06,-1.1514
1981-04-07,-0.0149
1981-04-08,0.2987
1981-04-09,0.268
1981-04-10,-0.1188
1981-04-13,-1.0111
1981-04-14,-0.353
1981-04-15,1.123
1981-04-16,0.395
1981-04-20,0.5568
1981-04-21,-0.9007
1981-04-22,-0.067
1981-04-23,-0.1491
1981-04-24,0.8959
1981-04-27,0.2516
1981-04-28,-0.8488
1981-04-29,-0.9529
1981-04-30,-0.1804
1981-05-01,-0.0678
1981-05-04,-1.5446
1981-05-05,-0.2679
1981-05-06,0.353
1981-05-07,0.6805
1981-05-08,-0.0076
1981-05-11,-1.4811
1981-05-12,0.7787
1981-05-13,-0.13
1981-05-14,0.5592
1981-05-15,0.6779
1981-05-18,0.2799
1981-05-19,-0.3395
1981-05-20,-0.0681
1981-05-21,-0.1894
1981-05-22,-0.3188
1981-05-26,1.0965
1981-05-27,0.7532
1981-05-28,-0.2392
1981-05-29,-0.6444
1981-06-01,-0.1358
1981-06-02,-1.3519
1981-06-03,0.0689
1981-06-04,0.1913
1981-06-05,0.9621
1981-06-08,0.0151
1981-06-09,-0.2042
1981-06-10,0.2652
1981-06-11,1.0807
1981-06-12,-0.1944
1981-06-15,0.0899
1981-06-16,-1.0927
1981-06-17,0.8854
1981-06-18,-1.2601
1981-06-19,0.4786
1981-06-22,-0.2419
1981-06-23,1.061
1981-06-24,-0.5174
1981-06-25,0.1131
1981-06-26,-0.1882
1981-06-29,-0.5054
1981-06-30,-0.5156
1981-07-01,-1.0975
1981-07-02,-0.8708
1981-07-06,-0.9873
1981-07-07,0.683
1981-07-08,0.0624
1981-07-09,0.7637
1981-07-10,0.0541
1981-07-13,0.2087
1981-07-14,0.0077
1981-07-15,0.4474
1981-07-16,0.0845
1981-07-17,0.3222
1981-07-20,-1.5601
1981-07-21,-0.2952
1981-07-22,-0.9428
1981-07-23,0.2124
1981-07-24,0.832
1981-07-27,1.121
1981-07-28,-0.5851
1981-07-29,0.0155
1981-07-30,0.6581
1981-07-31,0.6999
1981-08-03,-0.3361
1981-08-04,0.5365
1981-08-05,1.1358
1981-08-06,-0.0226
1981-08-07,-0.671
1981-08-10,0.5996
1981-08-11,0.9884
1981-08-12,-0.3362
1981-08-13,0.0825
1981-08-14,-0.764
1981-08-17,-0.9586
1981-08-18,-0.8459
1981-08-19,0.2921
1981-08-20,0.1533
1981-08-21,-1.1171
1981-08-24,-2.8863
1981-08-25,-0.2948
1981-08-26,-0.1359
1981-08-27,-1.1604
1981-08-28,0.4615
1981-08-31,-1.0397
1981-09-01,0.1873
1981-09-02,0.3821
1981-09-03,-1.822
1981-09-04,-0.965
1981-09-08,-1.7407
1981-09-09,0.356
1981-09-10,1.4696
1981-09-11,1.2236
1981-09-14,-0.7812
1981-09-15,-0.7376
1981-09-16,-0.7514
1981-09-17,-1.447
1981-09-18,-0.7597
1981-09-21,0.8429
1981-09-22,-0.4777
1981-09-23,-0.8828
1981-09-24,-0.5534
1981-09-25,-1.9477
1981-09-28,2.4475
1981-09-29,0.3549
1981-09-30,0.207
1981-10-01,0.7747
1981-10-02,1.9474
1981-10-05,0.1257
1981-10-06,-0.1004
1981-10-07,1.6082
1981-10-08,0.8243
1981-10-09,-0.7031
1981-10-12,-0.1976
1981-10-13,-0.3548
1981-10-14,-1.6393
1981-10-15,0.766
1981-10-16,-0.4344
1981-10-19,-0.1762
1981-10-20,1.0926
1981-10-21,-0.1497
1981-10-22,-0.383
1981-10-23,-0.8693
1981-10-26,-0.371
1981-10-27,0.9563
1981-10-28,0.1341
1981-10-29,-0.3265
1981-10-30,2.377
1981-11-02,1.8952
1981-11-03,0.4831
1981-11-04,-0.0481
1981-11-05,-0.962
1981-11-06,-0.7042
1981-11-09,0.5054
1981-11-10,-0.4785
1981-11-11,0.1793
1981-11-12,0.2197
1981-11-13,-1.2339
1981-11-16,-1.1753
1981-11-17,0.7568
1981-11-18,-0.7346
1981-11-19,0.3742
1981-11-20,0.8284
1981-11-23,-0.0904
1981-11-24,1.5707
1981-11-25,0.4372
1981-11-27,0.8384
1981-11-30,1.0073
1981-12-01,-0.1979
1981-12-02,-1.1182
1981-12-03,0.3449
1981-12-04,0.9111
1981-12-07,-0.8475
1981-12-08,-0.2956
1981-12-09,0.5288
1981-12-10,0.1833
1981-12-11,-0.6205
1981-12-14,-1.721
1981-12-15,0.171
1981-12-16,-0.4635
1981-12-17,0.5718
1981-12-18,0.7147
1981-12-21,-0.5323
1981-12-22,-0.373
1981-12-23,-0.4639
1981-12-24,0.188
1981-12-28,-0.2203
1981-12-29,-0.4907
1981-12-30,0.5178
1981-12-31,0.2044
1982-01-04,0.155
1982-01-05,-2.1916
1982-01-06,-0.7247
1982-01-07,-0.2098
1982-01-08,0.5213
1982-01-11,-2.317
1982-01-12,-0.411
1982-01-13,-1.221
1982-01-14,0.5745
1982-01-15,0.6837
1982-01-18,0.7651
1982-01-19,-1.0664
1982-01-20,-0.6036
1982-01-21,0.4164
1982-01-22,-0.3197
1982-01-25,0.026
1982-01-26,-0.1906
1982-01-27,0.4775
1982-01-28,2.7475
1982-01-29,1.2445
1982-02-01,-2.1761
1982-02-02,0.1953
1982-02-03,-1.2965
1982-02-04,-0.0515
1982-02-05,0.7215
1982-02-08,-2.2429
1982-02-09,-0.8288
1982-02-10,0.8621
1982-02-11,-0.2006
1982-02-12,-0.0437
1982-02-16,-0.2798
1982-02-17,-0.3244
1982-02-18,0.1143
1982-02-19,-0.5271
1982-02-22,-1.4397
1982-02-23,-0.0717
1982-02-24,1.7577
1982-02-25,-0.2291
1982-02-26,-0.0883
1982-03-01,0.1768
1982-03-02,-0.556
1982-03-03,-1.5619
1982-03-04,-0.9376
1982-03-05,-0.4914
1982-03-08,-1.8292
1982-03-09,1.3881
1982-03-10,0.5329
1982-03-11,-0.0457
1982-03-12,-0.6858
1982-03-15,0.7734
1982-03-16,-0.1553
1982-03-17,-0.183
1982-03-18,1.1184
1982-03-19,0.2811
1982-03-22,1.9528
1982-03-23,0.6917
1982-03-24,-0.5108
1982-03-25,0.2124
1982-03-26,-1.1218
1982-03-29,0.3216
1982-03-30,-0.0267
1982-03-31,-0.2761
1982-04-01,1.6345
1982-04-02,1.1688
1982-04-05,-0.3388
1982-04-06,0.5491
1982-04-07,0.0867
1982-04-08,0.6582
1982-04-12,-0.1893
1982-04-13,-0.0086
1982-04-14,-0.1379
1982-04-15,0.4489
1982-04-16,0.3954
1982-04-19,-0.0942
1982-04-20,-1.0797
1982-04-21,0.2426
1982-04-22,1.2703
1982-04-23,1.2373
1982-04-26,0.5226
1982-04-27,-1.0565
1982-04-28,-0.6271
1982-04-29,-0.9551
1982-04-30,0.2583
1982-05-03,0.3263
1982-05-04,0.5479
1982-05-05,0.1788
1982-05-06,0.8583
1982-05-07,0.6657
1982-05-10,-0.9124
1982-05-11,0.8785
1982-05-12,-0.2093
1982-05-13,-0.7972
1982-05-14,-0.1776
1982-05-17,-1.1016
1982-05-18,-0.7454
1982-05-19,-0.8201
1982-05-20,-0.2611
1982-05-21,0.2618
1982-05-24,-0.087
1982-05-25,-0.3398
1982-05-26,-1.1276
1982-05-27,-0.3978
1982-05-28,-0.6923
1982-06-01,-0.1788
1982-06-02,0.3223
1982-06-03,-0.1607
1982-06-04,-1.5823
1982-06-07,0.0273
1982-06-08,-0.445
1982-06-09,-0.5838
1982-06-10,0.5689
1982-06-11,1.4871
1982-06-14,-1.1507
1982-06-15,-0.2455
1982-06-16,-0.7476
1982-06-17,-1.1665
1982-06-18,-0.2974
1982-06-21,-0.0746
1982-06-22,1.0261
1982-06-23,1.699
1982-06-24,-0.2815
1982-06-25,-0.6282
1982-06-28,1.0262
1982-06-29,-0.0453
1982-06-30,-0.5444
1982-07-01,-0.8211
1982-07-02,-0.9751
1982-07-06,-0.3344
1982-07-07,-0.0652
1982-07-08,0.2891
1982-07-09,1.209
1982-07-12,0.68
1982-07-13,-0.1095
1982-07-14,0.9045
1982-07-15,0.0272
1982-07-16,0.5431
1982-07-19,-0.3061
1982-07-20,0.7315
1982-07-21,-0.1076
1982-07-22,0.0539
1982-07-23,-0.2781
1982-07-26,-0.7286
1982-07-27,-0.8427
1982-07-28,-1.5444
1982-07-29,-0.0186
1982-07-30,-0.5848
1982-08-02,1.7649
1982-08-03,-1.0552
1982-08-04,-1.5673
1982-08-05,-0.9233
1982-08-06,-1.3789
1982-08-09,-0.6075
1982-08-10,-0.2328
1982-08-11,-0.2334
1982-08-12,-0.1754
1982-08-13,1.3962
1982-08-16,0.2311
1982-08-17,4.7555
1982-08-18,-0.4585
1982-08-19,0.5712
1982-08-20,3.5361
1982-08-23,2.734
1982-08-24,-0.6546
1982-08-25,1.9332
1982-08-26,0.825
1982-08-27,-1.2147
1982-08-30,0.4696
1982-08-31,1.5723
1982-09-01,-1.0543
1982-09-02,1.7252
1982-09-03,1.9869
1982-09-07,-1.0678
1982-09-08,0.6839
1982-09-09,-0.1882
1982-09-10,-0.8199
1982-09-13,1.0498
1982-09-14,0.7035
1982-09-15,0.9667
1982-09-16,-0.4184
1982-09-17,-0.9857
1982-09-20,-0.0326
1982-09-21,1.9345
1982-09-22,-0.7127
1982-09-23,-0.1452
1982-09-24,-0.3958
1982-09-27,0.2433
1982-09-28,-0.3074
1982-09-29,-1.3064
1982-09-30,-0.9948
1982-10-01,1.2872
1982-10-04,-0.3771
1982-10-05,0.3868
1982-10-06,3.271
1982-10-07,2.2466
1982-10-08,1.7469
1982-10-11,2.6097
1982-10-12,-0.0223
1982-10-13,1.6885
1982-10-14,-1.5654
1982-10-15,-0.7431
1982-10-18,2.3658
1982-10-19,-0.1097
1982-10-20,1.9403
1982-10-21,-0.1221
1982-10-22,-0.1654
1982-10-25,-3.9689
1982-10-26,0.8701
1982-10-27,0.6023
1982-10-28,-1.2566
1982-10-29,0.0973
1982-11-01,1.3087
1982-11-02,1.4911
1982-11-03,3.913
1982-11-04,-0.7139
1982-11-05,0.2185
1982-11-08,-1.2099
1982-11-09,1.8371
1982-11-10,-1.3005
1982-11-11,0.418
1982-11-12,-1.5661
1982-11-15,-1.7917
1982-11-16,-1.1749
1982-11-17,1.8535
1982-11-18,0.2973
1982-11-19,-0.9542
1982-11-22,-2.0435
1982-11-23,-0.9611
1982-11-24,0.7147
1982-11-26,0.7469
1982-11-29,-0.5042
1982-11-30,3.2265
1982-12-01,0.1372
1982-12-02,0.0721
1982-12-03,-0.0936
1982-12-06,2.2208
1982-12-07,0.6701
1982-12-08,-0.6306
1982-12-09,-1.2833
1982-12-10,-0.3071
1982-12-13,0.2723
1982-12-14,-1.8221
1982-12-15,-1.5721
1982-12-16,0.0444
1982-12-17,1.6186
1982-12-20,-0.9019
1982-12-21,1.7321
1982-12-22,0.1587
1982-12-23,0.6411
1982-12-27,1.7535
1982-12-28,-0.9847
1982-12-29,0.3339
1982-12-30,-0.6443
1982-12-31,0.2209
1983-01-03,-1.6354
1983-01-04,2.183
1983-01-05,0.4244
1983-01-06,2.3316
1983-01-07,-0.062
1983-01-10,1.1021
1983-01-11,-0.6813
1983-01-12,0.6242
1983-01-13,-0.6544
1983-01-14,0.6313
1983-01-17,0.0477
1983-01-18,-0.2181
1983-01-19,-0.7719
1983-01-20,0.7021
1983-01-21,-1.6679
1983-01-24,-2.6973
1983-01-25,1.2717
1983-01-26,-0.1481
1983-01-27,1.9288
1983-01-28,0.1664
1983-01-31,0.5467
1983-02-01,-1.6105
1983-02-02,0.1889
1983-02-03,0.7191
1983-02-04,1.3032
1983-02-07,0.5406
1983-02-08,-0.8371
1983-02-09,-0.4804
1983-02-10,1.7241
1983-02-11,0.1017
1983-02-14,0.8669
1983-02-15,-0.423
1983-02-16,-0.5866
1983-02-17,0.0068
1983-02-18,0.3798
1983-02-22,-1.7027
1983-02-23,0.9005
1983-02-24,1.9143
1983-02-25,0.0936
1983-02-28,-1.1219
1983-03-01,1.9046
1983-03-02,0.9411
1983-03-03,0.7748
1983-03-04,0.1238
1983-03-07,0.0
1983-03-08,-1.5683
1983-03-09,1.0644
1983-03-10,-0.6999
1983-03-11,-0.3689
1983-03-14,-0.2711
1983-03-15,0.358
1983-03-16,-1.0306
1983-03-17,-0.1469
1983-03-18,0.2072
1983-03-21,0.8606
1983-03-22,-0.3506
1983-03-23,1.4271
1983-03-24,0.3665
1983-03-25,-0.4564
1983-03-28,-0.5371
1983-03-29,-0.1712
1983-03-30,1.1874
1983-03-31,-0.2803
1983-04-04,0.0392
1983-04-05,-0.7319
1983-04-06,-0.5662
1983-04-07,0.4767
1983-04-08,0.7182
1983-04-11,1.4982
1983-04-12,0.4383
1983-04-13,0.6097
1983-04-14,0.8611
1983-04-15,0.3984
1983-04-18,0.6236
1983-04-19,-0.6448
1983-04-20,1.2602
1983-04-21,-0.4107
1983-04-22,0.2312
1983-04-25,-1.0036
1983-04-26,1.889
1983-04-27,-0.2287
1983-04-28,0.9353
1983-04-29,0.9083
1983-05-02,-1.4109
1983-05-03,0.1419
1983-05-04,0.5975
1983-05-05,0.594
1983-05-06,1.1079
1983-05-09,-0.1746
1983-05-10,0.0844
1983-05-11,-0.5966
1983-05-12,-0.4304
1983-05-13,0.4018
1983-05-16,-0.9157
1983-05-17,0.1897
1983-05-18,-0.2688
1983-05-19,-0.784
1983-05-20,0.0926
1983-05-23,0.7956
1983-05-24,1.2911
1983-05-25,0.4047
1983-05-26,-0.4392
1983-05-27,-0.6164
1983-05-31,-1.2587
1983-06-01,0.0985
1983-06-02,0.8797
1983-06-03,0.2683
1983-06-06,0.2494
1983-06-07,-1.2498
1983-06-08,-0.8663
1983-06-09,0.2913
1983-06-10,0.5252
1983-06-13,1.3278
1983-06-14,0.4186
1983-06-15,0.9606
1983-06-16,1.2087
1983-06-17,-0.0059
1983-06-20,-0.065
1983-06-21,0.8934
1983-06-22,0.2697
1983-06-23,-0.2456
1983-06-24,-0.0938
1983-06-27,-1.1443
1983-06-28,-1.6502
1983-06-29,0.5794
1983-06-30,0.6001
1983-07-01,0.5965
1983-07-05,-1.2097
1983-07-06,1.1285
1983-07-07,-0.5461
1983-07-08,-0.2865
1983-07-11,0.6165
1983-07-12,-1.5347
1983-07-13,-0.0423
1983-07-14,0.3324
1983-07-15,-1.0361
1983-07-18,-0.207
1983-07-19,0.5306
1983-07-20,2.712
1983-07-21,-0.1359
1983-07-22,-0.1006
1983-07-25,0.3789
1983-07-26,0.5899
1983-07-27,-1.724
1983-07-28,-1.5216
1983-07-29,-1.5027
1983-08-01,-0.3199
1983-08-02,-0.0185
1983-08-03,0.8827
1983-08-04,-1.291
1983-08-05,0.2541
1983-08-08,-1.5828
1983-08-09,0.5968
1983-08-10,0.8805
1983-08-11,0.0
1983-08-12,0.3838
1983-08-15,0.9497
1983-08-16,-0.1772
1983-08-17,1.1505
1983-08-18,-1.0527
1983-08-19,0.2629
1983-08-22,0.2195
1983-08-23,-0.9553
1983-08-24,-0.9338
1983-08-25,-0.2543
1983-08-26,0.8083
1983-08-29,0.0678
1983-08-30,0.2034
1983-08-31,1.1194
1983-09-01,-0.1034
1983-09-02,0.4689
1983-09-06,1.7515
1983-09-07,0.0417
1983-09-08,-0.1131
1983-09-09,-0.5066
1983-09-12,-0.8627
1983-09-13,-0.4109
1983-09-14,0.3337
1983-09-15,-0.5866
1983-09-16,1.1376
1983-09-19,0.8241
1983-09-20,0.9665
1983-09-21,-0.4904
1983-09-22,0.8016
1983-09-23,-0.1473
1983-09-26,0.3304
1983-09-27,-0.9643
1983-09-28,-0.2553
1983-09-29,-0.4583
1983-09-30,-0.6937
1983-10-03,-0.1566
1983-10-04,0.2774
1983-10-05,0.8841
1983-10-06,1.5142
1983-10-07,0.3054
1983-10-10,1.0831
1983-10-11,-1.338
1983-10-12,-0.4227
1983-10-13,0.1474
1983-10-14,-0.0059
1983-10-17,0.3356
1983-10-18,-1.5373
1983-10-19,-0.6436
1983-10-20,0.1499
1983-10-21,-0.6168
1983-10-24,0.0241
1983-10-25,0.2892
1983-10-26,-0.6548
1983-10-27,-0.3265
1983-10-28,-0.8918
1983-10-31,0.1102
1983-11-01,0.0673
1983-11-02,0.721
1983-11-03,-0.8432
1983-11-04,-0.6179
1983-11-07,-0.3263
1983-11-08,-0.0926
1983-11-09,1.3662
1983-11-10,0.2683
1983-11-11,1.1435
1983-11-14,0.1744
1983-11-15,-0.7324
1983-11-16,0.4354
1983-11-17,0.0301
1983-11-18,-0.626
1983-11-21,0.5815
1983-11-22,0.4758
1983-11-23,0.0719
1983-11-25,0.1318
1983-11-28,-0.3828
1983-11-29,0.8226
1983-11-30,-0.8993
1983-12-01,0.0541
1983-12-02,-0.6307
1983-12-05,0.1934
1983-12-06,-0.175
1983-12-07,0.2659
1983-12-08,-0.4279
1983-12-09,-0.0726
1983-12-12,0.3271
1983-12-13,-0.4166
1983-12-14,-0.9701
1983-12-15,-1.0225
1983-12-16,0.4516
1983-12-19,-0.0431
1983-12-20,-0.1971
1983-12-21,0.963
1983-12-22,-0.0183
1983-12-23,-0.1896
1983-12-27,0.9435
1983-12-28,0.352
1983-12-29,-0.2903
1983-12-30,0.0425
1984-01-03,-0.5396
1984-01-04,1.6703
1984-01-05,1.2172
1984-01-06,0.2784
1984-01-09,-0.2245
1984-01-10,-0.5625
1984-01-11,-0.0893
1984-01-12,-0.0298
1984-01-13,-0.4352
1984-01-16,0.0958
1984-01-17,0.3888
1984-01-18,-0.1668
1984-01-19,-0.3044
1984-01-20,-0.4969
1984-01-23,-0.8062
1984-01-24,0.649
1984-01-25,-0.6629
1984-01-26,-0.364
1984-01-27,-0.1827
1984-01-30,-0.6527
1984-01-31,0.3316
1984-02-01,-0.41
1984-02-02,0.381
1984-02-03,-1.4998
1984-02-06,-1.7587
1984-02-07,0.4175
1984-02-08,-1.8206
1984-02-09,-0.2759
1984-02-10,0.5662
1984-02-13,-0.8637
1984-02-14,1.0713
1984-02-15,-0.2299
1984-02-16,-0.0768
1984-02-17,-0.2498
1984-02-21,-0.7063
1984-02-22,-0.2134
1984-02-23,-0.013
1984-02-24,2.087
1984-02-27,1.1364
1984-02-28,-1.5568
1984-02-29,0.153
1984-03-01,0.7195
1984-03-02,0.6638
1984-03-05,-0.8478
1984-03-06,-1.0387
1984-03-07,-1.0752
1984-03-08,0.4011
1984-03-09,-0.5413
1984-03-12,1.2893
1984-03-13,0.2814
1984-03-14,-0.0064
1984-03-15,0.4082
1984-03-16,1.1816
1984-03-19,-0.9355
1984-03-20,0.6845
1984-03-21,-0.1259
1984-03-22,-1.2416
1984-03-23,0.1085
1984-03-26,-0.1211
1984-03-27,0.4021
1984-03-28,1.6402
1984-03-29,-0.2252
1984-03-30,-0.2131
1984-04-02,-0.7539
1984-04-03,-0.2026
1984-04-04,-0.0761
1984-04-05,-1.5869
1984-04-06,0.2838
1984-04-09,-0.0193
1984-04-10,0.2702
1984-04-11,-0.5582
1984-04-12,1.7613
1984-04-13,-0.2663
1984-04-16,0.642
1984-04-17,0.4106
1984-04-18,-0.6731
1984-04-19,0.076
1984-04-23,-0.7721
1984-04-24,0.8099
1984-04-25,0.3669
1984-04-26,1.04
1984-04-27,-0.2558
1984-04-30,0.1001
1984-05-01,1.0184
1984-05-02,0.1361
1984-05-03,-0.4324
1984-05-04,-1.2965
1984-05-07,0.2263
1984-05-08,0.6584
1984-05-09,-0.2554
1984-05-10,-0.0687
1984-05-11,-0.9437
1984-05-14,-0.6246
1984-05-15,0.3175
1984-05-16,-0.0063
1984-05-17,-0.8988
1984-05-18,-0.5046
1984-05-21,-0.674
1984-05-22,-0.5493
1984-05-23,-0.4744
1984-05-24,-1.2537
1984-05-25,0.2579
1984-05-29,-0.8772
1984-05-30,0.0399
1984-05-31,0.133
1984-06-01,1.7868
1984-06-04,0.7178
1984-06-05,-0.4471
1984-06-06,0.8851
1984-06-07,-0.0581
1984-06-08,0.1614
1984-06-11,-1.3598
1984-06-12,-0.5684
1984-06-13,-0.0394
1984-06-14,-1.1438
1984-06-15,-0.9043
1984-06-18,1.8117
1984-06-19,0.58
1984-06-20,1.4612
1984-06-21,-0.2131
1984-06-22,-0.0324
1984-06-25,-0.3172
1984-06-26,-0.8183
1984-06-27,-0.7007
1984-06-28,0.7913
1984-06-29,0.2225
1984-07-02,0.0131
1984-07-03,0.3264
1984-07-05,-0.6116
1984-07-06,-0.3404
1984-07-09,0.7357
1984-07-10,-0.3065
1984-07-11,-1.524
1984-07-12,-0.352
1984-07-13,0.5666
1984-07-16,0.4772
1984-07-17,0.5145
1984-07-18,-0.6431
1984-07-19,-0.6803
1984-07-20,-0.5453
1984-07-23,-0.4012
1984-07-24,-0.7586
1984-07-25,0.6833
1984-07-26,0.8399
1984-07-27,0.7396
1984-07-30,-0.6614
1984-07-31,0.3129
1984-08-01,2.27
1984-08-02,2.5376
1984-08-03,2.7597
1984-08-06,0.154
1984-08-07,0.0738
1984-08-08,-0.5961
1984-08-09,2.3431
1984-08-10,-0.0725
1984-08-13,0.006
1984-08-14,-0.6105
1984-08-15,-0.9853
1984-08-16,0.5958
1984-08-17,0.2259
1984-08-20,0.4874
1984-08-21,1.7522
1984-08-22,-0.4588
1984-08-23,0.0359
1984-08-24,0.2334
1984-08-27,-0.6388
1984-08-28,0.5768
1984-08-29,-0.1852
1984-08-30,-0.2933
1984-08-31,0.048
1984-09-04,-1.0799
1984-09-05,-0.3578
1984-09-06,0.8278
1984-09-07,-0.7727
1984-09-10,-0.0669
1984-09-11,0.1157
1984-09-12,0.1399
1984-09-13,1.9796
1984-09-14,0.5002
1984-09-17,0.0533
1984-09-18,-0.7224
1984-09-19,-0.4235
1984-09-20,0.3175
1984-09-21,-1.0748
1984-09-24,-0.2354
1984-09-25,0.2057
1984-09-26,0.3985
1984-09-27,0.4089
1984-09-28,-0.5151
1984-10-01,-0.891
1984-10-02,-0.6257
1984-10-03,-0.703
1984-10-04,0.2955
1984-10-05,-0.1473
1984-10-08,-0.3381
1984-10-09,-0.2837
1984-10-10,0.2722
1984-10-11,0.4133
1984-10-12,0.8601
1984-10-15,0.9684
1984-10-16,-0.5972
1984-10-17,-0.3884
1984-10-18,2.4126
1984-10-19,-0.0833
1984-10-22,-0.3572
1984-10-23,-0.1613
1984-10-24,0.0658
1984-10-25,-0.5323
1984-10-26,-0.6133
1984-10-29,-0.3085
1984-10-30,1.2502
1984-10-31,-0.4495
1984-11-01,0.8429
1984-11-02,-0.0418
1984-11-05,0.6929
1984-11-06,1.0855
1984-11-07,-0.7277
1984-11-08,-0.2896
1984-11-09,-0.6403
1984-11-12,-0.1432
1984-11-13,-0.8305
1984-11-14,0.0121
1984-11-15,-0.0602
1984-11-16,-1.079
1984-11-19,-0.6155
1984-11-20,0.6683
1984-11-21,0.201
1984-11-23,1.465
1984-11-26,-0.8208
1984-11-27,0.447
1984-11-28,-0.7637
1984-11-29,-0.6726
1984-11-30,-0.2013
1984-12-03,-0.4646
1984-12-04,0.3439
1984-12-05,-0.7834
1984-12-06,0.4072
1984-12-07,-0.3072
1984-12-10,0.3513
1984-12-11,0.1474
1984-12-12,-0.2698
1984-12-13,-0.5042
1984-12-14,0.5438
1984-12-17,0.5655
1984-12-18,2.7504
1984-12-19,-0.5651
1984-12-20,-0.4666
1984-12-21,-0.5229
1984-12-24,0.7552
1984-12-26,-0.1739
1984-12-27,-0.4325
1984-12-28,0.3077
1984-12-31,0.5894
1985-01-02,-1.1182
1985-01-03,-0.4838
1985-01-04,-0.5408
1985-01-07,0.3421
1985-01-08,-0.1522
1985-01-09,0.7257
1985-01-10,1.8949
1985-01-11,-0.2377
1985-01-14,1.5484
1985-01-15,0.1759
1985-01-16,0.2225
1985-01-17,-0.2687
1985-01-18,0.3456
1985-01-21,2.2823
1985-01-22,0.1427
1985-01-23,1.0372
1985-01-24,-0.3328
1985-01-25,0.3622
1985-01-28,0.0282
1985-01-29,1.0034
1985-01-30,0.1172
1985-01-31,0.1338
1985-02-01,-0.5567
1985-02-04,0.9629
1985-02-05,0.1442
1985-02-06,-0.0997
1985-02-07,0.7704
1985-02-08,0.2035
1985-02-11,-0.9221
1985-02-12,0.0277
1985-02-13,1.5452
1985-02-14,-0.5127
1985-02-15,-0.4441
1985-02-19,-0.1487
1985-02-20,-0.0827
1985-02-21,-0.5464
1985-02-22,-0.4606
1985-02-25,-0.0725
1985-02-26,1.0824
1985-02-27,-0.2539
1985-02-28,0.2601
1985-03-01,1.1315
1985-03-04,-0.6385
1985-03-05,0.0934
1985-03-06,-0.867
1985-03-07,-0.6311
1985-03-08,-0.2284
1985-03-11,-0.1731
1985-03-12,0.4866
1985-03-13,-0.8182
1985-03-14,-0.1964
1985-03-15,-0.7366
1985-03-18,0.1983
1985-03-19,1.5038
1985-03-20,-0.2562
1985-03-21,0.1508
1985-03-22,-0.1728
1985-03-25,-0.5976
1985-03-26,0.2585
1985-03-27,0.6221
1985-03-28,0.0
1985-03-29,0.6238
1985-04-01,0.3377
1985-04-02,-0.4082
1985-04-03,-0.7866
1985-04-04,-0.0447
1985-04-08,-0.5586
1985-04-09,0.1011
1985-04-10,0.679
1985-04-11,0.4292
1985-04-12,0.1942
1985-04-15,0.2105
1985-04-16,0.1548
1985-04-17,0.2649
1985-04-18,-0.4624
1985-04-19,0.1493
1985-04-22,-0.2264
1985-04-23,0.653
1985-04-24,0.2089
1985-04-25,0.6419
1985-04-26,-0.6815
1985-04-29,-0.8508
1985-04-30,-0.4429
1985-05-01,-0.8119
1985-05-02,0.3588
1985-05-03,0.5977
1985-05-06,-0.05
1985-05-07,0.4278
1985-05-08,-0.0775
1985-05-09,0.7197
1985-05-10,1.2973
1985-05-13,0.1791
1985-05-14,-0.4008
1985-05-15,0.3644
1985-05-16,0.6069
1985-05-17,0.948
1985-05-20,1.2272
1985-05-21,-0.0422
1985-05-22,-0.5695
1985-05-23,-0.5091
1985-05-24,0.3678
1985-05-28,-0.2284
1985-05-29,-0.0958
1985-05-30,0.0373
1985-05-31,0.9587
1985-06-03,-0.1213
1985-06-04,0.3803
1985-06-05,0.0631
1985-06-06,0.4733
1985-06-07,-0.7223
1985-06-10,-0.0896
1985-06-11,-0.248
1985-06-12,-0.7565
1985-06-13,-1.2153
1985-06-14,0.9551
1985-06-17,-0.3046
1985-06-18,0.4342
1985-06-19,-0.379
1985-06-20,0.0536
1985-06-21,1.5423
1985-06-24,-0.2426
1985-06-25,0.3119
1985-06-26,0.1687
1985-06-27,0.6156
1985-06-28,0.3242
1985-07-01,0.3023
1985-07-02,-0.2183
1985-07-03,-0.2917
1985-07-05,0.5589
1985-07-08,-0.3065
1985-07-09,-0.4585
1985-07-10,0.6909
1985-07-11,0.2963
1985-07-12,0.1814
1985-07-15,-0.2949
1985-07-16,1.0378
1985-07-17,0.4776
1985-07-18,-0.6491
1985-07-19,0.3858
1985-07-22,-0.3997
1985-07-23,-0.9262
1985-07-24,-0.5038
1985-07-25,0.2505
1985-07-26,0.177
1985-07-29,-1.4553
1985-07-30,0.1741
1985-07-31,0.5212
1985-08-01,0.6233
1985-08-02,-0.3279
1985-08-05,-0.4491
1985-08-06,-1.4112
1985-08-07,-0.133
1985-08-08,0.6767
1985-08-09,-0.3334
1985-08-12,-0.3664
1985-08-13,-0.1759
1985-08-14,0.0587
1985-08-15,-0.08
1985-08-16,-0.6195
1985-08-19,0.1505
1985-08-20,0.9121
1985-08-21,0.5742
1985-08-22,-0.9516
1985-08-23,-0.1014
1985-08-26,0.0748
1985-08-27,0.4218
1985-08-28,0.3881
1985-08-29,0.053
1985-08-30,-0.1588
1985-09-03,-0.3817
1985-09-04,-0.2874
1985-09-05,-0.0534
1985-09-06,0.518
1985-09-09,0.0053
1985-09-10,-0.7171
1985-09-11,-1.0005
1985-09-12,-0.7242
1985-09-13,-0.4246
1985-09-16,-0.0164
1985-09-17,-0.8311
1985-09-18,0.193
1985-09-19,0.9246
1985-09-20,-0.7307
1985-09-23,1.2359
1985-09-24,-0.9116
1985-09-25,-1.0733
1985-09-26,0.3487
1985-09-30,0.4358
1985-10-01,1.6421
1985-10-02,-0.5457
1985-10-03,0.163
1985-10-04,-0.6184
1985-10-07,-0.7368
1985-10-08,0.0
1985-10-09,0.3574
1985-10-10,0.1425
1985-10-11,0.8207
1985-10-14,1.1341
1985-10-15,-0.1556
1985-10-16,1.0211
1985-10-17,-0.1702
1985-10-18,-0.3304
1985-10-21,-0.0428
1985-10-22,0.5777
1985-10-23,0.5584
1985-10-24,-0.312
1985-10-25,-0.5199
1985-10-28,0.128
1985-10-29,0.7829
1985-10-30,0.4439
1985-10-31,-0.1315
1985-11-01,0.9009
1985-11-04,-0.1462
1985-11-05,0.5856
1985-11-06,0.2027
1985-11-07,-0.0726
1985-11-08,0.5711
1985-11-11,1.8377
1985-11-12,0.4055
1985-11-13,-0.4947
1985-11-14,0.9944
1985-11-15,-0.4772
1985-11-18,0.3029
1985-11-19,-0.0201
1985-11-20,0.1611
1985-11-21,1.2161
1985-11-22,0.0546
1985-11-25,-0.5806
1985-11-26,0.1597
1985-11-27,0.9319
1985-11-29,-0.1827
1985-12-02,-0.8458
1985-12-03,0.1995
1985-12-04,1.6778
1985-12-05,-0.1714
1985-12-06,-0.4365
1985-12-09,0.6207
1985-12-10,0.0685
1985-12-11,0.9394
1985-12-12,0.2036
1985-12-13,1.5527
1985-12-16,0.9908
1985-12-17,-0.6462
1985-12-18,-0.3988
1985-12-19,0.1001
1985-12-20,0.4381
1985-12-23,-1.1235
1985-12-24,-0.6856
1985-12-26,0.2462
1985-12-27,0.9439
1985-12-30,0.5105
1985-12-31,0.2848
1986-01-02,-0.7999
1986-01-03,0.6155
1986-01-06,-0.1091
1986-01-07,1.4954
1986-01-08,-2.7268
1986-01-09,-0.8944
1986-01-10,-0.0728
1986-01-13,0.369
1986-01-14,-0.0387
1986-01-15,0.784
1986-01-16,0.437
1986-01-17,-0.3538
1986-01-20,-0.4318
1986-01-21,-0.8384
1986-01-22,-1.1176
1986-01-23,0.3735
1986-01-24,1.0673
1986-01-27,0.465
1986-01-28,1.1669
1986-01-29,0.2288
1986-01-30,-0.4565
1986-01-31,1.1704
1986-02-03,1.0294
1986-02-04,-0.5468
1986-02-05,0.0799
1986-02-06,0.2395
1986-02-07,0.5106
1986-02-10,0.783
1986-02-11,-0.148
1986-02-12,0.0232
1986-02-13,0.6621
1986-02-14,1.0856
1986-02-18,1.2241
1986-02-19,-1.2093
1986-02-20,1.1194
1986-02-21,1.08
1986-02-24,-0.1247
1986-02-25,-0.2452
1986-02-26,0.1117
1986-02-27,1.2185
1986-02-28,0.0661
1986-03-03,-0.661
1986-03-04,-0.4614
1986-03-05,-0.0178
1986-03-06,0.3521
1986-03-07,0.1954
1986-03-10,0.4478
1986-03-11,2.2553
1986-03-12,0.3669
1986-03-13,0.2795
1986-03-14,1.4409
1986-03-17,-0.7948
1986-03-18,0.473
1986-03-19,-0.0763
1986-03-20,0.399
1986-03-21,-1.3528
1986-03-24,0.8528
1986-03-25,-0.2592
1986-03-26,1.0992
1986-03-27,0.7038
1986-03-31,-0.0293
1986-04-01,-1.5739
1986-04-02,0.2424
1986-04-03,-1.3746
1986-04-04,-1.626
1986-04-07,-0.0262
1986-04-08,2.1388
1986-04-09,0.0985
1986-04-10,1.1508
1986-04-11,-0.1988
1986-04-14,0.5552
1986-04-15,0.1896
1986-04-16,1.8887
1986-04-17,0.3344
1986-04-18,-0.2675
1986-04-21,0.9737
1986-04-22,-0.9479
1986-04-23,-0.2764
1986-04-24,0.1117
1986-04-25,0.1116
1986-04-28,0.3261
1986-04-29,-1.0573
1986-04-30,-2.0748
1986-05-01,-0.1529
1986-05-02,-0.1573
1986-05-05,1.2522
1986-05-06,-0.2061
1986-05-07,-0.489
1986-05-08,0.4448
1986-05-09,0.3036
1986-05-12,-0.1135
1986-05-13,-0.4925
1986-05-14,0.478
1986-05-15,-1.3093
1986-05-16,-0.7124
1986-05-19,0.189
1986-05-20,1.2479
1986-05-21,-0.2795
1986-05-22,1.9834
1986-05-23,0.5122
1986-05-27,1.4087
1986-05-28,0.7681
1986-05-29,0.5474
1986-05-30,-0.2541
1986-06-02,-0.9339
1986-06-03,0.1918
1986-06-04,-0.6395
1986-06-05,0.701
1986-06-06,0.0081
1986-06-09,-2.3243
1986-06-10,-0.1584
1986-06-11,0.647
1986-06-12,0.1493
1986-06-13,1.7558
1986-06-16,0.1628
1986-06-17,-0.7232
1986-06-18,0.2619
1986-06-19,-0.3796
1986-06-20,1.4423
1986-06-23,-0.9371
1986-06-24,0.7217
1986-06-25,0.7691
1986-06-26,-0.0763
1986-06-27,0.3457
1986-06-30,0.4968
1986-07-01,0.4784
1986-07-02,0.2619
1986-07-03,-0.3601
1986-07-07,-3.074
1986-07-08,-1.008
1986-07-09,0.5091
1986-07-10,0.0782
1986-07-11,-0.3251
1986-07-14,-1.6968
1986-07-15,-1.8689
1986-07-16,0.5778
1986-07-17,0.451
1986-07-18,0.1228
1986-07-21,-0.0508
1986-07-22,0.8212
1986-07-23,0.2057
1986-07-24,-0.3017
1986-07-25,0.954
1986-07-28,-1.7526
1986-07-29,-0.6186
1986-07-30,0.8698
1986-07-31,-0.1987
1986-08-01,-0.5125
1986-08-04,0.4598
1986-08-05,0.4407
1986-08-06,-0.0802
1986-08-07,0.0844
1986-08-08,-0.0675
1986-08-11,1.6042
1986-08-12,1.1052
1986-08-13,0.9575
1986-08-14,0.2361
1986-08-15,0.3655
1986-08-18,0.0931
1986-08-19,-0.3517
1986-08-20,1.3225
1986-08-21,-0.04
1986-08-22,0.2083
1986-08-25,-0.9513
1986-08-26,2.0298
1986-08-27,0.1819
1986-08-28,-0.1816
1986-08-29,0.0356
1986-09-02,-1.7436
1986-09-03,0.6277
1986-09-04,1.4995
1986-09-05,-1.3237
1986-09-08,-0.9303
1986-09-09,-0.1894
1986-09-10,-0.2463
1986-09-11,-4.8085
1986-09-12,-1.9177
1986-09-15,0.5506
1986-09-16,-0.0949
1986-09-17,-0.0173
1986-09-18,0.2719
1986-09-19,-0.043
1986-09-22,1.1714
1986-09-23,0.315
1986-09-24,0.2588
1986-09-25,-1.8834
1986-09-26,0.1725
1986-09-29,-0.999
1986-09-30,0.6133
1986-10-01,0.9856
1986-10-02,0.137
1986-10-03,-0.0898
1986-10-06,0.4578
1986-10-07,-0.1576
1986-10-08,0.9684
1986-10-09,-0.3507
1986-10-10,-0.1569
1986-10-13,0.1826
1986-10-14,-0.2289
1986-10-15,1.4573
1986-10-16,0.3057
1986-10-17,-0.2881
1986-10-20,-1.2016
1986-10-21,-0.0381
1986-10-22,0.1611
1986-10-23,1.2783
1986-10-24,-0.4263
1986-10-27,0.2141
1986-10-28,0.2052
1986-10-29,0.7022
1986-10-30,1.1497
1986-10-31,0.1108
1986-11-03,0.746
1986-11-04,0.1627
1986-11-05,0.1543
1986-11-06,-0.2879
1986-11-07,-0.0407
1986-11-10,0.1465
1986-11-11,0.386
1986-11-12,-0.1781
1986-11-13,-1.4677
1986-11-14,0.609
1986-11-17,-0.5276
1986-11-18,-2.6438
1986-11-19,0.3717
1986-11-20,1.8472
1986-11-21,1.5741
1986-11-24,0.6467
1986-11-25,0.291
1986-11-26,0.2418
1986-11-28,0.1809
1986-12-01,-0.0682
1986-12-02,1.9876
1986-12-03,-0.0591
1986-12-04,-0.3191
1986-12-05,-0.739
1986-12-08,-0.004
1986-12-09,-0.7485
1986-12-10,0.6739
1986-12-11,-1.1117
1986-12-12,-0.3304
1986-12-15,0.3477
1986-12-16,0.7373
1986-12-17,-0.9918
1986-12-18,-0.3151
1986-12-19,1.1954
1986-12-22,-0.3924
1986-12-23,-0.9688
1986-12-24,0.1664
1986-12-26,0.0689
1986-12-29,-0.9112
1986-12-30,-0.5313
1986-12-31,-0.4931
1987-01-02,1.7674
1987-01-05,2.3291
1987-01-06,0.234
1987-01-07,1.0088
1987-01-08,0.7637
1987-01-09,0.5636
1987-01-12,0.6068
1987-01-13,-0.1345
1987-01-14,1.0348
1987-01-15,1.0851
1987-01-16,0.2976
1987-01-19,1.1492
1987-01-20,-0.1114
1987-01-21,-0.446
1987-01-22,2.2663
1987-01-23,-1.391
1987-01-26,-0.1814
1987-01-27,1.5356
1987-01-28,0.6027
1987-01-29,-0.4212
1987-01-30,-0.0583
1987-02-02,0.8647
1987-02-03,-0.1664
1987-02-04,1.3225
1987-02-05,0.5436
1987-02-06,-0.3983
1987-02-09,-0.6713
1987-02-10,-1.1109
1987-02-11,0.898
1987-02-12,-0.6918
1987-02-13,1.4803
1987-02-17,2.0701
1987-02-18,-0.0245
1987-02-19,0.0526
1987-02-20,-0.0315
1987-02-23,-1.0859
1987-02-24,0.1771
1987-02-25,0.3959
1987-02-26,-0.3662
1987-02-27,0.4382
1987-03-02,-0.4222
1987-03-03,0.3958
1987-03-04,1.5838
1987-03-05,0.6583
1987-03-06,0.0482
1987-03-09,-0.8119
1987-03-10,0.888
1987-03-11,-0.1891
1987-03-12,0.3135
1987-03-13,-0.4567
1987-03-16,-0.5726
1987-03-17,1.471
1987-03-18,0.106
1987-03-19,0.444
1987-03-20,1.3908
1987-03-23,1.0028
1987-03-24,0.1594
1987-03-25,-0.4177
1987-03-26,0.1831
1987-03-27,-1.5951
1987-03-30,-2.3402
1987-03-31,0.8645
1987-04-01,0.2331
1987-04-02,0.4275
1987-04-03,2.309
1987-04-06,0.5126
1987-04-07,-1.742
1987-04-08,0.1921
1987-04-09,-1.4802
1987-04-10,-0.1263
1987-04-13,-2.3488
1987-04-14,-2.2617
1987-04-15,1.8914
1987-04-16,0.8684
1987-04-20,-0.2858
1987-04-21,2.4398
1987-04-22,-2.0063
1987-04-23,-0.1288
1987-04-24,-1.8478
1987-04-27,0.1101
1987-04-28,0.2413
1987-04-29,0.7292
1987-04-30,1.3318
1987-05-01,-0.1144
1987-05-04,0.4618
1987-05-05,2.0666
1987-05-06,0.044
1987-05-07,-0.2572
1987-05-08,-0.4547
1987-05-11,-0.6136
1987-05-12,0.5933
1987-05-13,0.2318
1987-05-14,0.0884
1987-05-15,-2.3144
1987-05-18,-0.2714
1987-05-19,-2.4525
1987-05-20,-0.5043
1987-05-21,0.7045
1987-05-22,0.7103
1987-05-26,2.4631
1987-05-27,-0.1314
1987-05-28,0.7031
1987-05-29,-0.227
1987-06-01,-0.0931
1987-06-02,-0.4727
1987-06-03,1.7368
1987-06-04,0.552
1987-06-05,-0.5558
1987-06-08,1.1143
1987-06-09,0.1887
1987-06-10,0.0639
1987-06-11,0.4236
1987-06-12,0.9674
1987-06-15,0.5039
1987-06-16,0.5344
1987-06-17,0.0164
1987-06-18,0.2887
1987-06-19,0.4187
1987-06-22,0.873
1987-06-23,-0.394
1987-06-24,-0.509
1987-06-25,0.6844
1987-06-26,-0.5826
1987-06-29,0.2409
1987-06-30,-1.2666
1987-07-01,-0.3487
1987-07-02,0.888
1987-07-06,-0.2323
1987-07-07,0.8133
1987-07-08,0.2895
1987-07-09,-0.2498
1987-07-10,0.2764
1987-07-13,-0.24
1987-07-14,0.9915
1987-07-15,-0.0837
1987-07-16,0.7345
1987-07-17,0.6044
1987-07-20,-1.0172
1987-07-21,-0.912
1987-07-22,-0.0259
1987-07-23,-0.214
1987-07-24,0.4743
1987-07-27,0.4462
1987-07-28,0.5408
1987-07-29,1.063
1987-07-30,0.7603
1987-07-31,0.1918
1987-08-03,-0.3421
1987-08-04,-0.422
1987-08-05,0.702
1987-08-06,1.143
1987-08-07,0.2825
1987-08-10,1.548
1987-08-11,1.625
1987-08-12,-0.282
1987-08-13,0.6799
1987-08-14,-0.1972
1987-08-17,0.0359
1987-08-18,-1.4546
1987-08-19,0.1762
1987-08-20,1.519
1987-08-21,0.3166
1987-08-24,-0.7651
1987-08-25,1.032
1987-08-26,-0.6533
1987-08-27,-0.9535
1987-08-28,-1.3097
1987-08-31,0.8439
1987-09-01,-1.9406
1987-09-02,-0.5318
1987-09-03,-0.457
1987-09-04,-1.0962
1987-09-08,-0.9915
1987-09-09,0.1148
1987-09-10,1.0226
1987-09-11,1.5293
1987-09-14,0.3416
1987-09-15,-1.6528
1987-09-16,-0.9064
1987-09-17,0.0222
1987-09-18,-0.0222
1987-09-21,-1.372
1987-09-22,2.8853
1987-09-23,0.529
1987-09-24,-0.4577
1987-09-25,0.1376
1987-09-28,0.9495
1987-09-29,-0.4672
1987-09-30,0.0435
1987-10-01,1.709
1987-10-02,0.2261
1987-10-05,0.003
1987-10-06,-2.7006
1987-10-07,-0.213
1987-10-08,-1.375
1987-10-09,-0.9836
1987-10-12,-0.5401
1987-10-13,1.6581
1987-10-14,-2.9537
1987-10-15,-2.3425
1987-10-16,-5.1597
1987-10-19,-20.4669
1987-10-20,5.3327
1987-10-21,9.0994
1987-10-22,-3.9206
1987-10-23,-0.0121
1987-10-26,-8.2789
1987-10-27,2.4246
1987-10-28,0.0386
1987-10-29,4.9254
1987-10-30,2.868
1987-11-02,1.5727
1987-11-03,-1.9277
1987-11-04,-0.7416
1987-11-05,2.2172
1987-11-06,-1.5993
1987-11-09,-2.8913
1987-11-10,-1.7148
1987-11-11,1.2134
1987-11-12,2.7367
1987-11-13,-1.1589
1987-11-16,0.456
1987-11-17,-1.5075
1987-11-18,1.0328
1987-11-19,-2.2399
1987-11-20,0.8123
1987-11-23,0.4091
1987-11-24,1.3992
1987-11-25,-0.9294
1987-11-27,-1.5404
1987-11-30,-4.1774
1987-12-01,0.7382
1987-12-02,0.625
1987-12-03,-3.5297
1987-12-04,-0.5728
1987-12-07,2.1615
1987-12-08,2.6884
1987-12-09,1.6943
1987-12-10,-2.227
1987-12-11,0.7492
1987-12-14,2.9194
1987-12-15,0.256
1987-12-16,2.1704
1987-12-17,-2.0558
1987-12-18,2.5434
1987-12-21,0.1525
1987-12-22,0.1643
1987-12-23,1.2843
1987-12-24,-0.4464
1987-12-28,-2.5632
1987-12-29,-0.3991
1987-12-30,1.3369
1987-12-31,-0.3147
1988-01-04,3.5859
1988-01-05,1.051
1988-01-06,0.1005
1988-01-07,0.8421
1988-01-08,-6.7683
1988-01-11,1.6804
1988-01-12,-0.8364
1988-01-13,0.1589
1988-01-14,0.0285
1988-01-15,2.5094
1988-01-18,-0.0674
1988-01-19,-1.0164
1988-01-20,-2.6833
1988-01-21,0.2102
1988-01-22,1.3819
1988-01-25,2.3002
1988-01-26,-1.0311
1988-01-27,-0.0761
1988-01-28,1.5679
1988-01-29,1.4924
1988-02-01,-0.7897
1988-02-02,0.2078
1988-02-03,-1.3147
1988-02-04,0.0
1988-02-05,-0.4956
1988-02-08,-0.7412
1988-02-09,1.0518
1988-02-10,1.9625
1988-02-11,-0.2766
1988-02-12,0.6564
1988-02-16,0.8539
1988-02-17,-0.2386
1988-02-18,-0.5015
1988-02-19,1.4346
1988-02-22,1.5405
1988-02-23,-0.2334
1988-02-24,-0.2226
1988-02-25,-1.0778
1988-02-26,0.3364
1988-02-29,2.0422
1988-03-01,-0.224
1988-03-02,0.2844
1988-03-03,-0.0373
1988-03-04,-0.2165
1988-03-07,0.0299
1988-03-08,0.7667
1988-03-09,-0.1373
1988-03-10,-1.9401
1988-03-11,0.4169
1988-03-14,0.5397
1988-03-15,-0.0901
1988-03-16,0.9469
1988-03-17,0.9566
1988-03-18,-0.0369
1988-03-21,-0.8778
1988-03-22,0.0372
1988-03-23,0.026
1988-03-24,-2.0676
1988-03-25,-1.8379
1988-03-28,-0.1741
1988-03-29,0.7789
1988-03-30,-0.769
1988-03-31,0.3177
1988-04-04,-1.0815
1988-04-05,0.945
1988-04-06,2.7001
1988-04-07,0.2524
1988-04-08,1.2286
1988-04-11,0.2709
1988-04-12,0.4479
1988-04-13,0.0774
1988-04-14,-4.356
1988-04-15,0.0077
1988-04-18,-0.2156
1988-04-19,-0.4977
1988-04-20,-0.694
1988-04-21,0.1132
1988-04-22,1.4507
1988-04-25,0.911
1988-04-26,0.5409
1988-04-27,-0.0493
1988-04-28,-0.4511
1988-04-29,-0.4874
1988-05-02,0.088
1988-05-03,0.5505
1988-05-04,-1.019
1988-05-05,-0.5877
1988-05-06,-0.5062
1988-05-09,-0.3651
1988-05-10,0.421
1988-05-11,-1.673
1988-05-12,0.2132
1988-05-13,1.1542
1988-05-16,0.7516
1988-05-17,-1.2833
1988-05-18,-1.5819
1988-05-19,0.4854
1988-05-20,0.1782
1988-05-23,-0.8655
1988-05-24,1.0685
1988-05-25,0.0986
1988-05-26,0.3428
1988-05-27,-0.4752
1988-05-31,3.4488
1988-06-01,1.728
1988-06-02,-0.51
1988-06-03,0.4221
1988-06-06,0.2252
1988-06-07,-0.704
1988-06-08,2.3947
1988-06-09,-0.4862
1988-06-10,0.3923
1988-06-13,0.0627
1988-06-14,1.0574
1988-06-15,0.0547
1988-06-16,-1.7052
1988-06-17,0.3373
1988-06-20,-0.6428
1988-06-21,1.0151
1988-06-22,1.4687
1988-06-23,-0.3047
1988-06-24,-0.3784
1988-06-27,-1.724
1988-06-28,1.2079
1988-06-29,-0.4884
1988-06-30,0.93
1988-07-01,-0.6289
1988-07-05,1.4828
1988-07-06,-1.3741
1988-07-07,-0.0882
1988-07-08,-0.6476
1988-07-11,0.1963
1988-07-12,-0.998
1988-07-13,0.5488
1988-07-14,0.349
1988-07-15,0.6623
1988-07-18,-0.5661
1988-07-19,-0.7541
1988-07-20,0.5699
1988-07-21,-1.237
1988-07-22,-1.185
1988-07-25,0.4478
1988-07-26,0.1927
1988-07-27,-1.0144
1988-07-28,1.341
1988-07-29,2.2555
1988-08-01,0.0698
1988-08-02,-0.0551
1988-08-03,0.3382
1988-08-04,-0.3846
1988-08-05,-0.2868
1988-08-08,-0.4315
1988-08-09,-1.2927
1988-08-10,-1.7224
1988-08-11,0.3246
1988-08-12,-0.0761
1988-08-15,-1.4702
1988-08-16,0.7229
1988-08-17,0.0806
1988-08-18,0.0997
1988-08-19,-0.3026
1988-08-22,-1.2527
1988-08-23,0.0428
1988-08-24,1.5714
1988-08-25,-0.7468
1988-08-26,0.1929
1988-08-29,1.0205
1988-08-30,0.0686
1988-08-31,-0.3771
1988-09-01,-1.2121
1988-09-02,2.3728
1988-09-06,0.4197
1988-09-07,0.1054
1988-09-08,0.0038
1988-09-09,0.3611
1988-09-12,-0.1387
1988-09-13,0.3603
1988-09-14,0.703
1988-09-15,-0.4382
1988-09-16,0.9398
1988-09-19,-0.6762
1988-09-20,0.3385
1988-09-21,0.1594
1988-09-22,-0.3627
1988-09-23,0.2155
1988-09-26,-0.3262
1988-09-27,-0.2306
1988-09-28,0.3057
1988-09-29,1.3044
1988-09-30,-0.2495
1988-10-03,-0.1949
1988-10-04,-0.2801
1988-10-05,0.4582
1988-10-06,0.195
1988-10-07,2.0852
1988-10-10,0.0611
1988-10-11,-0.1114
1988-10-12,-1.4212
1988-10-13,0.4526
1988-10-14,0.1017
1988-10-17,0.3303
1988-10-18,1.0745
1988-10-19,-0.8626
1988-10-20,2.1338
1988-10-21,0.2757
1988-10-24,-0.4865
1988-10-25,0.0354
1988-10-26,-0.3541
1988-10-27,-1.4571
1988-10-28,0.4508
1988-10-31,0.158
1988-11-01,0.0323
1988-11-02,0.0
1988-11-03,0.0502
1988-11-04,-1.0351
1988-11-07,-0.8614
1988-11-08,0.4454
1988-11-09,-0.6615
1988-11-10,0.1317
1988-11-11,-2.1082
1988-11-14,-0.0746
1988-11-15,0.2316
1988-11-16,-1.6844
1988-11-17,0.2957
1988-11-18,0.7067
1988-11-21,-0.0938
1988-11-22,0.3719
1988-11-23,0.6699
1988-11-25,-0.658
1988-11-28,0.5276
1988-11-29,0.845
1988-11-30,1.0299
1988-12-01,-0.4421
1988-12-02,-0.2496
1988-12-05,1.1479
1988-12-06,0.9675
1988-12-07,0.1945
1988-12-08,-0.5537
1988-12-09,0.1591
1988-12-12,-0.1841
1988-12-13,-0.0759
1988-12-14,-0.3619
1988-12-15,-0.3741
1988-12-16,0.7328
1988-12-19,0.9483
1988-12-20,-0.5163
1988-12-21,-0.0324
1988-12-22,-0.1839
1988-12-23,0.3612
1988-12-27,-0.3743
1988-12-28,0.0903
1988-12-29,0.8373
1988-12-30,-0.6013
1989-01-03,-0.8678
1989-01-04,1.4965
1989-01-05,0.2076
1989-01-06,0.2357
1989-01-09,0.1104
1989-01-10,-0.2135
1989-01-11,0.5814
1989-01-12,0.4113
1989-01-13,0.2472
1989-01-16,0.0951
1989-01-17,-0.2076
1989-01-18,1.051
1989-01-19,0.1326
1989-01-20,-0.0976
1989-01-23,-0.7431
1989-01-24,1.4025
1989-01-25,0.2253
1989-01-26,0.8819
1989-01-27,0.7302
1989-01-30,0.3982
1989-01-31,0.8407
1989-02-01,-0.1277
1989-02-02,-0.0841
1989-02-03,0.0438
1989-02-06,-0.3132
1989-02-07,1.2127
1989-02-08,-0.3271
1989-02-09,-0.8672
1989-02-10,-1.3646
1989-02-13,0.1781
1989-02-14,-0.2495
1989-02-15,0.8327
1989-02-16,0.1937
1989-02-17,0.6614
1989-02-21,-0.2628
1989-02-22,-1.713
1989-02-23,0.3919
1989-02-24,-1.6846
1989-02-27,0.2403
1989-02-28,0.3613
1989-03-01,-0.6058
1989-03-02,0.9892
1989-03-03,0.4242
1989-03-06,1.2467
1989-03-07,-0.3188
1989-03-08,0.0715
1989-03-09,-0.051
1989-03-10,-0.3572
1989-03-13,0.8331
1989-03-14,-0.061
1989-03-15,0.5184
1989-03-16,0.9337
1989-03-17,-2.2542
1989-03-20,-0.9464
1989-03-21,0.4863
1989-03-22,-0.2883
1989-03-23,-0.5198
1989-03-27,0.5502
1989-03-28,0.351
1989-03-29,0.2606
1989-03-30,0.0581
1989-03-31,0.8034
1989-04-03,0.5155
1989-04-04,-0.3644
1989-04-05,0.3149
1989-04-06,-0.3207
1989-04-07,0.6333
1989-04-10,-0.0168
1989-04-11,0.4645
1989-04-12,0.1675
1989-04-13,-0.8662
1989-04-14,1.6734
1989-04-17,0.1195
1989-04-18,1.4252
1989-04-19,0.3693
1989-04-20,-0.3126
1989-04-21,1.117
1989-04-24,-0.2971
1989-04-25,-0.6285
1989-04-26,0.0587
1989-04-27,0.8634
1989-04-28,0.0194
1989-05-01,-0.1679
1989-05-02,-0.3235
1989-05-03,0.013
1989-05-04,-0.1266
1989-05-05,-0.052
1989-05-08,-0.5234
1989-05-09,-0.2647
1989-05-10,0.1999
1989-05-11,0.3761
1989-05-12,2.2447
1989-05-15,0.7392
1989-05-16,-0.2783
1989-05-17,0.6978
1989-05-18,0.1543
1989-05-19,1.0284
1989-05-22,0.2304
1989-05-23,-1.1367
1989-05-24,0.2576
1989-05-25,0.0094
1989-05-26,0.7582
1989-05-30,-0.7898
1989-05-31,0.4607
1989-06-01,0.4524
1989-06-02,1.1026
1989-06-05,-1.0721
1989-06-06,0.6863
1989-06-07,0.8358
1989-06-08,-0.0612
1989-06-09,-0.0184
1989-06-12,-0.1377
1989-06-13,-0.7142
1989-06-14,-0.0247
1989-06-15,-1.158
1989-06-16,0.3968
1989-06-19,0.168
1989-06-20,-0.1988
1989-06-21,-0.2397
1989-06-22,0.5741
1989-06-23,1.7622
1989-06-26,-0.4268
1989-06-27,0.5634
1989-06-28,-0.8008
1989-06-29,-1.8815
1989-06-30,-0.5318
1989-07-03,0.3931
1989-07-05,0.4417
1989-07-06,0.2838
1989-07-07,1.0449
1989-07-10,0.6648
1989-07-11,0.5228
1989-07-12,0.3133
1989-07-13,0.0424
1989-07-14,0.5728
1989-07-17,0.1808
1989-07-18,-0.3279
1989-07-19,1.3219
1989-07-20,-0.6612
1989-07-21,0.7166
1989-07-24,-0.6639
1989-07-25,0.0629
1989-07-26,1.249
1989-07-27,1.1655
1989-07-28,0.0468
1989-07-31,1.1486
1989-08-01,-0.6733
1989-08-02,0.1716
1989-08-03,0.1162
1989-08-04,-0.2379
1989-08-07,1.5963
1989-08-08,-0.0172
1989-08-09,-0.6899
1989-08-10,0.3776
1989-08-11,-1.0079
1989-08-14,-0.4873
1989-08-15,0.481
1989-08-16,0.2756
1989-08-17,-0.3501
1989-08-18,0.4587
1989-08-21,-1.549
1989-08-22,0.1526
1989-08-23,1.0288
1989-08-24,1.9785
1989-08-25,-0.2845
1989-08-28,0.4479
1989-08-29,-0.639
1989-08-30,0.2315
1989-08-31,0.2281
1989-09-01,0.6487
1989-09-05,-0.3308
1989-09-06,-0.9417
1989-09-07,-0.2548
1989-09-08,0.1177
1989-09-11,-0.3154
1989-09-12,0.2991
1989-09-13,-0.9292
1989-09-14,-0.6658
1989-09-15,0.5537
1989-09-18,0.484
1989-09-19,-0.0519
1989-09-20,-0.0231
1989-09-21,-0.2222
1989-09-22,0.3905
1989-09-25,-0.8126
1989-09-26,0.0291
1989-09-27,0.2236
1989-09-28,1.0142
1989-09-29,0.1578
1989-10-02,0.4926
1989-10-03,1.0944
1989-10-04,0.6287
1989-10-05,0.0084
1989-10-06,0.507
1989-10-09,0.2843
1989-10-10,-0.1862
1989-10-11,-0.5959
1989-10-12,-0.4482
1989-10-13,-6.1172
1989-10-16,2.7574
1989-10-17,-0.4929
1989-10-18,0.1759
1989-10-19,1.5713
1989-10-20,0.0086
1989-10-23,-0.6712
1989-10-24,-0.3277
1989-10-25,-0.3491
1989-10-26,-1.3343
1989-10-27,-0.8493
1989-10-30,0.003
1989-10-31,1.5788
1989-11-01,0.2468
1989-11-02,-0.7972
1989-11-03,-0.2541
1989-11-06,-1.4839
1989-11-07,0.6614
1989-11-08,0.9976
1989-11-09,-0.4672
1989-11-10,0.7517
1989-11-13,0.1327
1989-11-14,-0.4594
1989-11-15,0.7545
1989-11-16,0.0117
1989-11-17,0.3024
1989-11-20,-0.6616
1989-11-21,0.0707
1989-11-22,0.6832
1989-11-24,0.6025
1989-11-27,0.4768
1989-11-28,0.0463
1989-11-29,-0.6276
1989-11-30,0.6956
1989-12-01,1.3411
1989-12-04,0.2225
1989-12-05,-0.5208
1989-12-06,-0.2946
1989-12-07,-0.2754
1989-12-08,0.3165
1989-12-11,-0.0373
1989-12-12,0.9095
1989-12-13,0.29
1989-12-14,-0.5159
1989-12-15,-0.2251
1989-12-18,-1.8421
1989-12-19,-0.3579
1989-12-20,0.111
1989-12-21,0.5659
1989-12-22,0.7657
1989-12-26,-0.1756
1989-12-27,0.5767
1989-12-28,0.5332
1989-12-29,0.7785
1990-01-02,1.7799
1990-01-03,-0.2586
1990-01-04,-0.8613
1990-01-05,-0.9756
1990-01-08,0.4514
1990-01-09,-1.1787
1990-01-10,-0.6607
1990-01-11,0.3513
1990-01-12,-2.4675
1990-01-15,-0.8619
1990-01-16,1.1128
1990-01-17,-0.9831
1990-01-18,0.2341
1990-01-19,0.2839
1990-01-22,-2.5859
1990-01-23,0.3723
1990-01-24,-0.4071
1990-01-25,-1.2657
1990-01-26,-0.0859
1990-01-29,-0.1842
1990-01-30,-0.6827
1990-01-31,1.8887
1990-02-01,-0.0881
1990-02-02,0.6478
1990-02-05,0.281
1990-02-06,-0.6599
1990-02-07,1.2407
1990-02-08,-0.2367
1990-02-09,0.1982
1990-02-12,-1.0611
1990-02-13,0.2848
1990-02-14,0.2991
1990-02-15,0.8674
1990-02-16,-0.648
1990-02-20,-1.4216
1990-02-21,-0.0976
1990-02-22,-0.6012
1990-02-23,-0.4759
1990-02-26,1.3944
1990-02-27,0.4838
1990-02-28,0.4936
1990-03-01,0.2561
1990-03-02,0.8415
1990-03-05,-0.5364
1990-03-06,1.2555
1990-03-07,-0.29
1990-03-08,0.9853
1990-03-09,-0.6877
1990-03-12,0.219
1990-03-13,-0.7884
1990-03-14,0.2589
1990-03-15,0.3562
1990-03-16,1.1359
1990-03-19,0.4738
1990-03-20,-0.5705
1990-03-21,-0.5358
1990-03-22,-1.1921
1990-03-23,0.4558
1990-03-26,0.1216
1990-03-27,1.1462
1990-03-28,0.1464
1990-03-29,-0.3538
1990-03-30,-0.2494
1990-04-02,-0.3648
1990-04-03,1.4585
1990-04-04,-0.7421
1990-04-05,-0.1055
1990-04-06,-0.1908
1990-04-09,0.3793
1990-04-10,0.2051
1990-04-11,-0.0439
1990-04-12,0.7078
1990-04-16,0.1162
1990-04-17,-0.0174
1990-04-18,-1.1489
1990-04-19,-0.7719
1990-04-20,-0.8785
1990-04-23,-1.2145
1990-04-24,-0.2084
1990-04-25,0.5055
1990-04-26,0.268
1990-04-27,-1.1444
1990-04-30,0.5135
1990-05-01,0.4383
1990-05-02,0.6712
1990-05-03,0.3259
1990-05-04,0.8404
1990-05-07,0.6324
1990-05-08,0.4346
1990-05-09,0.2485
1990-05-10,0.28
1990-05-11,2.3792
1990-05-14,0.7812
1990-05-15,-0.1325
1990-05-16,-0.079
1990-05-17,0.1328
1990-05-18,0.048
1990-05-21,0.9474
1990-05-22,0.1201
1990-05-23,0.2399
1990-05-24,-0.2449
1990-05-25,-1.0686
1990-05-29,1.7119
1990-05-30,0.0582
1990-05-31,0.1025
1990-06-01,0.5343
1990-06-04,1.1675
1990-06-05,-0.2069
1990-06-06,-0.4582
1990-06-07,-0.4959
1990-06-08,-1.2226
1990-06-11,0.814
1990-06-12,1.2775
1990-06-13,-0.3686
1990-06-14,-0.5481
1990-06-15,0.0028
1990-06-18,-1.6616
1990-06-19,0.4455
1990-06-20,0.1757
1990-06-21,0.3815
1990-06-22,-1.3982
1990-06-25,-0.8778
1990-06-26,-0.071
1990-06-27,0.8749
1990-06-28,0.7011
1990-06-29,0.1091
1990-07-02,0.4246
1990-07-03,0.1724
1990-07-05,-1.2439
1990-07-06,0.7704
1990-07-09,0.3069
1990-07-10,-0.8428
1990-07-11,1.3296
1990-07-12,1.1655
1990-07-13,0.5117
1990-07-16,0.4465
1990-07-17,-0.3876
1990-07-18,-0.8979
1990-07-19,0.302
1990-07-20,-1.0155
1990-07-23,-1.7422
1990-07-24,0.1351
1990-07-25,0.3654
1990-07-26,-0.3304
1990-07-27,-0.694
1990-07-30,0.597
1990-07-31,0.1688
1990-08-01,-0.1769
1990-08-02,-1.1364
1990-08-03,-1.8835
1990-08-06,-3.0244
1990-08-07,0.1196
1990-08-08,1.0513
1990-08-09,0.4699
1990-08-10,-1.3002
1990-08-13,0.9895
1990-08-14,0.1623
1990-08-15,0.1974
1990-08-16,-2.2555
1990-08-17,-1.3719
1990-08-20,0.2074
1990-08-21,-2.0243
1990-08-22,-1.6498
1990-08-23,-2.9979
1990-08-24,1.4492
1990-08-27,3.1877
1990-08-28,-0.0311
1990-08-29,0.8869
1990-08-30,-1.6904
1990-08-31,1.208
1990-09-04,0.1643
1990-09-05,0.4024
1990-09-06,-1.2115
1990-09-07,0.9174
1990-09-10,-0.5473
1990-09-11,-0.1834
1990-09-12,0.4672
1990-09-13,-1.2061
1990-09-14,-0.5712
1990-09-17,0.2967
1990-09-18,0.2612
1990-09-19,-0.6277
1990-09-20,-1.6172
1990-09-21,-0.0514
1990-09-24,-2.1618
1990-09-25,1.2049
1990-09-26,-1.0381
1990-09-27,-1.3407
1990-09-28,1.6879
1990-10-01,2.9048
1990-10-02,0.0857
1990-10-03,-1.2087
1990-10-04,0.4143
1990-10-05,-0.3806
1990-10-08,0.6356
1990-10-09,-2.6732
1990-10-10,-1.5438
1990-10-11,-1.6412
1990-10-12,1.5467
1990-10-15,1.0666
1990-10-16,-1.4214
1990-10-17,-0.0535
1990-10-18,2.3363
1990-10-19,2.2045
1990-10-22,0.7296
1990-10-23,-0.7625
1990-10-24,0.0768
1990-10-25,-0.7774
1990-10-26,-1.7603
1990-10-29,-0.9288
1990-10-30,0.7221
1990-10-31,-0.0197
1990-11-01,0.9934
1990-11-02,1.5732
1990-11-05,0.8786
1990-11-06,-0.9441
1990-11-07,-1.8003
1990-11-08,0.5229
1990-11-09,1.9928
1990-11-12,1.8295
1990-11-13,-0.5665
1990-11-14,0.8594
1990-11-15,-1.0549
1990-11-16,0.0315
1990-11-19,0.7001
1990-11-20,-1.262
1990-11-21,0.2283
1990-11-23,-0.2943
1990-11-26,0.4475
1990-11-27,0.5024
1990-11-28,-0.0472
1990-11-29,-0.4812
1990-11-30,1.833
1990-12-03,0.5835
1990-12-04,0.6942
1990-12-05,1.0939
1990-12-06,-0.2576
1990-12-07,-0.4011
1990-12-10,0.3478
1990-12-11,-0.7449
1990-12-12,1.1488
1990-12-13,-0.2574
1990-12-14,-0.7652
1990-12-17,-0.2448
1990-12-18,1.2361
1990-12-19,0.0454
1990-12-20,-0.0242
1990-12-21,0.4938
1990-12-24,-0.5576
1990-12-26,0.288
1990-12-27,-0.7738
1990-12-28,0.131
1990-12-31,0.4563
1991-01-02,-1.1417
1991-01-03,-1.3907
1991-01-04,-0.2827
1991-01-07,-1.7321
1991-01-08,-0.1712
1991-01-09,-1.0829
1991-01-10,0.976
1991-01-11,0.2226
1991-01-14,-0.8692
1991-01-15,0.3968
1991-01-16,0.7777
1991-01-17,3.7322
1991-01-18,1.2989
1991-01-21,-0.3522
1991-01-22,-0.8307
1991-01-23,0.5787
1991-01-24,1.384
1991-01-25,0.3853
1991-01-28,-0.0119
1991-01-29,-0.0565
1991-01-30,1.5096
1991-01-31,0.8859
1991-02-01,-0.2559
1991-02-04,1.542
1991-02-05,0.8383
1991-02-06,1.9387
1991-02-07,-0.4329
1991-02-08,0.7938
1991-02-11,2.5685
1991-02-12,-0.8356
1991-02-13,0.9631
1991-02-14,-1.3007
1991-02-15,1.3289
1991-02-19,0.0894
1991-02-20,-1.1505
1991-02-21,-0.0466
1991-02-22,0.1863
1991-02-25,0.4403
1991-02-26,-1.2117
1991-02-27,1.3588
1991-02-28,-0.1822
1991-03-01,0.9263
1991-03-04,-0.3077
1991-03-05,2.0009
1991-03-06,-0.146
1991-03-07,-0.0691
1991-03-08,-0.2554
1991-03-11,-0.5307
1991-03-12,-0.7856
1991-03-13,1.2269
1991-03-14,-0.2857
1991-03-15,0.0241
1991-03-18,-0.3962
1991-03-19,-1.4834
1991-03-20,0.3628
1991-03-21,-0.3642
1991-03-22,0.2455
1991-03-25,0.6395
1991-03-26,1.7495
1991-03-27,-0.2525
1991-03-28,-0.0346
1991-04-01,-1.0447
1991-04-02,2.2085
1991-04-03,-0.1476
1991-04-04,0.219
1991-04-05,-1.1612
1991-04-08,0.8792
1991-04-09,-1.3469
1991-04-10,-0.1098
1991-04-11,1.2006
1991-04-12,0.7335
1991-04-15,0.2077
1991-04-16,1.6868
1991-04-17,0.7301
1991-04-18,-0.5097
1991-04-19,-1.0966
1991-04-22,-0.8459
1991-04-23,0.2126
1991-04-24,0.2619
1991-04-25,-0.917
1991-04-26,-0.0606
1991-04-29,-1.4142
1991-04-30,0.4496
1991-05-01,1.3188
1991-05-02,0.0605
1991-05-03,0.0736
1991-05-06,-0.1891
1991-05-07,-0.7262
1991-05-08,0.3154
1991-05-09,1.2523
1991-05-10,-1.9596
1991-05-13,0.2715
1991-05-14,-1.3643
1991-05-15,-0.8207
1991-05-16,0.9822
1991-05-17,0.0537
1991-05-20,-0.0295
1991-05-21,0.8246
1991-05-22,0.2238
1991-05-23,-0.327
1991-05-24,0.6747
1991-05-28,1.1788
1991-05-29,0.2225
1991-05-30,1.0894
1991-05-31,0.7417
1991-06-03,-0.454
1991-06-04,-0.0825
1991-06-05,-0.6834
1991-06-06,-0.3791
1991-06-07,-1.0948
1991-06-10,-0.2267
1991-06-11,0.6551
1991-06-12,-1.1547
1991-06-13,0.2602
1991-06-14,1.234
1991-06-17,-0.565
1991-06-18,-0.4051
1991-06-19,-0.9245
1991-06-20,0.088
1991-06-21,0.6206
1991-06-24,-1.8028
1991-06-25,-0.0782
1991-06-26,0.2536
1991-06-27,0.7562
1991-06-28,-0.8654
1991-07-01,1.8213
1991-07-02,-0.1191
1991-07-03,-1.0968
1991-07-05,0.2009
1991-07-08,1.0319
1991-07-09,-0.4842
1991-07-10,-0.0984
1991-07-11,0.3274
1991-07-12,0.8701
1991-07-15,0.5628
1991-07-16,-0.2223
1991-07-17,-0.0944
1991-07-18,1.0992
1991-07-19,-0.2984
1991-07-22,-0.3488
1991-07-23,-0.9037
1991-07-24,-0.2056
1991-07-25,0.6127
1991-07-26,-0.0079
1991-07-29,0.5828
1991-07-30,0.9239
1991-07-31,0.2896
1991-08-01,-0.1779
1991-08-02,0.0155
1991-08-05,-0.5475
1991-08-06,1.4439
1991-08-07,-0.0154
1991-08-08,-0.3175
1991-08-09,-0.5651
1991-08-12,0.2325
1991-08-13,0.4123
1991-08-14,0.0719
1991-08-15,-0.1462
1991-08-16,-0.9632
1991-08-19,-2.3627
1991-08-20,0.7863
1991-08-21,2.9413
1991-08-22,0.1895
1991-08-23,0.7257
1991-08-26,-0.0812
1991-08-27,-0.2006
1991-08-28,0.9108
1991-08-29,-0.0429
1991-08-30,-0.2623
1991-09-03,-0.8295
1991-09-04,-0.5559
1991-09-05,-0.2128
1991-09-06,-0.0103
1991-09-09,-0.1362
1991-09-10,-1.032
1991-09-11,0.1378
1991-09-12,0.5843
1991-09-13,-0.9681
1991-09-16,0.5709
1991-09-17,-0.0726
1991-09-18,0.3735
1991-09-19,0.1602
1991-09-20,0.0929
1991-09-23,-0.5156
1991-09-24,0.4638
1991-09-25,-0.2141
1991-09-26,-0.1008
1991-09-27,-0.1527
1991-09-30,0.5079
1991-10-01,0.3455
1991-10-02,-0.2415
1991-10-03,-0.9762
1991-10-04,-0.8375
1991-10-07,-0.459
1991-10-08,0.3083
1991-10-09,-1.0166
1991-10-10,0.9952
1991-10-11,0.2365
1991-10-14,1.316
1991-10-15,1.1747
1991-10-16,0.4578
1991-10-17,-0.224
1991-10-18,0.148
1991-10-21,-0.6318
1991-10-22,-0.5615
1991-10-23,0.0284
1991-10-24,-0.7398
1991-10-25,-0.2259
1991-10-28,1.3847
1991-10-29,0.5032
1991-10-30,0.3781
1991-10-31,-0.1298
1991-11-01,-0.2879
1991-11-04,-0.2658
1991-11-05,-0.4023
1991-11-06,0.3241
1991-11-07,0.9616
1991-11-08,-0.2108
1991-11-11,0.0585
1991-11-12,0.9208
1991-11-13,0.1689
1991-11-14,-0.0654
1991-11-15,-3.6586
1991-11-18,0.6848
1991-11-19,-1.5107
1991-11-20,-0.2346
1991-11-21,0.4042
1991-11-22,-1.0314
1991-11-25,-0.2127
1991-11-26,0.698
1991-11-27,-0.3731
1991-11-29,-0.3532
1991-12-02,1.647
1991-12-03,-0.1154
1991-12-04,-0.2336
1991-12-05,-0.7051
1991-12-06,0.4531
1991-12-09,-0.2216
1991-12-10,-0.0952
1991-12-11,-0.0529
1991-12-12,1.0193
1991-12-13,0.7653
1991-12-16,-0.0026
1991-12-17,-0.4474
1991-12-18,0.1933
1991-12-19,-0.2503
1991-12-20,1.1816
1991-12-23,2.5269
1991-12-24,0.6325
1991-12-26,1.3798
1991-12-27,0.4002
1991-12-30,2.1355
1991-12-31,0.4697
1992-01-02,0.0408
1992-01-03,0.4985
1992-01-06,-0.3291
1992-01-07,-0.134
1992-01-08,0.1677
1992-01-09,-0.1172
1992-01-10,-0.601
1992-01-13,-0.1831
1992-01-14,1.4722
1992-01-15,0.0785
1992-01-16,-0.6084
1992-01-17,0.1554
1992-01-20,-0.5969
1992-01-21,-0.8935
1992-01-22,1.3305
1992-01-23,-0.7581
1992-01-24,0.1253
1992-01-27,-0.1179
1992-01-28,-0.0072
1992-01-29,-1.1134
1992-01-30,0.3119
1992-01-31,-0.69
1992-02-03,0.1835
1992-02-04,1.0549
1992-02-05,-0.0024
1992-02-06,-0.0048
1992-02-07,-0.6597
1992-02-10,0.6519
1992-02-11,-0.0024
1992-02-12,0.8145
1992-02-13,-0.8247
1992-02-14,-0.2925
1992-02-18,-1.2364
1992-02-19,0.216
1992-02-20,1.3815
1992-02-21,-0.5968
1992-02-24,0.2042
1992-02-25,-0.4415
1992-02-26,1.1938
1992-02-27,-0.3587
1992-02-28,-0.2803
1992-03-02,-0.0606
1992-03-03,0.097
1992-03-04,-0.8526
1992-03-05,-0.6889
1992-03-06,-0.5092
1992-03-09,0.1904
1992-03-10,0.4146
1992-03-11,-0.7029
1992-03-12,-0.0347
1992-03-13,0.4828
1992-03-16,0.1355
1992-03-17,0.785
1992-03-18,-0.105
1992-03-19,0.1589
1992-03-20,0.366
1992-03-23,-0.338
1992-03-24,-0.2513
1992-03-25,-0.3326
1992-03-26,0.0834
1992-03-27,-1.069
1992-03-30,-0.1239
1992-03-31,0.1712
1992-04-01,0.1338
1992-04-02,-0.9227
1992-04-03,0.2622
1992-04-06,1.0061
1992-04-07,-1.8566
1992-04-08,-0.8943
1992-04-09,1.5564
1992-04-10,0.911
1992-04-13,0.4428
1992-04-14,1.5539
1992-04-15,0.9433
1992-04-16,-0.0577
1992-04-20,-1.4085
1992-04-21,0.0195
1992-04-22,-0.1097
1992-04-23,0.4368
1992-04-24,-0.6268
1992-04-27,-0.1394
1992-04-28,0.1616
1992-04-29,0.7113
1992-04-30,0.7111
1992-05-01,-0.5832
1992-05-04,1.0617
1992-05-05,-0.0168
1992-05-06,-0.012
1992-05-07,-0.2255
1992-05-08,0.0481
1992-05-11,0.5865
1992-05-12,-0.5257
1992-05-13,0.0384
1992-05-14,-0.7948
1992-05-15,-0.7382
1992-05-18,0.6633
1992-05-19,0.8624
1992-05-20,-0.2354
1992-05-21,-0.6717
1992-05-22,0.3442
1992-05-26,-0.6304
1992-05-27,0.1847
1992-05-28,1.1088
1992-05-29,-0.3335
1992-06-01,0.4695
1992-06-02,-0.9106
1992-06-03,0.2636
1992-06-04,-0.3208
1992-06-05,0.0532
1992-06-08,-0.029
1992-06-09,-0.7983
1992-06-10,-0.6853
1992-06-11,0.442
1992-06-12,0.1736
1992-06-15,0.1293
1992-06-16,-0.4801
1992-06-17,-1.4841
1992-06-18,-0.3232
1992-06-19,0.6759
1992-06-22,-0.0669
1992-06-23,0.1587
1992-06-24,-0.0495
1992-06-25,-0.1783
1992-06-26,0.0819
1992-06-29,1.3608
1992-06-30,-0.1956
1992-07-01,1.1614
1992-07-02,-0.2688
1992-07-06,0.5027
1992-07-07,-1.1309
1992-07-08,0.2737
1992-07-09,0.9628
1992-07-10,0.0942
1992-07-13,0.0603
1992-07-14,0.6773
1992-07-15,-0.1389
1992-07-16,0.1055
1992-07-17,-0.4598
1992-07-20,-0.4499
1992-07-21,0.0024
1992-07-22,-0.684
1992-07-23,0.2799
1992-07-24,-0.1165
1992-07-27,-0.0146
1992-07-28,1.4531
1992-07-29,1.1281
1992-07-30,0.4003
1992-07-31,0.0684
1992-08-03,0.2074
1992-08-04,-0.1717
1992-08-05,-0.5114
1992-08-06,-0.379
1992-08-07,-0.4066
1992-08-10,0.1289
1992-08-11,-0.124
1992-08-12,-0.2674
1992-08-13,-0.012
1992-08-14,0.5219
1992-08-17,0.1977
1992-08-18,0.1426
1992-08-19,-0.7476
1992-08-20,0.0167
1992-08-21,-0.8153
1992-08-24,-0.9955
1992-08-25,0.2167
1992-08-26,0.4616
1992-08-27,0.0048
1992-08-28,0.3168
1992-08-31,-0.1953
1992-09-01,0.4927
1992-09-02,0.4591
1992-09-03,0.0
1992-09-04,-0.2153
1992-09-08,-0.633
1992-09-09,0.4633
1992-09-10,0.8622
1992-09-11,-0.0881
1992-09-14,1.3561
1992-09-15,-1.2933
1992-09-16,0.0357
1992-09-17,0.0024
1992-09-18,0.7144
1992-09-21,-0.1868
1992-09-22,-1.1844
1992-09-23,0.0719
1992-09-24,0.2467
1992-09-25,-0.9845
1992-09-28,0.5478
1992-09-29,0.0432
1992-09-30,0.2399
1992-10-01,-0.3614
1992-10-02,-1.3981
1992-10-05,-0.7065
1992-10-06,-0.0957
1992-10-07,-0.7196
1992-10-08,0.8658
1992-10-09,-1.2483
1992-10-12,1.1871
1992-10-13,0.4565
1992-10-14,0.0171
1992-10-15,0.0562
1992-10-16,0.52
1992-10-19,0.7894
1992-10-20,0.1205
1992-10-21,0.0457
1992-10-22,-0.1852
1992-10-23,-0.1928
1992-10-26,0.9804
1992-10-27,0.0789
1992-10-28,0.3919
1992-10-29,0.1738
1992-10-30,-0.518
1992-11-02,0.9721
1992-11-03,-0.6694
1992-11-04,-0.6692
1992-11-05,0.2949
1992-11-06,-0.1817
1992-11-09,0.2419
1992-11-10,0.0072
1992-11-11,0.8552
1992-11-12,0.1587
1992-11-13,-0.1041
1992-11-16,-0.4143
1992-11-17,-0.3352
1992-11-18,0.8539
1992-11-19,0.1797
1992-11-20,0.7176
1992-11-23,-0.3586
1992-11-24,0.581
1992-11-25,0.3742
1992-11-27,0.226
1992-11-30,0.2766
1992-12-01,-0.1321
1992-12-02,-0.2066
1992-12-03,0.0047
1992-12-04,0.5001
1992-12-07,0.7522
1992-12-08,0.3859
1992-12-09,-0.3066
1992-12-10,-0.2318
1992-12-11,-0.2094
1992-12-14,-0.2052
1992-12-15,-0.0624
1992-12-16,-0.2427
1992-12-17,0.9061
1992-12-18,1.3435
1992-12-21,-0.1314
1992-12-22,-0.0885
1992-12-23,-0.2907
1992-12-24,0.1686
1992-12-28,-0.141
1992-12-29,-0.2664
1992-12-30,0.1918
1992-12-31,-0.7087
1993-01-04,-0.0757
1993-01-05,-0.2389
1993-01-06,0.0414
1993-01-07,-0.8722
1993-01-08,-0.39
1993-01-11,0.4428
1993-01-12,0.0209
1993-01-13,0.4617
1993-01-14,0.672
1993-01-15,0.2776
1993-01-18,-0.0709
1993-01-19,-0.3914
1993-01-20,-0.4045
1993-01-21,0.4892
1993-01-22,0.1424
1993-01-25,0.8943
1993-01-26,-0.0136
1993-01-27,-0.4182
1993-01-28,0.1255
1993-01-29,0.0274
1993-02-01,0.8524
1993-02-02,0.0068
1993-02-03,1.0507
1993-02-04,0.5277
1993-02-05,-0.1401
1993-02-08,-0.2406
1993-02-09,-0.5627
1993-02-10,0.2021
1993-02-11,0.3205
1993-02-12,-0.688
1993-02-16,-2.4
1993-02-17,-0.1406
1993-02-18,-0.3231
1993-02-19,0.5372
1993-02-22,0.2349
1993-02-23,-0.1011
1993-02-24,1.396
1993-02-25,0.3334
1993-02-26,0.2351
1993-03-01,-0.309
1993-03-02,1.3325
1993-03-03,0.3036
1993-03-04,-0.4274
1993-03-05,-0.275
1993-03-08,1.9278
1993-03-09,-0.0682
1993-03-10,0.4247
1993-03-11,-0.572
1993-03-12,-0.8574
1993-03-15,0.3557
1993-03-16,-0.0133
1993-03-17,-0.6779
1993-03-18,0.7986
1993-03-19,-0.3784
1993-03-22,-0.2888
1993-03-23,-0.0267
1993-03-24,-0.1538
1993-03-25,0.6271
1993-03-26,-0.6875
1993-03-29,0.6677
1993-03-30,0.2662
1993-03-31,-0.0664
1993-04-01,-0.3033
1993-04-02,-1.9787
1993-04-05,0.2039
1993-04-06,-0.2555
1993-04-07,0.3559
1993-04-08,-0.201
1993-04-12,1.4779
1993-04-13,0.1896
1993-04-14,-0.1247
1993-04-15,-0.058
1993-04-16,0.1204
1993-04-19,-0.3297
1993-04-20,-0.5274
1993-04-21,-0.3303
1993-04-22,-0.94
1993-04-23,-0.553
1993-04-26,-0.7986
1993-04-27,1.031
1993-04-28,0.0023
1993-04-29,0.1986
1993-04-30,0.2962
1993-05-03,0.5157
1993-05-04,0.3594
1993-05-05,0.1058
1993-05-06,-0.2835
1993-05-07,-0.2143
1993-05-10,0.1108
1993-05-11,0.3523
1993-05-12,0.099
1993-05-13,-1.2522
1993-05-14,0.0751
1993-05-17,0.1843
1993-05-18,-0.0114
1993-05-19,1.6465
1993-05-20,0.6748
1993-05-21,-1.0542
1993-05-24,0.4845
1993-05-25,0.1897
1993-05-26,1.0226
1993-05-27,-0.2272
1993-05-28,-0.4907
1993-06-01,0.8085
1993-06-02,0.0044
1993-06-03,-0.2997
1993-06-04,-0.537
1993-06-07,-0.5266
1993-06-08,-0.6656
1993-06-09,0.2406
1993-06-10,-0.0897
1993-06-11,0.4221
1993-06-14,0.1006
1993-06-15,-0.3216
1993-06-16,0.2599
1993-06-17,0.2481
1993-06-18,-1.0835
1993-06-21,0.5725
1993-06-22,-0.065
1993-06-23,-0.6144
1993-06-24,0.7739
1993-06-25,0.2194
1993-06-28,0.9495
1993-06-29,-0.2567
1993-06-30,-0.0355
1993-07-01,-0.3352
1993-07-02,-0.7082
1993-07-06,-0.9891
1993-07-07,0.3172
1993-07-08,1.312
1993-07-09,-0.1181
1993-07-12,0.1941
1993-07-13,-0.1982
1993-07-14,0.4441
1993-07-15,-0.1911
1993-07-16,-0.7725
1993-07-19,0.0628
1993-07-20,0.287
1993-07-21,-0.0291
1993-07-22,-0.5971
1993-07-23,0.5827
1993-07-26,0.4451
1993-07-27,-0.1893
1993-07-28,-0.2342
1993-07-29,0.682
1993-07-30,-0.4686
1993-08-02,0.4508
1993-08-03,-0.1955
1993-08-04,-0.1625
1993-08-05,-0.0914
1993-08-06,0.1227
1993-08-09,0.4547
1993-08-10,-0.2818
1993-08-11,0.2247
1993-08-12,-0.333
1993-08-13,0.2628
1993-08-16,0.4976
1993-08-17,0.1658
1993-08-18,0.6422
1993-08-19,0.0855
1993-08-20,-0.0592
1993-08-23,-0.2039
1993-08-24,0.9973
1993-08-25,0.0783
1993-08-26,0.1978
1993-08-27,-0.1085
1993-08-30,0.2953
1993-08-31,0.3594
1993-09-01,-0.0884
1993-09-02,-0.3994
1993-09-03,0.0087
1993-09-07,-0.6113
1993-09-08,-0.4078
1993-09-09,0.1861
1993-09-10,0.9224
1993-09-13,0.0736
1993-09-14,-0.4675
1993-09-15,0.3696
1993-09-16,-0.4701
1993-09-17,-0.1306
1993-09-20,-0.8238
1993-09-21,-0.4615
1993-09-22,0.7175
1993-09-23,0.3376
1993-09-24,-0.024
1993-09-27,0.9112
1993-09-28,-0.0585
1993-09-29,-0.3077
1993-09-30,-0.2565
1993-10-01,0.5121
1993-10-04,0.013
1993-10-05,-0.0303
1993-10-06,-0.0997
1993-10-07,-0.3386
1993-10-08,0.2461
1993-10-11,0.1238
1993-10-12,0.0521
1993-10-13,0.0802
1993-10-14,1.1571
1993-10-15,0.5719
1993-10-18,-0.2236
1993-10-19,-0.4782
1993-10-20,-0.03
1993-10-21,-0.1523
1993-10-22,-0.4491
1993-10-25,0.2007
1993-10-26,0.0215
1993-10-27,0.0668
1993-10-28,0.6715
1993-10-29,0.0214
1993-11-01,0.2715
1993-11-02,-0.1407
1993-11-03,-1.157
1993-11-04,-1.1943
1993-11-05,0.4547
1993-11-08,0.1393
1993-11-09,0.0261
1993-11-10,0.7364
1993-11-11,-0.2329
1993-11-12,0.5944
1993-11-15,-0.3524
1993-11-16,0.6447
1993-11-17,-0.4135
1993-11-18,-0.256
1993-11-19,-0.22
1993-11-22,-0.7501
1993-11-23,0.4138
1993-11-24,0.2885
1993-11-26,0.1514
1993-11-29,-0.2505
1993-11-30,-0.0238
1993-12-01,0.0217
1993-12-02,0.2641
1993-12-03,0.3844
1993-12-06,0.3313
1993-12-07,0.0708
1993-12-08,-0.1007
1993-12-09,-0.4525
1993-12-10,-0.0539
1993-12-13,0.3815
1993-12-14,-0.5669
1993-12-15,-0.2635
1993-12-16,0.3248
1993-12-17,0.6561
1993-12-20,-0.1136
1993-12-21,-0.1181
1993-12-22,0.4341
1993-12-23,0.0128
1993-12-27,0.6761
1993-12-28,0.085
1993-12-29,-0.0764
1993-12-30,-0.4123
1993-12-31,-0.4673
1994-01-03,-0.2165
1994-01-04,0.3115
1994-01-05,0.1414
1994-01-06,-0.092
1994-01-07,0.5951
1994-01-10,1.1428
1994-01-11,-0.2399
1994-01-12,0.0084
1994-01-13,-0.3585
1994-01-14,0.5164
1994-01-17,-0.339
1994-01-18,0.2007
1994-01-19,0.0105
1994-01-20,0.1434
1994-01-21,-0.0547
1994-01-24,-0.5793
1994-01-25,-0.2225
1994-01-26,0.4842
1994-01-27,0.8136
1994-01-28,0.3459
1994-01-31,0.6079
1994-02-01,-0.4132
1994-02-02,0.4962
1994-02-03,-0.2676
1994-02-04,-2.2675
1994-02-07,0.4151
1994-02-08,-0.1505
1994-02-09,0.3651
1994-02-10,-0.8122
1994-02-11,0.2666
1994-02-14,0.0106
1994-02-15,0.487
1994-02-16,0.0571
1994-02-17,-0.5182
1994-02-18,-0.5634
1994-02-22,0.8061
1994-02-23,-0.1633
1994-02-24,-1.3661
1994-02-25,0.3899
1994-02-28,0.2296
1994-03-01,-0.578
1994-03-02,0.0797
1994-03-03,-0.3873
1994-03-04,0.3736
1994-03-07,0.4669
1994-03-08,-0.2206
1994-03-09,0.2533
1994-03-10,-0.6766
1994-03-11,0.5475
1994-03-14,0.2037
1994-03-15,-0.0813
1994-03-16,0.516
1994-03-17,0.3153
1994-03-18,0.034
1994-03-21,-0.535
1994-03-22,0.0555
1994-03-23,-0.0555
1994-03-24,-0.8943
1994-03-25,-0.8119
1994-03-28,-0.1259
1994-03-29,-1.6348
1994-03-30,-1.5316
1994-03-31,0.0494
1994-04-04,-1.5367
1994-04-05,2.1348
1994-04-06,-0.0535
1994-04-07,0.6316
1994-04-08,-0.8384
1994-04-11,0.6195
1994-04-12,-0.5113
1994-04-13,-0.2927
1994-04-14,0.0269
1994-04-15,-0.0448
1994-04-18,-0.8337
1994-04-19,0.0181
1994-04-20,-0.1311
1994-04-21,1.5318
1994-04-22,-0.2451
1994-04-25,1.1349
1994-04-26,-0.1855
1994-04-28,-0.613
1994-04-29,0.403
1994-05-02,0.4679
1994-05-03,0.0022
1994-05-04,-0.2892
1994-05-05,-0.0753
1994-05-06,-0.7887
1994-05-09,-1.2282
1994-05-10,0.8342
1994-05-11,-1.0134
1994-05-12,0.5119
1994-05-13,0.0879
1994-05-16,0.0788
1994-05-17,1.0979
1994-05-18,0.9613
1994-05-19,0.615
1994-05-20,-0.3417
1994-05-23,-0.3781
1994-05-24,0.3553
1994-05-25,0.3364
1994-05-26,0.1578
1994-05-27,0.0591
1994-05-31,-0.1815
1994-06-01,0.2475
1994-06-02,0.0044
1994-06-03,0.5419
1994-06-06,-0.2717
1994-06-07,-0.146
1994-06-08,-0.251
1994-06-09,0.175
1994-06-10,0.1769
1994-06-13,0.0937
1994-06-14,0.7123
1994-06-15,-0.3806
1994-06-16,0.2866
1994-06-17,-0.7534
1994-06-20,-0.6478
1994-06-21,-0.9089
1994-06-22,0.3877
1994-06-23,-0.7636
1994-06-24,-1.519
1994-06-27,1.0185
1994-06-28,-0.2772
1994-06-29,0.3497
1994-06-30,-0.7506
1994-07-01,0.4344
1994-07-05,0.0381
1994-07-06,-0.0538
1994-07-07,0.5043
1994-07-08,0.2609
1994-07-11,-0.3314
1994-07-12,-0.0246
1994-07-13,0.1741
1994-07-14,1.0429
1994-07-15,0.1654
1994-07-18,0.2334
1994-07-19,-0.2988
1994-07-20,-0.498
1994-07-21,0.2236
1994-07-22,0.1105
1994-07-25,0.2516
1994-07-26,-0.1959
1994-07-27,-0.1743
1994-07-28,0.369
1994-07-29,0.885
1994-08-01,0.6001
1994-08-02,-0.0976
1994-08-03,0.1932
1994-08-04,-0.661
1994-08-05,-0.2858
1994-08-08,0.175
1994-08-09,0.0066
1994-08-10,0.5197
1994-08-11,-0.3085
1994-08-12,0.6668
1994-08-15,-0.1537
1994-08-16,0.8195
1994-08-17,0.0344
1994-08-18,-0.43
1994-08-19,0.1101
1994-08-22,-0.2933
1994-08-23,0.4737
1994-08-24,0.9731
1994-08-25,-0.2025
1994-08-26,1.222
1994-08-29,0.1667
1994-08-30,0.3118
1994-08-31,-0.1218
1994-09-01,-0.4879
1994-09-02,-0.4607
1994-09-06,0.1847
1994-09-07,-0.1844
1994-09-08,0.4565
1994-09-09,-1.0483
1994-09-12,-0.4208
1994-09-13,0.2788
1994-09-14,0.2759
1994-09-15,1.282
1994-09-16,-0.7624
1994-09-19,-0.0722
1994-09-20,-1.5907
1994-09-21,-0.41
1994-09-22,-0.0412
1994-09-23,-0.3469
1994-09-26,0.2502
1994-09-27,0.2669
1994-09-28,0.6038
1994-09-29,-0.5593
1994-09-30,0.1017
1994-10-03,-0.2096
1994-10-04,-1.5485
1994-10-05,-0.2354
1994-10-06,-0.2558
1994-10-07,0.6057
1994-10-10,0.8657
1994-10-11,1.4705
1994-10-12,-0.0687
1994-10-13,0.4984
1994-10-14,0.28
1994-10-17,-0.0298
1994-10-18,-0.2772
1994-10-19,0.5602
1994-10-20,-0.7294
1994-10-21,-0.4198
1994-10-24,-0.8733
1994-10-25,0.1519
1994-10-26,0.2362
1994-10-27,0.6982
1994-10-28,1.7001
1994-10-31,-0.2997
1994-11-01,-0.832
1994-11-02,-0.4078
1994-11-03,0.3001
1994-11-04,-1.2032
1994-11-07,0.1709
1994-11-08,0.5572
1994-11-09,-0.0537
1994-11-10,-0.2213
1994-11-11,-0.435
1994-11-14,0.7981
1994-11-15,-0.2167
1994-11-16,0.1269
1994-11-17,-0.4403
1994-11-18,-0.453
1994-11-21,-0.6869
1994-11-22,-1.7914
1994-11-23,-0.0355
1994-11-25,0.5245
1994-11-28,0.4135
1994-11-29,0.2224
1994-11-30,-0.3252
1994-12-01,-1.0514
1994-12-02,0.9757
1994-12-05,0.0044
1994-12-06,-0.0463
1994-12-07,-0.4149
1994-12-08,-1.2809
1994-12-09,0.339
1994-12-12,0.5616
1994-12-13,0.1513
1994-12-14,1.0708
1994-12-15,0.0813
1994-12-16,0.7599
1994-12-19,-0.194
1994-12-20,-0.1769
1994-12-21,0.5491
1994-12-22,0.0152
1994-12-23,0.0326
1994-12-27,0.5741
1994-12-28,-0.3481
1994-12-29,0.0673
1994-12-30,-0.412
1995-01-03,-0.0348
1995-01-04,0.3485
1995-01-05,-0.0803
1995-01-06,0.0739
1995-01-09,0.0326
1995-01-10,0.1844
1995-01-11,-0.0043
1995-01-12,-0.0043
1995-01-13,0.938
1995-01-16,0.7318
1995-01-17,0.1427
1995-01-18,-0.0723
1995-01-19,-0.5876
1995-01-20,-0.4647
1995-01-23,0.2238
1995-01-24,0.0086
1995-01-25,0.3392
1995-01-26,0.1883
1995-01-27,0.442
1995-01-30,-0.3997
1995-01-31,0.4077
1995-02-01,-0.0043
1995-02-02,0.5081
1995-02-03,1.2395
1995-02-06,0.5202
1995-02-07,-0.0686
1995-02-08,0.079
1995-02-09,-0.2078
1995-02-10,0.2645
1995-02-13,0.0395
1995-02-14,0.1869
1995-02-15,0.4124
1995-02-16,0.1403
1995-02-17,-0.6698
1995-02-21,0.1556
1995-02-22,0.4868
1995-02-23,0.3793
1995-02-24,0.2465
1995-02-27,-0.8809
1995-02-28,0.74
1995-03-01,-0.357
1995-03-02,-0.1071
1995-03-03,0.0598
1995-03-06,0.0433
1995-03-07,-0.7228
1995-03-08,0.2116
1995-03-09,0.0041
1995-03-10,1.3267
1995-03-13,0.098
1995-03-14,0.5795
1995-03-15,-0.2049
1995-03-16,0.7177
1995-03-17,0.0222
1995-03-20,0.1251
1995-03-21,-0.2157
1995-03-22,0.1212
1995-03-23,0.0565
1995-03-24,1.0122
1995-03-27,0.4451
1995-03-28,0.1391
1995-03-29,-0.1548
1995-03-30,-0.1789
1995-03-31,-0.3007
1995-04-03,0.2277
1995-04-04,0.6755
1995-04-05,0.0653
1995-04-06,0.1009
1995-04-07,0.0672
1995-04-10,0.1165
1995-04-11,-0.2919
1995-04-12,0.3244
1995-04-13,0.4062
1995-04-17,-0.6088
1995-04-18,-0.1502
1995-04-19,-0.089
1995-04-20,0.0733
1995-04-21,0.6333
1995-04-24,0.8653
1995-04-25,-0.154
1995-04-26,0.1094
1995-04-27,0.1736
1995-04-28,0.2259
1995-05-01,-0.0874
1995-05-02,0.1167
1995-05-03,1.0916
1995-05-04,0.0115
1995-05-05,-0.0807
1995-05-08,0.7383
1995-05-09,-0.0763
1995-05-10,0.1528
1995-05-11,0.0019
1995-05-12,0.225
1995-05-15,0.4167
1995-05-16,0.0853
1995-05-17,-0.212
1995-05-18,-1.4211
1995-05-19,-0.0751
1995-05-22,0.859
1995-05-23,0.9434
1995-05-24,0.0038
1995-05-25,-0.0038
1995-05-26,-0.9346
1995-05-30,-0.0134
1995-05-31,1.8755
1995-06-01,0.0169
1995-06-02,-0.1837
1995-06-05,0.5803
1995-06-06,-0.0093
1995-06-07,-0.4519
1995-06-08,-0.1463
1995-06-09,-0.8284
1995-06-12,0.5569
1995-06-13,0.9739
1995-06-14,0.0784
1995-06-15,0.1212
1995-06-16,0.5045
1995-06-19,0.9985
1995-06-20,-0.044
1995-06-21,-0.1835
1995-06-22,1.3034
1995-06-23,-0.2468
1995-06-26,-1.0151
1995-06-27,-0.3124
1995-06-28,0.424
1995-06-29,-0.1579
1995-06-30,0.1618
1995-07-03,0.4296
1995-07-05,0.0311
1995-07-06,1.2298
1995-07-07,0.4296
1995-07-10,0.1474
1995-07-11,-0.4325
1995-07-12,1.1013
1995-07-13,0.0196
1995-07-14,-0.1979
1995-07-17,0.5055
1995-07-18,-0.757
1995-07-19,-1.3394
1995-07-20,0.4646
1995-07-21,0.0145
1995-07-24,0.5437
1995-07-25,0.803
1995-07-26,0.0909
1995-07-27,0.6428
1995-07-28,-0.4052
1995-07-31,-0.1545
1995-08-01,-0.4306
1995-08-02,-0.1501
1995-08-03,-0.0089
1995-08-04,0.034
1995-08-07,0.195
1995-08-08,0.0643
1995-08-09,-0.1213
1995-08-10,-0.4038
1995-08-11,-0.4198
1995-08-14,0.8341
1995-08-15,-0.209
1995-08-16,0.2506
1995-08-17,-0.1661
1995-08-18,0.0304
1995-08-21,-0.1967
1995-08-22,0.2526
1995-08-23,-0.4254
1995-08-24,0.0574
1995-08-25,0.4736
1995-08-28,-0.1875
1995-08-29,0.1699
1995-08-30,0.1643
1995-08-31,0.1711
1995-09-01,0.3488
1995-09-05,0.9453
1995-09-06,0.1757
1995-09-07,0.021
1995-09-08,0.4191
1995-09-11,0.2148
1995-09-12,0.453
1995-09-13,0.392
1995-09-14,0.8363
1995-09-15,-0.0446
1995-09-18,-0.0994
1995-09-19,0.2454
1995-09-20,0.4399
1995-09-21,-0.6425
1995-09-22,-0.2178
1995-09-25,0.0138
1995-09-26,-0.0688
1995-09-27,-0.0636
1995-09-28,0.8313
1995-09-29,-0.2492
1995-10-02,-0.4603
1995-10-03,0.1066
1995-10-04,-0.1494
1995-10-05,0.1995
1995-10-06,-0.024
1995-10-09,-0.7073
1995-10-10,-0.147
1995-10-11,0.3359
1995-10-12,0.6282
1995-10-13,0.2401
1995-10-16,-0.2515
1995-10-17,0.6432
1995-10-18,0.1125
1995-10-19,0.5464
1995-10-20,-0.5401
1995-10-23,-0.4085
1995-10-24,0.253
1995-10-25,-0.6939
1995-10-26,-0.9872
1995-10-27,0.5167
1995-10-30,0.6124
1995-10-31,-0.3
1995-11-01,0.4678
1995-11-02,0.9414
1995-11-03,0.1441
1995-11-06,-0.3573
1995-11-07,-0.3637
1995-11-08,0.9193
1995-11-09,0.262
1995-11-10,-0.091
1995-11-13,-0.0709
1995-11-14,-0.5082
1995-11-15,0.7925
1995-11-16,0.5691
1995-11-17,0.457
1995-11-20,-0.5366
1995-11-21,0.568
1995-11-22,-0.3065
1995-11-24,0.2624
1995-11-27,0.225
1995-11-28,0.8531
1995-11-29,0.1962
1995-11-30,-0.3736
1995-12-01,0.266
1995-12-04,1.1038
1995-12-05,0.6518
1995-12-06,0.4047
1995-12-07,-0.6466
1995-12-08,0.2126
1995-12-11,0.3304
1995-12-12,-0.1194
1995-12-13,0.4703
1995-12-14,-0.7673
1995-12-15,-0.094
1995-12-18,-1.5462
1995-12-19,0.8438
1995-12-20,-0.9789
1995-12-21,0.7509
1995-12-22,0.2392
1995-12-26,0.384
1995-12-27,0.0374
1995-12-28,-0.0667
1995-12-29,0.2947
1996-01-02,0.7793
1996-01-03,0.095
1996-01-04,-0.5826
1996-01-05,-0.1603
1996-01-08,0.2838
1996-01-09,-1.4568
1996-01-10,-1.8
1996-01-11,0.7034
1996-01-12,-0.146
1996-01-15,-0.3307
1996-01-16,1.4371
1996-01-17,-0.3402
1996-01-18,0.3084
1996-01-19,0.5902
1996-01-22,0.2566
1996-01-23,-0.0994
1996-01-24,1.1701
1996-01-25,-0.4726
1996-01-26,0.7439
1996-01-29,0.4183
1996-01-30,0.95
1996-01-31,0.9315
1996-02-01,0.3836
1996-02-02,-0.4104
1996-02-05,0.8792
1996-02-06,0.7639
1996-02-07,0.557
1996-02-08,0.9447
1996-02-09,0.0457
1996-02-12,0.774
1996-02-13,-0.1421
1996-02-14,-0.7464
1996-02-15,-0.6498
1996-02-16,-0.5128
1996-02-20,-1.1312
1996-02-21,1.1629
1996-02-22,1.6602
1996-02-23,0.0334
1996-02-26,-1.3079
1996-02-27,-0.495
1996-02-28,-0.3847
1996-02-29,-0.67
1996-03-01,0.6152
1996-03-04,0.9994
1996-03-05,0.7652
1996-03-06,-0.5779
1996-03-07,0.2531
1996-03-08,-3.0827
1996-03-11,1.0292
1996-03-12,-0.4578
1996-03-13,0.2292
1996-03-14,0.3633
1996-03-15,0.0874
1996-03-18,1.7492
1996-03-19,-0.1471
1996-03-20,-0.2624
1996-03-21,-0.1215
1996-03-22,0.2203
1996-03-25,-0.0891
1996-03-26,0.4507
1996-03-27,-0.6218
1996-03-28,0.0046
1996-03-29,-0.5301
1996-04-01,1.275
1996-04-02,0.234
1996-04-03,0.0946
1996-04-04,-0.003
1996-04-08,-1.7717
1996-04-09,-0.3182
1996-04-10,-1.3532
1996-04-11,-0.3662
1996-04-12,0.8761
1996-04-15,0.9078
1996-04-16,0.3907
1996-04-17,-0.5256
1996-04-18,0.3117
1996-04-19,0.2268
1996-04-22,0.4372
1996-04-23,0.5695
1996-04-24,-0.2164
1996-04-25,0.4153
1996-04-26,0.0904
1996-04-29,0.1071
1996-04-30,0.0015
1996-05-01,0.0627
1996-05-02,-1.711
1996-05-03,-0.272
1996-05-06,-0.1278
1996-05-07,-0.3979
1996-05-08,1.02
1996-05-09,0.1039
1996-05-10,1.0303
1996-05-13,1.4446
1996-05-14,0.6183
1996-05-15,-0.027
1996-05-16,-0.0857
1996-05-17,0.6107
1996-05-20,0.6339
1996-05-21,-0.0579
1996-05-22,0.8413
1996-05-23,-0.3567
1996-05-24,0.3713
1996-05-28,-0.9256
1996-05-29,-0.6397
1996-05-30,0.5644
1996-05-31,-0.3841
1996-06-03,-0.2152
1996-06-04,0.7309
1996-06-05,0.8743
1996-06-06,-0.7974
1996-06-07,0.0416
1996-06-10,-0.1708
1996-06-11,-0.177
1996-06-12,-0.2876
1996-06-13,-0.1674
1996-06-14,-0.3099
1996-06-17,-0.1036
1996-06-18,-0.4661
1996-06-19,-0.0151
1996-06-20,0.0211
1996-06-21,0.7159
1996-06-24,0.3014
1996-06-25,-0.0553
1996-06-26,-0.6118
1996-06-27,0.6261
1996-06-28,0.3111
1996-07-01,0.7828
1996-07-02,-0.3359
1996-07-03,-0.1796
1996-07-05,-2.2249
1996-07-08,-0.7453
1996-07-09,0.3387
1996-07-10,0.2001
1996-07-11,-1.5837
1996-07-12,0.0805
1996-07-15,-2.5364
1996-07-16,-0.2271
1996-07-17,0.9071
1996-07-18,1.4967
1996-07-19,-0.7505
1996-07-22,-0.7765
1996-07-23,-1.0887
1996-07-24,-0.0351
1996-07-25,0.7213
1996-07-26,0.7494
1996-07-29,-0.7847
1996-07-30,0.6895
1996-07-31,0.7383
1996-08-01,1.5736
1996-08-02,1.9184
1996-08-05,-0.3411
1996-08-06,0.3256
1996-08-07,0.2687
1996-08-08,-0.2364
1996-08-09,-0.074
1996-08-12,0.5543
1996-08-13,-0.8366
1996-08-14,0.2802
1996-08-15,0.0347
1996-08-16,0.4424
1996-08-19,0.206
1996-08-20,-0.1335
1996-08-21,-0.0931
1996-08-22,0.8435
1996-08-23,-0.5442
1996-08-26,-0.4722
1996-08-27,0.3796
1996-08-28,-0.2386
1996-08-29,-1.1146
1996-08-30,-0.8229
1996-09-03,0.4187
1996-09-04,0.1359
1996-09-05,-0.9411
1996-09-06,0.9608
1996-09-09,1.2323
1996-09-10,0.0075
1996-09-11,0.5227
1996-09-12,0.58
1996-09-13,1.3991
1996-09-16,0.5055
1996-09-17,-0.1521
1996-09-18,-0.2152
1996-09-19,0.2245
1996-09-20,0.59
1996-09-23,-0.0801
1996-09-24,-0.1267
1996-09-25,0.0321
1996-09-26,0.0044
1996-09-27,0.0481
1996-09-30,0.1661
1996-10-01,0.2546
1996-10-02,0.7154
1996-10-03,-0.1772
1996-10-04,1.2529
1996-10-07,0.268
1996-10-08,-0.3839
1996-10-09,-0.5566
1996-10-10,-0.3057
1996-10-11,0.871
1996-10-14,0.411
1996-10-15,-0.1379
1996-10-16,0.2619
1996-10-17,0.3663
1996-10-18,0.5417
1996-10-21,-0.1365
1996-10-22,-0.4621
1996-10-23,0.0991
1996-10-24,-0.7041
1996-10-25,-0.1951
1996-10-28,-0.5222
1996-10-29,0.6081
1996-10-30,-0.0855
1996-10-31,0.6235
1996-11-01,-0.2127
1996-11-04,0.4206
1996-11-05,1.0485
1996-11-06,1.4633
1996-11-07,0.4223
1996-11-08,0.4356
1996-11-11,0.1437
1996-11-12,-0.3156
1996-11-13,0.2152
1996-11-14,0.6497
1996-11-15,0.2365
1996-11-18,-0.0813
1996-11-19,0.6974
1996-11-20,0.2412
1996-11-21,-0.1613
1996-11-22,0.8051
1996-11-25,1.1085
1996-11-26,-0.1413
1996-11-27,-0.127
1996-11-29,0.2675
1996-12-02,-0.0608
1996-12-03,-1.0944
1996-12-04,-0.425
1996-12-05,-0.0966
1996-12-06,-0.6421
1996-12-09,1.3737
1996-12-10,-0.2961
1996-12-11,-0.911
1996-12-12,-1.5431
1996-12-13,-0.0905
1996-12-16,-1.0513
1996-12-17,0.7018
1996-12-18,0.7575
1996-12-19,1.9438
1996-12-20,0.417
1996-12-23,-0.2604
1996-12-24,0.5503
1996-12-26,0.6378
1996-12-27,0.1283
1996-12-30,-0.3885
1996-12-31,-1.7391
1997-01-02,-0.5036
1997-01-03,1.4952
1997-01-06,-0.0508
1997-01-07,0.7463
1997-01-08,-0.6399
1997-01-09,0.8605
1997-01-10,0.616
1997-01-13,0.0013
1997-01-14,1.2311
1997-01-15,-0.2159
1997-01-16,0.3324
1997-01-17,0.834
1997-01-20,0.0683
1997-01-21,0.7751
1997-01-22,0.4484
1997-01-23,-1.1027
1997-01-24,-0.9054
1997-01-27,-0.7138
1997-01-28,0.0
1997-01-29,0.9778
1997-01-30,1.5107
1997-01-31,0.2538
1997-02-03,0.0725
1997-02-04,0.3216
1997-02-05,-1.3912
1997-02-06,0.2403
1997-02-07,1.2062
1997-02-10,-0.5231
1997-02-11,0.5296
1997-02-12,1.6692
1997-02-13,1.1273
1997-02-14,-0.4114
1997-02-18,0.966
1997-02-19,-0.4655
1997-02-20,-1.1926
1997-02-21,-0.1283
1997-02-24,1.0614
1997-02-25,0.216
1997-02-26,-0.782
1997-02-27,-1.3169
1997-02-28,-0.5345
1997-03-03,0.5678
1997-03-04,-0.5482
1997-03-05,1.3958
1997-03-06,-0.4277
1997-03-07,0.8027
1997-03-10,1.0783
1997-03-11,-0.2839
1997-03-12,-0.8726
1997-03-13,-1.8278
1997-03-14,0.4572
1997-03-17,0.3202
1997-03-18,-0.7603
1997-03-19,-0.4926
1997-03-20,-0.3971
1997-03-21,0.1853
1997-03-24,0.866
1997-03-25,-0.2301
1997-03-26,0.1812
1997-03-27,-2.1025
1997-03-31,-2.1657
1997-04-01,0.3328
1997-04-02,-1.2545
1997-04-03,0.028
1997-04-04,1.0102
1997-04-07,0.5581
1997-04-08,0.5235
1997-04-09,-0.7205
1997-04-10,-0.2971
1997-04-11,-2.7283
1997-04-14,0.8242
1997-04-15,1.4777
1997-04-16,1.1673
1997-04-17,-0.2305
1997-04-18,0.5999
1997-04-21,-0.779
1997-04-22,1.8728
1997-04-23,-0.1252
1997-04-24,-0.318
1997-04-25,-0.7534
1997-04-28,0.9917
1997-04-29,2.7285
1997-04-30,0.9181
1997-05-01,-0.3507
1997-05-02,1.8083
1997-05-05,2.1305
1997-05-06,-0.3047
1997-05-07,-1.4666
1997-05-08,0.5689
1997-05-09,0.551
1997-05-12,1.5616
1997-05-13,-0.5408
1997-05-14,0.3493
1997-05-15,0.6985
1997-05-16,-1.4408
1997-05-19,0.4242
1997-05-20,1.0069
1997-05-21,-0.2745
1997-05-22,-0.4396
1997-05-23,1.3606
1997-05-27,0.3164
1997-05-28,-0.2942
1997-05-29,-0.3694
1997-05-30,0.4976
1997-06-02,-0.2263
1997-06-03,-0.104
1997-06-04,-0.6351
1997-06-05,0.3952
1997-06-06,1.7287
1997-06-09,0.5711
1997-06-10,0.2735
1997-06-11,0.497
1997-06-12,1.5973
1997-06-13,1.1104
1997-06-16,0.0705
1997-06-17,0.0582
1997-06-18,-0.5993
1997-06-19,1.0044
1997-06-20,0.0791
1997-06-23,-2.2343
1997-06-24,2.0168
1997-06-25,-0.82
1997-06-26,-0.5973
1997-06-27,0.4097
1997-06-30,-0.2434
1997-07-01,0.6654
1997-07-02,1.459
1997-07-03,1.4258
1997-07-07,-0.5148
1997-07-08,0.718
1997-07-09,-1.2201
1997-07-10,0.6876
1997-07-11,0.3174
1997-07-14,0.1855
1997-07-15,0.8036
1997-07-16,1.1698
1997-07-17,-0.5317
1997-07-18,-1.7507
1997-07-21,-0.2578
1997-07-22,2.3046
1997-07-23,0.2762
1997-07-24,0.3993
1997-07-25,-0.1606
1997-07-28,-0.2493
1997-07-29,0.6236
1997-07-30,1.0612
1997-07-31,0.2121
1997-08-01,-0.7513
1997-08-04,0.3336
1997-08-05,0.2178
1997-08-06,0.8348
1997-08-07,-0.9507
1997-08-08,-1.8556
1997-08-11,0.3706
1997-08-12,-1.1174
1997-08-13,-0.4868
1997-08-14,0.2983
1997-08-15,-2.5909
1997-08-18,1.2966
1997-08-19,1.4817
1997-08-20,1.4406
1997-08-21,-1.5223
1997-08-22,-0.1632
1997-08-25,-0.366
1997-08-26,-0.776
1997-08-27,0.0745
1997-08-28,-1.0977
1997-08-29,-0.4648
1997-09-02,3.1252
1997-09-03,0.0302
1997-09-04,0.3244
1997-09-05,-0.1955
1997-09-08,0.2314
1997-09-09,0.2599
1997-09-10,-1.5627
1997-09-11,-0.7007
1997-09-12,1.2404
1997-09-15,-0.4481
1997-09-16,2.8127
1997-09-17,-0.2792
1997-09-18,0.4549
1997-09-19,0.3399
1997-09-22,0.5176
1997-09-23,-0.3663
1997-09-24,-0.7826
1997-09-25,-0.6956
1997-09-26,0.7794
1997-09-29,0.8591
1997-09-30,-0.6357
1997-10-01,0.8582
1997-10-02,0.5286
1997-10-03,0.4758
1997-10-06,0.7938
1997-10-07,1.0723
1997-10-08,-0.9439
1997-10-09,-0.3306
1997-10-10,-0.375
1997-10-13,0.1158
1997-10-14,0.2252
1997-10-15,-0.47
1997-10-16,-1.0842
1997-10-17,-1.161
1997-10-20,1.2127
1997-10-21,1.7444
1997-10-22,-0.3898
1997-10-23,-1.8379
1997-10-24,-0.9519
1997-10-27,-6.8657
1997-10-28,5.1152
1997-10-29,-0.2918
1997-10-30,-1.6841
1997-10-31,1.2106
1997-11-03,2.6645
1997-11-04,0.1885
1997-11-05,0.2126
1997-11-06,-0.5017
1997-11-07,-1.1215
1997-11-10,-0.6879
1997-11-11,0.2877
1997-11-12,-1.929
1997-11-13,1.1811
1997-11-14,1.2753
1997-11-17,1.9228
1997-11-18,-0.8423
1997-11-19,0.6779
1997-11-20,1.5234
1997-11-21,0.4286
1997-11-24,-1.7049
1997-11-25,0.4384
1997-11-26,0.0862
1997-11-28,0.3951
1997-12-01,2.0274
1997-12-02,-0.317
1997-12-03,0.5238
1997-12-04,-0.3757
1997-12-05,1.0986
1997-12-08,-0.1443
1997-12-09,-0.6708
1997-12-10,-0.6139
1997-12-11,-1.5313
1997-12-12,-0.1623
1997-12-15,1.0489
1997-12-16,0.4827
1997-12-17,-0.2583
1997-12-18,-1.0605
1997-12-19,-0.8919
1997-12-22,0.7309
1997-12-23,-1.5277
1997-12-24,-0.6847
1997-12-26,0.4031
1997-12-29,1.8036
1997-12-30,1.8346
1997-12-31,-0.0422
1998-01-02,0.475
1998-01-05,0.2082
1998-01-06,-1.0736
1998-01-07,-0.2669
1998-01-08,-0.8247
1998-01-09,-2.9664
1998-01-12,1.2418
1998-01-13,1.3746
1998-01-14,0.6113
1998-01-15,-0.7527
1998-01-16,1.1339
1998-01-20,1.7774
1998-01-21,-0.796
1998-01-22,-0.8004
1998-01-23,-0.5659
1998-01-26,-0.0668
1998-01-27,1.2613
1998-01-28,0.871
1998-01-29,0.8215
1998-01-30,-0.5287
1998-02-02,2.1412
1998-02-03,0.4724
1998-02-04,0.0895
1998-02-05,-0.3337
1998-02-06,0.8889
1998-02-09,-0.1699
1998-02-10,0.8182
1998-02-11,0.0981
1998-02-12,0.4049
1998-02-13,-0.3955
1998-02-17,0.2617
1998-02-18,0.9113
1998-02-19,-0.3682
1998-02-20,0.5767
1998-02-23,0.38
1998-02-24,-0.7302
1998-02-25,1.1974
1998-02-26,0.5533
1998-02-27,0.0639
1998-03-02,-0.1563
1998-03-03,0.4123
1998-03-04,-0.4458
1998-03-05,-1.1725
1998-03-06,1.9941
1998-03-09,-0.3202
1998-03-10,1.1346
1998-03-11,0.3965
1998-03-12,0.1357
1998-03-13,-0.1224
1998-03-16,0.9976
1998-03-17,0.1093
1998-03-18,0.4692
1998-03-19,0.3888
1998-03-20,0.8644
1998-03-23,-0.3284
1998-03-24,0.9219
1998-03-25,-0.3365
1998-03-26,-0.1025
1998-03-27,-0.4869
1998-03-30,-0.168
1998-03-31,0.7452
1998-04-01,0.5809
1998-04-02,1.0703
1998-04-03,0.2402
1998-04-06,-0.1176
1998-04-07,-1.055
1998-04-08,-0.712
1998-04-09,0.8188
1998-04-13,-0.0882
1998-04-14,0.5461
1998-04-15,0.32
1998-04-16,-0.9961
1998-04-17,1.313
1998-04-20,0.0828
1998-04-21,0.2688
1998-04-22,0.3435
1998-04-23,-0.9694
1998-04-24,-1.0432
1998-04-27,-1.928
1998-04-28,-0.1316
1998-04-29,0.8764
1998-04-30,1.5649
1998-05-01,0.832
1998-05-04,0.0955
1998-05-05,-0.5855
1998-05-06,-0.9485
1998-05-07,-0.8851
1998-05-08,1.1871
1998-05-11,-0.1354
1998-05-12,0.8268
1998-05-13,0.2751
1998-05-14,-0.1332
1998-05-15,-0.7732
1998-05-18,-0.2625
1998-05-19,0.3346
1998-05-20,0.8598
1998-05-21,-0.395
1998-05-22,-0.3741
1998-05-26,-1.4814
1998-05-27,-0.1636
1998-05-28,0.4917
1998-05-29,-0.6177
1998-06-01,0.0147
1998-06-02,0.2053
1998-06-03,-0.9596
1998-06-04,1.1175
1998-06-05,1.7382
1998-06-08,0.167
1998-06-09,0.2411
1998-06-10,-0.5481
1998-06-11,-1.5913
1998-06-12,0.3892
1998-06-15,-1.9866
1998-06-16,0.9823
1998-06-17,1.7948
1998-06-18,-0.0668
1998-06-19,-0.517
1998-06-22,0.2326
1998-06-23,1.4757
1998-06-24,1.1961
1998-06-25,-0.3178
1998-06-26,0.3471
1998-06-29,0.4668
1998-06-30,-0.4084
1998-07-01,1.2982
1998-07-02,-0.1863
1998-07-06,0.9517
1998-07-07,-0.2307
1998-07-08,1.015
1998-07-09,-0.6705
1998-07-10,0.498
1998-07-13,0.0739
1998-07-14,1.0633
1998-07-15,-0.2352
1998-07-16,0.7814
1998-07-17,0.2331
1998-07-20,-0.2233
1998-07-21,-1.6071
1998-07-22,-0.085
1998-07-23,-2.0901
1998-07-24,0.0921
1998-07-27,0.5671
1998-07-28,-1.4844
1998-07-29,-0.445
1998-07-30,1.5766
1998-07-31,-1.9493
1998-08-03,-0.7344
1998-08-04,-3.6245
1998-08-05,0.8684
1998-08-06,0.7583
1998-08-07,-0.0165
1998-08-10,-0.5792
1998-08-11,-1.3073
1998-08-12,1.4257
1998-08-13,-0.8587
1998-08-14,-1.1313
1998-08-17,1.9685
1998-08-18,1.6177
1998-08-19,-0.2851
1998-08-20,-0.5883
1998-08-21,-0.9491
1998-08-24,0.6382
1998-08-25,0.4328
1998-08-26,-0.7924
1998-08-27,-3.837
1998-08-28,-1.4819
1998-08-31,-6.8014
1998-09-01,3.863
1998-09-02,-0.3802
1998-09-03,-0.8299
1998-09-04,-0.8521
1998-09-08,5.0899
1998-09-09,-1.6864
1998-09-10,-2.585
1998-09-11,2.9453
1998-09-14,2.0475
1998-09-15,0.773
1998-09-16,0.7517
1998-09-17,-2.5452
1998-09-18,0.1197
1998-09-21,0.3725
1998-09-22,0.5606
1998-09-23,3.5411
1998-09-24,-2.1921
1998-09-25,0.1947
1998-09-28,0.3771
1998-09-29,0.0315
1998-09-30,-3.0514
1998-10-01,-3.0108
1998-10-02,1.6434
1998-10-05,-1.4004
1998-10-06,-0.4016
1998-10-07,-1.4128
1998-10-08,-1.158
1998-10-09,2.6005
1998-10-12,1.3531
1998-10-13,-0.2917
1998-10-14,1.0786
1998-10-15,4.1729
1998-10-16,0.8525
1998-10-19,0.5651
1998-10-20,0.145
1998-10-21,0.563
1998-10-22,0.8001
1998-10-23,-0.7242
1998-10-26,0.1541
1998-10-27,-0.6509
1998-10-28,0.2581
1998-10-29,1.6703
1998-10-30,1.1732
1998-11-02,1.1769
1998-11-03,-0.0684
1998-11-04,0.7049
1998-11-05,1.357
1998-11-06,0.6315
1998-11-09,-0.9474
1998-11-10,-0.1717
1998-11-11,-0.6461
1998-11-12,-0.2926
1998-11-13,0.7184
1998-11-16,0.9016
1998-11-17,0.3037
1998-11-18,0.4529
1998-11-19,0.7104
1998-11-20,0.9492
1998-11-23,2.1194
1998-11-24,-0.4393
1998-11-25,0.328
1998-11-27,0.46
1998-11-30,-2.4071
1998-12-01,1.0012
1998-12-02,-0.3429
1998-12-03,-1.8023
1998-12-04,2.3128
1998-12-07,0.9314
1998-12-08,-0.5321
1998-12-09,0.1786
1998-12-10,-1.5606
1998-12-11,0.1236
1998-12-14,-2.1655
1998-12-15,1.8954
1998-12-16,-0.0765
1998-12-17,1.5526
1998-12-18,0.6822
1998-12-21,1.2466
1998-12-22,0.0607
1998-12-23,2.0747
1998-12-24,-0.1848
1998-12-28,-0.0636
1998-12-29,1.3317
1998-12-30,-0.7956
1998-12-31,-0.2192
1999-01-04,-0.0919
1999-01-05,1.3582
1999-01-06,2.214
1999-01-07,-0.2051
1999-01-08,0.4221
1999-01-11,-0.8792
1999-01-12,-1.9282
1999-01-13,-0.4123
1999-01-14,-1.7993
1999-01-15,2.5631
1999-01-19,0.703
1999-01-20,0.369
1999-01-21,-1.7078
1999-01-22,-0.8072
1999-01-25,0.7174
1999-01-26,1.4854
1999-01-27,-0.7299
1999-01-28,1.7858
1999-01-29,1.1277
1999-02-01,-0.5189
1999-02-02,-0.8649
1999-02-03,0.7987
1999-02-04,-1.8537
1999-02-05,-0.7281
1999-02-08,0.3526
1999-02-09,-2.2215
1999-02-10,0.6093
1999-02-11,2.4919
1999-02-12,-1.9066
1999-02-16,0.9544
1999-02-17,-1.4365
1999-02-18,1.0825
1999-02-19,0.1568
1999-02-22,2.6565
1999-02-23,-0.0755
1999-02-24,-1.3979
1999-02-25,-0.6694
1999-02-26,-0.5373
1999-03-01,-0.1752
1999-03-02,-0.8623
1999-03-03,0.1795
1999-03-04,1.5427
1999-03-05,2.3126
1999-03-08,0.5692
1999-03-09,-0.2253
1999-03-10,0.5469
1999-03-11,0.8424
1999-03-12,-0.2381
1999-03-15,0.9787
1999-03-16,-0.0673
1999-03-17,-0.6552
1999-03-18,1.4432
1999-03-19,-1.311
1999-03-22,-0.1755
1999-03-23,-2.6885
1999-03-24,0.511
1999-03-25,1.6869
1999-03-26,-0.5574
1999-03-29,2.1336
1999-03-30,-0.719
1999-03-31,-1.1055
1999-04-01,0.5714
1999-04-05,2.1179
1999-04-06,-0.2445
1999-04-07,0.6829
1999-04-08,1.288
1999-04-09,0.3252
1999-04-12,0.7624
1999-04-13,-0.6484
1999-04-14,-1.5839
1999-04-15,-0.4208
1999-04-16,-0.291
1999-04-19,-2.2381
1999-04-20,1.2943
1999-04-21,2.293
1999-04-22,1.6989
1999-04-23,-0.145
1999-04-26,0.2351
1999-04-27,0.2029
1999-04-28,-0.8725
1999-04-29,-0.5981
1999-04-30,-0.5697
1999-05-03,1.4567
1999-05-04,-1.6706
1999-05-05,1.1494
1999-05-06,-1.1326
1999-05-07,0.9722
1999-05-10,-0.3494
1999-05-11,1.1423
1999-05-12,0.6189
1999-05-13,0.261
1999-05-14,-2.1761
1999-05-17,0.1263
1999-05-18,-0.4606
1999-05-19,0.8183
1999-05-20,-0.4017
1999-05-21,-0.6379
1999-05-24,-1.7771
1999-05-25,-1.7028
1999-05-26,1.5852
1999-05-27,-1.7896
1999-05-28,1.5943
1999-06-01,-0.5823
1999-06-02,0.0425
1999-06-03,0.3653
1999-06-04,2.1708
1999-06-07,0.5099
1999-06-08,-1.2881
1999-06-09,0.0994
1999-06-10,-1.1997
1999-06-11,-0.7046
1999-06-14,0.0278
1999-06-15,0.5533
1999-06-16,2.248
1999-06-17,0.7133
1999-06-18,0.2194
1999-06-21,0.4587
1999-06-22,-0.9726
1999-06-23,-0.2111
1999-06-24,-1.2963
1999-06-25,-0.0357
1999-06-28,1.2195
1999-06-29,1.5097
1999-06-30,1.5731
1999-07-01,0.601
1999-07-02,0.743
1999-07-06,-0.2228
1999-07-07,0.5576
1999-07-08,-0.1032
1999-07-09,0.6354
1999-07-12,-0.2979
1999-07-13,-0.396
1999-07-14,0.3308
1999-07-15,0.8189
1999-07-16,0.6498
1999-07-19,-0.7845
1999-07-20,-2.1703
1999-07-21,0.159
1999-07-22,-1.3282
1999-07-23,-0.2961
1999-07-26,-0.6765
1999-07-27,1.1189
1999-07-28,0.1878
1999-07-29,-1.7848
1999-07-30,-0.918
1999-08-02,-0.0504
1999-08-03,-0.442
1999-08-04,-1.2744
1999-08-05,0.642
1999-08-06,-1.0215
1999-08-09,-0.1915
1999-08-10,-1.2614
1999-08-11,1.5998
1999-08-12,-0.2896
1999-08-13,2.274
1999-08-16,0.2327
1999-08-17,1.0062
1999-08-18,-0.8422
1999-08-19,-0.694
1999-08-20,0.9837
1999-08-23,1.7664
1999-08-24,0.2411
1999-08-25,1.3414
1999-08-26,-1.4315
1999-08-27,-1.0088
1999-08-30,-1.7986
1999-08-31,-0.2727
1999-09-01,0.8073
1999-09-02,-0.8985
1999-09-03,2.8906
1999-09-07,-0.5003
1999-09-08,-0.4665
1999-09-09,0.2611
1999-09-10,0.2968
1999-09-13,-0.5571
1999-09-14,-0.5833
1999-09-15,-1.371
1999-09-16,0.0387
1999-09-17,1.2848
1999-09-20,0.0082
1999-09-21,-2.0928
1999-09-22,0.2241
1999-09-23,-2.2968
1999-09-24,-0.2382
1999-09-27,0.4658
1999-09-28,-0.0865
1999-09-29,-1.0786
1999-09-30,1.1306
1999-10-01,0.0078
1999-10-04,1.6986
1999-10-05,-0.2491
1999-10-06,1.8481
1999-10-07,-0.5855
1999-10-08,1.3949
1999-10-11,-0.0606
1999-10-12,-1.6604
1999-10-13,-2.0936
1999-10-14,-0.1657
1999-10-15,-2.8058
1999-10-18,0.5387
1999-10-19,0.5733
1999-10-20,2.2286
1999-10-21,-0.4514
1999-10-22,1.4054
1999-10-25,-0.6161
1999-10-26,-0.906
1999-10-27,1.1545
1999-10-28,3.5266
1999-10-29,1.5263
1999-11-01,-0.6464
1999-11-02,-0.4712
1999-11-03,0.5335
1999-11-04,0.569
1999-11-05,0.557
1999-11-08,0.4948
1999-11-09,-0.8518
1999-11-10,0.5991
1999-11-11,0.5825
1999-11-12,1.0569
1999-11-15,-0.1196
1999-11-16,1.8417
1999-11-17,-0.6591
1999-11-18,1.0087
1999-11-19,-0.2063
1999-11-22,-0.0745
1999-11-23,-1.1471
1999-11-24,0.8856
1999-11-26,-0.0325
1999-11-29,-0.6205
1999-11-30,-1.3439
1999-12-01,0.6343
1999-12-02,0.8099
1999-12-03,1.7217
1999-12-06,-0.6956
1999-12-07,-0.9949
1999-12-08,-0.3754
1999-12-09,0.3013
1999-12-10,0.6342
1999-12-13,-0.1284
1999-12-14,-0.8515
1999-12-15,0.7241
1999-12-16,0.3856
1999-12-17,0.1586
1999-12-20,-0.2069
1999-12-21,1.0817
1999-12-22,0.1884
1999-12-23,1.5465
1999-12-27,-0.085
1999-12-28,0.0384
1999-12-29,0.3979
1999-12-30,0.069
1999-12-31,0.3264
2000-01-03,-0.9549
2000-01-04,-3.8345
2000-01-05,0.1922
2000-01-06,0.0956
2000-01-07,2.709
2000-01-10,1.119
2000-01-11,-1.3063
2000-01-12,-0.4386
2000-01-13,1.217
2000-01-14,1.0671
2000-01-18,-0.6832
2000-01-19,0.0522
2000-01-20,-0.7095
2000-01-21,-0.2912
2000-01-24,-2.7634
2000-01-25,0.6065
2000-01-26,-0.4213
2000-01-27,-0.3938
2000-01-28,-2.7457
2000-01-31,2.5218
2000-02-01,1.0628
2000-02-02,-0.0114
2000-02-03,1.1248
2000-02-04,-0.0421
2000-02-07,-0.0091
2000-02-08,1.2273
2000-02-09,-2.0815
2000-02-10,0.3627
2000-02-11,-2.0969
2000-02-14,0.2033
2000-02-15,0.8713
2000-02-16,-1.0256
2000-02-17,0.0425
2000-02-18,-3.0376
2000-02-22,0.4517
2000-02-23,0.6301
2000-02-24,-0.5336
2000-02-25,-1.4829
2000-02-28,1.1017
2000-02-29,1.3627
2000-03-01,0.9346
2000-03-02,0.1863
2000-03-03,1.9837
2000-03-06,-1.2695
2000-03-07,-2.5631
2000-03-08,0.8173
2000-03-09,2.5602
2000-03-10,-0.4723
2000-03-13,-0.8207
2000-03-14,-1.7685
2000-03-15,2.4273
2000-03-16,4.7646
2000-03-17,0.4114
2000-03-20,-0.5353
2000-03-21,2.5566
2000-03-22,0.4532
2000-03-23,1.7799
2000-03-24,0.0072
2000-03-27,-0.2357
2000-03-28,-1.0585
2000-03-29,0.0524
2000-03-30,-1.3656
2000-03-31,0.7164
2000-04-03,0.4931
2000-04-04,-0.7464
2000-04-05,-0.4924
2000-04-06,0.9392
2000-04-07,0.9998
2000-04-10,-0.7841
2000-04-11,-0.2572
2000-04-12,-2.2271
2000-04-13,-1.8171
2000-04-14,-5.8278
2000-04-17,3.3084
2000-04-18,2.8663
2000-04-19,-0.9808
2000-04-20,0.4953
2000-04-24,-0.3262
2000-04-25,3.3276
2000-04-26,-1.1134
2000-04-27,0.269
2000-04-28,-0.8526
2000-05-01,1.0892
2000-05-02,-1.4957
2000-05-03,-2.1566
2000-05-04,-0.3908
2000-05-05,1.636
2000-05-08,-0.5905
2000-05-09,-0.8447
2000-05-10,-2.06
2000-05-11,1.7902
2000-05-12,0.9341
2000-05-15,2.2098
2000-05-16,0.9419
2000-05-17,-1.2442
2000-05-18,-0.7315
2000-05-19,-2.1055
2000-05-22,-0.4428
2000-05-23,-1.9176
2000-05-24,1.8335
2000-05-25,-1.253
2000-05-26,-0.2533
2000-05-30,3.2242
2000-05-31,-0.1301
2000-06-01,1.9858
2000-06-02,1.9637
2000-06-05,-0.6519
2000-06-06,-0.6671
2000-06-07,0.9274
2000-06-08,-0.6586
2000-06-09,-0.3229
2000-06-12,-0.7516
2000-06-13,1.621
2000-06-14,0.0749
2000-06-15,0.5569
2000-06-16,-0.965
2000-06-19,1.4708
2000-06-20,-0.6763
2000-06-21,0.2155
2000-06-22,-1.822
2000-06-23,-0.7368
2000-06-26,0.9594
2000-06-27,-0.3271
2000-06-28,0.2944
2000-06-29,-0.8544
2000-06-30,0.8465
2000-07-03,1.0271
2000-07-05,-1.5862
2000-07-06,0.7219
2000-07-07,1.5261
2000-07-10,-0.2218
2000-07-11,0.3565
2000-07-12,0.813
2000-07-13,0.1956
2000-07-14,0.9453
2000-07-17,0.0338
2000-07-18,-1.1089
2000-07-19,-0.7886
2000-07-20,0.9184
2000-07-21,-1.0284
2000-07-24,-1.0742
2000-07-25,0.6952
2000-07-26,-1.4955
2000-07-27,-0.1928
2000-07-28,-2.0509
2000-07-31,0.7705
2000-08-01,0.5081
2000-08-02,0.0417
2000-08-03,0.9634
2000-08-04,0.7139
2000-08-07,1.1204
2000-08-08,0.2352
2000-08-09,-0.6697
2000-08-10,-0.8568
2000-08-11,0.7937
2000-08-14,1.3398
2000-08-15,-0.478
2000-08-16,-0.3085
2000-08-17,1.0961
2000-08-18,-0.2908
2000-08-21,0.5202
2000-08-22,-0.09
2000-08-23,0.5233
2000-08-24,0.1554
2000-08-25,-0.1233
2000-08-28,0.5072
2000-08-29,-0.2807
2000-08-30,-0.4802
2000-08-31,1.0043
2000-09-01,0.2036
2000-09-05,-0.9002
2000-09-06,-0.984
2000-09-07,0.6876
2000-09-08,-0.5331
2000-09-11,-0.3506
2000-09-12,-0.4882
2000-09-13,0.197
2000-09-14,-0.2721
2000-09-15,-1.017
2000-09-18,-1.4531
2000-09-19,1.0654
2000-09-20,-0.5863
2000-09-21,-0.1578
2000-09-22,-0.0228
2000-09-25,-0.6689
2000-09-26,-0.8214
2000-09-27,-0.0448
2000-09-28,2.2235
2000-09-29,-1.4935
2000-10-02,-0.0195
2000-10-03,-0.6803
2000-10-04,0.551
2000-10-05,0.1367
2000-10-06,-1.9
2000-10-09,-0.494
2000-10-10,-1.0706
2000-10-11,-1.6171
2000-10-12,-2.5509
2000-10-13,3.3381
2000-10-16,0.0327
2000-10-17,-1.7932
2000-10-18,-0.5808
2000-10-19,3.4743
2000-10-20,0.5883
2000-10-23,-0.0823
2000-10-24,0.1684
2000-10-25,-2.3767
2000-10-26,-0.0337
2000-10-27,1.1096
2000-10-30,1.383
2000-10-31,2.1978
2000-11-01,-0.5723
2000-11-02,0.4996
2000-11-03,-0.1141
2000-11-06,0.3855
2000-11-07,-0.0223
2000-11-08,-1.5777
2000-11-09,-0.6486
2000-11-10,-2.4398
2000-11-13,-1.0776
2000-11-14,2.3452
2000-11-15,0.496
2000-11-16,-1.2584
2000-11-17,-0.3352
2000-11-20,-1.8352
2000-11-21,0.3523
2000-11-22,-1.8548
2000-11-24,1.4678
2000-11-27,0.5366
2000-11-28,-0.9548
2000-11-29,0.4371
2000-11-30,-2.0105
2000-12-01,0.0213
2000-12-04,0.7406
2000-12-05,3.8922
2000-12-06,-1.822
2000-12-07,-0.5853
2000-12-08,1.9605
2000-12-11,0.7526
2000-12-12,-0.6535
2000-12-13,-0.8161
2000-12-14,-1.4015
2000-12-15,-2.1463
2000-12-18,0.8071
2000-12-19,-1.2958
2000-12-20,-3.1296
2000-12-21,0.8002
2000-12-22,2.4387
2000-12-26,0.7075
2000-12-27,1.044
2000-12-28,0.3988
2000-12-29,-1.0448
2001-01-02,-2.8032
2001-01-03,5.0099
2001-01-04,-1.0552
2001-01-05,-2.6242
2001-01-08,-0.1918
2001-01-09,0.3812
2001-01-10,0.9586
2001-01-11,1.0318
2001-01-12,-0.6233
2001-01-16,0.6143
2001-01-17,0.2126
2001-01-18,1.3915
2001-01-19,-0.4028
2001-01-22,0.0268
2001-01-23,1.3031
2001-01-24,0.2867
2001-01-25,-0.4977
2001-01-26,-0.1886
2001-01-29,0.6805
2001-01-30,0.7008
2001-01-31,-0.562
2001-02-01,0.5461
2001-02-02,-1.7474
2001-02-05,0.3587
2001-02-06,-0.1514
2001-02-07,-0.8408
2001-02-08,-0.6235
2001-02-09,-1.3336
2001-02-12,1.1827
2001-02-13,-0.8652
2001-02-14,-0.2184
2001-02-15,0.8124
2001-02-16,-1.8905
2001-02-20,-1.7356
2001-02-21,-1.8508
2001-02-22,-0.1952
2001-02-23,-0.5555
2001-02-26,1.749
2001-02-27,-0.766
2001-02-28,-1.4309
2001-03-01,0.104
2001-03-02,-0.568
2001-03-05,0.5858
2001-03-06,0.9981
2001-03-07,0.6452
2001-03-08,0.2259
2001-03-09,-2.4764
2001-03-12,-4.3181
2001-03-13,1.4828
2001-03-14,-2.5842
2001-03-15,0.5871
2001-03-16,-1.9624
2001-03-19,1.7627
2001-03-20,-2.4077
2001-03-21,-1.7924
2001-03-22,-0.4064
2001-03-23,1.9909
2001-03-26,1.1282
2001-03-27,2.5575
2001-03-28,-2.443
2001-03-29,-0.463
2001-03-30,1.0784
2001-04-02,-1.2462
2001-04-03,-3.4393
2001-04-04,-0.2901
2001-04-05,4.368
2001-04-06,-1.9984
2001-04-09,0.8117
2001-04-10,2.7066
2001-04-11,-0.2131
2001-04-12,1.5104
2001-04-16,-0.3228
2001-04-17,1.0282
2001-04-18,3.889
2001-04-19,1.2543
2001-04-20,-0.8543
2001-04-23,-1.498
2001-04-24,-1.2161
2001-04-25,1.5941
2001-04-26,0.4696
2001-04-27,1.501
2001-04-30,-0.2865
2001-05-01,1.359
2001-05-02,0.0782
2001-05-03,-1.4873
2001-05-04,1.444
2001-05-07,-0.2447
2001-05-08,-0.1828
2001-05-09,-0.4488
2001-05-10,-0.0287
2001-05-11,-0.7577
2001-05-14,0.2609
2001-05-15,0.0416
2001-05-16,2.8453
2001-05-17,0.2724
2001-05-18,0.2693
2001-05-21,1.6154
2001-05-22,-0.2628
2001-05-23,-1.5526
2001-05-24,0.3196
2001-05-25,-1.1816
2001-05-29,-0.7794
2001-05-30,-1.5655
2001-05-31,0.6202
2001-06-01,0.3862
2001-06-04,0.5108
2001-06-05,1.299
2001-06-06,-1.0549
2001-06-07,0.5457
2001-06-08,-0.9397
2001-06-11,-0.8356
2001-06-12,0.1164
2001-06-13,-1.1347
2001-06-14,-1.7502
2001-06-15,-0.4517
2001-06-18,-0.4883
2001-06-19,0.3434
2001-06-20,0.8709
2001-06-21,1.1364
2001-06-22,-0.945
2001-06-25,-0.5509
2001-06-26,-0.151
2001-06-27,-0.4676
2001-06-28,1.2493
2001-06-29,-0.1484
2001-07-02,1.0079
2001-07-03,-0.1836
2001-07-05,-1.2321
2001-07-06,-2.3498
2001-07-09,0.6879
2001-07-10,-1.4398
2001-07-11,-0.1134
2001-07-12,2.3691
2001-07-13,0.6241
2001-07-16,-1.0883
2001-07-17,0.9971
2001-07-18,-0.5542
2001-07-19,0.6053
2001-07-20,-0.3432
2001-07-23,-1.6369
2001-07-24,-1.6272
2001-07-25,1.608
2001-07-26,1.0449
2001-07-27,0.2402
2001-07-30,-0.1078
2001-07-31,0.5571
2001-08-01,0.388
2001-08-02,0.3964
2001-08-03,-0.5243
2001-08-06,-1.1422
2001-08-07,0.3265
2001-08-08,-1.7328
2001-08-09,-0.0084
2001-08-10,0.5687
2001-08-13,0.0949
2001-08-14,-0.3828
2001-08-15,-0.7339
2001-08-16,0.309
2001-08-17,-1.6663
2001-08-20,0.8124
2001-08-21,-1.2079
2001-08-22,0.6956
2001-08-23,-0.2763
2001-08-24,1.9654
2001-08-27,-0.4827
2001-08-28,-1.501
2001-08-29,-1.1149
2001-08-30,-1.7004
2001-08-31,0.403
2001-09-04,-0.0565
2001-09-05,-0.1059
2001-09-06,-2.239
2001-09-07,-1.8637
2001-09-10,0.6226
2001-09-17,-4.9216
2001-09-18,-0.5805
2001-09-19,-1.6112
2001-09-20,-3.106
2001-09-21,-1.9034
2001-09-24,3.8983
2001-09-25,0.879
2001-09-26,-0.5167
2001-09-27,1.1489
2001-09-28,2.1922
2001-10-01,-0.2296
2001-10-02,1.2306
2001-10-03,1.9927
2001-10-04,-0.2471
2001-10-05,0.1636
2001-10-08,-0.8344
2001-10-09,-0.5356
2001-10-10,2.2938
2001-10-11,1.5208
2001-10-12,-0.5267
2001-10-15,-0.153
2001-10-16,0.6936
2001-10-17,-1.8633
2001-10-18,-0.7873
2001-10-19,0.4557
2001-10-22,1.5296
2001-10-23,-0.4698
2001-10-24,0.0387
2001-10-25,1.3721
2001-10-26,0.4109
2001-10-29,-2.3818
2001-10-30,-1.7166
2001-10-31,-0.0009
2001-11-01,2.2948
2001-11-02,0.286
2001-11-05,1.4386
2001-11-06,1.4526
2001-11-07,-0.2735
2001-11-08,0.2456
2001-11-09,0.1582
2001-11-12,-0.1767
2001-11-13,1.8563
2001-11-14,0.1861
2001-11-15,0.0903
2001-11-16,-0.3143
2001-11-19,1.0899
2001-11-20,-0.7298
2001-11-21,-0.4927
2001-11-23,1.1706
2001-11-26,0.6155
2001-11-27,-0.6843
2001-11-28,-1.8251
2001-11-29,1.035
2001-11-30,-0.0658
2001-12-03,-0.8381
2001-12-04,1.3187
2001-12-05,2.2318
2001-12-06,-0.2777
2001-12-07,-0.7531
2001-12-10,-1.5868
2001-12-11,-0.2781
2001-12-12,0.0273
2001-12-13,-1.5558
2001-12-14,0.3314
2001-12-17,1.0035
2001-12-18,0.7546
2001-12-19,0.581
2001-12-20,-0.8377
2001-12-21,0.4351
2001-12-24,-0.021
2001-12-26,0.4124
2001-12-27,0.6752
2001-12-28,0.3362
2001-12-31,-1.1145
2002-01-02,0.574
2002-01-03,0.918
2002-01-04,0.6213
2002-01-07,-0.6499
2002-01-08,-0.3588
2002-01-09,-0.4799
2002-01-10,0.1221
2002-01-11,-0.9468
2002-01-14,-0.6276
2002-01-15,0.6834
2002-01-16,-1.6245
2002-01-17,1.003
2002-01-18,-0.9922
2002-01-22,-0.7334
2002-01-23,0.7925
2002-01-24,0.3519
2002-01-25,0.0998
2002-01-28,-0.0194
2002-01-29,-2.8613
2002-01-30,1.1748
2002-01-31,1.4934
2002-02-01,-0.7078
2002-02-04,-2.4737
2002-02-05,-0.4039
2002-02-06,-0.5972
2002-02-07,-0.3083
2002-02-08,1.4859
2002-02-11,1.434
2002-02-12,-0.3993
2002-02-13,0.9941
2002-02-14,-0.1815
2002-02-15,-1.1017
2002-02-19,-1.8874
2002-02-20,1.3514
2002-02-21,-1.551
2002-02-22,0.8224
2002-02-25,1.7975
2002-02-26,-0.0045
2002-02-27,0.046
2002-02-28,-0.2847
2002-03-01,2.2634
2002-03-04,1.9491
2002-03-05,-0.6673
2002-03-06,1.451
2002-03-07,-0.4498
2002-03-08,0.5849
2002-03-11,0.3393
2002-03-12,-0.2294
2002-03-13,-0.9858
2002-03-14,-0.091
2002-03-15,1.1379
2002-03-18,-0.0523
2002-03-19,0.4067
2002-03-20,-1.5757
2002-03-21,0.1511
2002-03-22,-0.4239
2002-03-25,-1.4651
2002-03-26,0.5849
2002-03-27,0.5349
2002-03-28,0.2455
2002-04-01,-0.0741
2002-04-02,-0.853
2002-04-03,-0.9993
2002-04-04,0.0835
2002-04-05,-0.3205
2002-04-08,0.228
2002-04-09,-0.6656
2002-04-10,1.1335
2002-04-11,-2.3689
2002-04-12,0.6632
2002-04-15,-0.7615
2002-04-16,2.3418
2002-04-17,-0.2038
2002-04-18,-0.1421
2002-04-19,0.0623
2002-04-22,-1.5411
2002-04-23,-0.6201
2002-04-24,-0.7103
2002-04-25,-0.1519
2002-04-26,-1.3889
2002-04-29,-1.0099
2002-04-30,1.0765
2002-05-01,0.8859
2002-05-02,-0.1749
2002-05-03,-1.0262
2002-05-06,-1.934
2002-05-07,-0.3021
2002-05-08,3.7504
2002-05-09,-1.4547
2002-05-10,-1.6794
2002-05-13,1.855
2002-05-14,2.1144
2002-05-15,-0.5659
2002-05-16,0.6562
2002-05-17,0.7612
2002-05-20,-1.3293
2002-05-21,-1.099
2002-05-22,0.5686
2002-05-23,1.0184
2002-05-24,-1.2087
2002-05-28,-0.8553
2002-05-29,-0.6412
2002-05-30,-0.281
2002-05-31,0.2329
2002-06-03,-2.4795
2002-06-04,0.001
2002-06-05,0.885
2002-06-06,-1.9764
2002-06-07,-0.1574
2002-06-10,0.3124
2002-06-11,-1.6629
2002-06-12,0.6571
2002-06-13,-1.0488
2002-06-14,-0.2268
2002-06-17,2.8691
2002-06-18,0.0936
2002-06-19,-1.6536
2002-06-20,-1.3432
2002-06-21,-1.7043
2002-06-24,0.3619
2002-06-25,-1.6702
2002-06-26,-0.2674
2002-06-27,1.7575
2002-06-28,-0.0828
2002-07-01,-2.1388
2002-07-02,-2.1225
2002-07-03,0.6223
2002-07-05,3.673
2002-07-08,-1.2184
2002-07-09,-2.4719
2002-07-10,-3.3962
2002-07-11,0.7496
2002-07-12,-0.6448
2002-07-15,-0.3755
2002-07-16,-1.8509
2002-07-17,0.5661
2002-07-18,-2.7019
2002-07-19,-3.8352
2002-07-22,-3.2911
2002-07-23,-2.7017
2002-07-24,5.7327
2002-07-25,-0.5632
2002-07-26,1.6884
2002-07-29,5.4078
2002-07-30,0.4249
2002-07-31,0.9792
2002-08-01,-2.9574
2002-08-02,-2.3082
2002-08-05,-3.4296
2002-08-06,2.9919
2002-08-07,2.001
2002-08-08,3.2722
2002-08-09,0.3512
2002-08-12,-0.5327
2002-08-13,-2.1675
2002-08-14,4.0047
2002-08-15,1.1559
2002-08-16,-0.1591
2002-08-19,2.3612
2002-08-20,-1.3958
2002-08-21,1.2726
2002-08-22,1.4052
2002-08-23,-2.2686
2002-08-26,0.7536
2002-08-27,-1.3851
2002-08-28,-1.8132
2002-08-29,-0.0076
2002-08-30,-0.1885
2002-09-03,-4.1536
2002-09-04,1.7517
2002-09-05,-1.595
2002-09-06,1.68
2002-09-09,1.0113
2002-09-10,0.7331
2002-09-11,-0.0143
2002-09-12,-2.4784
2002-09-13,0.327
2002-09-16,0.145
2002-09-17,-1.9728
2002-09-18,-0.4648
2002-09-19,-3.0065
2002-09-20,0.2455
2002-09-23,-1.3828
2002-09-24,-1.7284
2002-09-25,2.4863
2002-09-26,1.821
2002-09-27,-3.2259
2002-09-30,-1.4613
2002-10-01,4.0023
2002-10-02,-2.3587
2002-10-03,-1.0822
2002-10-04,-2.2431
2002-10-07,-1.9111
2002-10-08,1.6898
2002-10-09,-2.7287
2002-10-10,3.4966
2002-10-11,3.9059
2002-10-14,0.7327
2002-10-15,4.7336
2002-10-16,-2.4113
2002-10-17,2.2302
2002-10-18,0.5903
2002-10-21,1.7334
2002-10-22,-1.0626
2002-10-23,0.6718
2002-10-24,-1.5221
2002-10-25,1.7167
2002-10-28,-0.8266
2002-10-29,-0.9076
2002-10-30,0.9704
2002-10-31,-0.5557
2002-11-01,1.716
2002-11-04,0.8202
2002-11-05,0.775
2002-11-06,0.9144
2002-11-07,-2.2852
2002-11-08,-0.8763
2002-11-11,-2.0732
2002-11-12,0.7715
2002-11-13,-0.0476
2002-11-14,2.4634
2002-11-15,0.6149
2002-11-18,-1.0409
2002-11-19,-0.4021
2002-11-20,1.9415
2002-11-21,2.1452
2002-11-22,-0.3438
2002-11-25,0.2493
2002-11-26,-2.0968
2002-11-27,2.7986
2002-11-29,-0.2727
2002-12-02,-0.1901
2002-12-03,-1.4745
2002-12-04,-0.3443
2002-12-05,-1.2021
2002-12-06,0.6266
2002-12-09,-2.2176
2002-12-10,1.3957
2002-12-11,0.0564
2002-12-12,-0.3735
2002-12-13,-1.3421
2002-12-16,2.3519
2002-12-17,-0.8139
2002-12-18,-1.3145
2002-12-19,-0.7709
2002-12-20,1.3017
2002-12-23,0.1809
2002-12-24,-0.5471
2002-12-26,-0.3149
2002-12-27,-1.6029
2002-12-30,0.4558
2002-12-31,0.0489
2003-01-02,3.32
2003-01-03,-0.0484
2003-01-06,2.2474
2003-01-07,-0.6545
2003-01-08,-1.4086
2003-01-09,1.9386
2003-01-10,0.0
2003-01-13,-0.1412
2003-01-14,0.583
2003-01-15,-1.4426
2003-01-16,-0.3942
2003-01-17,-1.4017
2003-01-21,-1.5702
2003-01-22,-1.0432
2003-01-23,1.0224
2003-01-24,-2.9233
2003-01-27,-1.616
2003-01-28,1.305
2003-01-29,0.6779
2003-01-30,-2.2849
2003-01-31,1.313
2003-02-03,0.5399
2003-02-04,-1.4088
2003-02-05,-0.5435
2003-02-06,-0.6449
2003-02-07,-1.0094
2003-02-10,0.7569
2003-02-11,-0.8098
2003-02-12,-1.2687
2003-02-13,-0.16
2003-02-14,2.1435
2003-02-18,1.95
2003-02-19,-0.7096
2003-02-20,-0.9501
2003-02-21,1.3224
2003-02-24,-1.8381
2003-02-25,0.7195
2003-02-26,-1.3141
2003-02-27,1.1758
2003-02-28,0.4622
2003-03-03,-0.7537
2003-03-04,-1.5357
2003-03-05,0.9562
2003-03-06,-0.9339
2003-03-07,0.8259
2003-03-10,-2.583
2003-03-11,-0.8359
2003-03-12,0.4321
2003-03-13,3.4457
2003-03-14,0.1647
2003-03-17,3.5427
2003-03-18,0.4242
2003-03-19,0.8737
2003-03-20,0.1888
2003-03-21,2.2977
2003-03-24,-3.5231
2003-03-25,1.2161
2003-03-26,-0.5476
2003-03-27,-0.1644
2003-03-28,-0.578
2003-03-31,-1.7742
2003-04-01,1.2144
2003-04-02,2.6116
2003-04-03,-0.5052
2003-04-04,0.2738
2003-04-07,0.1229
2003-04-08,-0.1864
2003-04-09,-1.4004
2003-04-10,0.6455
2003-04-11,-0.3763
2003-04-14,1.9498
2003-04-15,0.6303
2003-04-16,-1.2236
2003-04-17,1.5536
2003-04-21,-0.1757
2003-04-22,2.1704
2003-04-23,0.8394
2003-04-24,-0.8259
2003-04-25,-1.3846
2003-04-28,1.7835
2003-04-29,0.3279
2003-04-30,-0.1002
2003-05-01,-0.0676
2003-05-02,1.5039
2003-05-05,-0.3795
2003-05-06,0.8461
2003-05-07,-0.5105
2003-05-08,-1.0058
2003-05-09,1.4278
2003-05-12,1.2535
2003-05-13,-0.2973
2003-05-14,-0.3205
2003-05-15,0.7868
2003-05-16,-0.2504
2003-05-19,-2.4918
2003-05-20,-0.1129
2003-05-21,0.4012
2003-05-22,0.9151
2003-05-23,0.1449
2003-05-27,1.9567
2003-05-28,0.1829
2003-05-29,-0.3756
2003-05-30,1.469
2003-06-02,0.3539
2003-06-03,0.4716
2003-06-04,1.511
2003-06-05,0.3954
2003-06-06,-0.2404
2003-06-09,-1.1977
2003-06-10,0.913
2003-06-11,1.2835
2003-06-12,0.1033
2003-06-13,-0.9915
2003-06-16,2.2385
2003-06-17,0.091
2003-06-18,-0.1552
2003-06-19,-1.5236
2003-06-20,0.0995
2003-06-23,-1.4111
2003-06-24,0.1844
2003-06-25,-0.8267
2003-06-26,1.0766
2003-06-27,-0.9738
2003-06-30,-0.1762
2003-07-01,0.8025
2003-07-02,1.1636
2003-07-03,-0.8101
2003-07-07,1.8992
2003-07-08,0.3405
2003-07-09,-0.5586
2003-07-10,-1.348
2003-07-11,0.9548
2003-07-14,0.5731
2003-07-15,-0.3427
2003-07-16,-0.6327
2003-07-17,-1.2433
2003-07-18,1.1806
2003-07-21,-1.4618
2003-07-22,0.9512
2003-07-23,0.0506
2003-07-24,-0.7091
2003-07-25,1.74
2003-07-28,-0.2163
2003-07-29,-0.7265
2003-07-30,-0.1809
2003-07-31,0.2856
2003-08-01,-1.0259
2003-08-04,0.2724
2003-08-05,-1.7663
2003-08-06,0.1678
2003-08-07,0.728
2003-08-08,0.3562
2003-08-11,0.3069
2003-08-12,0.9953
2003-08-13,-0.6382
2003-08-14,0.6585
2003-08-15,0.0162
2003-08-18,0.9155
2003-08-19,0.2611
2003-08-20,-0.2045
2003-08-21,0.2969
2003-08-22,-1.0177
2003-08-25,0.0655
2003-08-26,0.3039
2003-08-27,0.006
2003-08-28,0.6069
2003-08-29,0.5155
2003-09-02,1.3869
2003-09-03,0.4188
2003-09-04,0.1656
2003-09-05,-0.6401
2003-09-08,1.0035
2003-09-09,-0.821
2003-09-10,-1.1973
2003-09-11,0.5441
2003-09-12,0.2174
2003-09-15,-0.375
2003-09-16,1.4298
2003-09-17,-0.3255
2003-09-18,1.3265
2003-09-19,-0.3155
2003-09-22,-1.3008
2003-09-23,0.6071
2003-09-24,-1.9096
2003-09-25,-0.6053
2003-09-26,-0.6399
2003-09-29,0.9761
2003-09-30,-1.0541
2003-10-01,2.234
2003-10-02,0.1984
2003-10-03,0.9419
2003-10-06,0.437
2003-10-07,0.4737
2003-10-08,-0.5263
2003-10-09,0.4788
2003-10-10,-0.0645
2003-10-13,0.7023
2003-10-14,0.3951
2003-10-15,-0.2592
2003-10-16,0.3162
2003-10-17,-1.0237
2003-10-20,0.5157
2003-10-21,0.1292
2003-10-22,-1.498
2003-10-23,0.331
2003-10-24,-0.4701
2003-10-27,0.2158
2003-10-28,1.5187
2003-10-29,0.1261
2003-10-30,-0.1116
2003-10-31,0.3601
2003-11-03,0.7909
2003-11-04,-0.5448
2003-11-05,-0.1367
2003-11-06,0.5933
2003-11-07,-0.4574
2003-11-10,-0.5792
2003-11-11,-0.0516
2003-11-12,1.1428
2003-11-13,-0.0113
2003-11-14,-0.7615
2003-11-17,-0.6398
2003-11-18,-0.9084
2003-11-19,0.8016
2003-11-20,-0.8432
2003-11-21,0.1577
2003-11-24,1.6227
2003-11-25,0.172
2003-11-26,0.4327
2003-11-28,-0.0236
2003-12-01,1.1264
2003-12-02,-0.3271
2003-12-03,-0.1772
2003-12-04,0.4687
2003-12-05,-0.7684
2003-12-08,0.7348
2003-12-09,-0.8529
2003-12-10,-0.1066
2003-12-11,1.1482
2003-12-12,0.2735
2003-12-15,-0.5679
2003-12-16,0.6638
2003-12-17,0.1256
2003-12-18,1.1798
2003-12-19,-0.0477
2003-12-22,0.3931
2003-12-23,0.2818
2003-12-24,-0.1807
2003-12-26,0.1691
2003-12-29,1.2401
2003-12-30,0.0144
2003-12-31,0.2055
2004-01-02,-0.3094
2004-01-05,1.2395
2004-01-06,0.1292
2004-01-07,0.2367
2004-01-08,0.4963
2004-01-09,-0.8888
2004-01-12,0.4787
2004-01-13,-0.5332
2004-01-14,0.8295
2004-01-15,0.1353
2004-01-16,0.6872
2004-01-20,-0.093
2004-01-21,0.7772
2004-01-22,-0.3207
2004-01-23,-0.2089
2004-01-26,1.2106
2004-01-27,-0.9798
2004-01-28,-1.361
2004-01-29,0.4989
2004-01-30,-0.2628
2004-02-02,0.3651
2004-02-03,0.0678
2004-02-04,-0.8371
2004-02-05,0.1838
2004-02-06,1.2555
2004-02-09,-0.2581
2004-02-10,0.5027
2004-02-11,1.0667
2004-02-12,-0.488
2004-02-13,-0.5468
2004-02-17,0.9757
2004-02-18,-0.4468
2004-02-19,-0.4133
2004-02-20,-0.2572
2004-02-23,-0.2727
2004-02-24,-0.1665
2004-02-25,0.4021
2004-02-26,0.1084
2004-02-27,0.0026
2004-03-01,0.9634
2004-03-02,-0.5943
2004-03-03,0.168
2004-03-04,0.3336
2004-03-05,0.1723
2004-03-08,-0.835
2004-03-09,-0.5771
2004-03-10,-1.4633
2004-03-11,-1.5224
2004-03-12,1.246
2004-03-15,-1.435
2004-03-16,0.5623
2004-03-17,1.1749
2004-03-18,-0.1273
2004-03-19,-1.1173
2004-03-22,-1.2958
2004-03-23,-0.1324
2004-03-24,-0.2395
2004-03-25,1.6365
2004-03-26,-0.1019
2004-03-29,1.3005
2004-03-30,0.4036
2004-03-31,-0.0701
2004-04-01,0.5292
2004-04-02,0.8515
2004-04-05,0.7672
2004-04-06,-0.2095
2004-04-07,-0.6645
2004-04-08,-0.1061
2004-04-12,0.5161
2004-04-13,-1.3762
2004-04-14,-0.1124
2004-04-15,0.0594
2004-04-16,0.5111
2004-04-19,0.1066
2004-04-20,-1.5557
2004-04-21,0.5312
2004-04-22,1.4091
2004-04-23,0.0588
2004-04-26,-0.4445
2004-04-27,0.2272
2004-04-28,-1.3795
2004-04-29,-0.7591
2004-04-30,-0.5916
2004-05-03,0.9203
2004-05-04,0.1843
2004-05-05,0.1769
2004-05-06,-0.6723
2004-05-07,-1.3725
2004-05-10,-1.054
2004-05-11,0.7662
2004-05-12,0.1671
2004-05-13,-0.0766
2004-05-14,-0.0675
2004-05-17,-1.0587
2004-05-18,0.6817
2004-05-19,-0.2574
2004-05-20,0.0468
2004-05-21,0.4012
2004-05-24,0.1692
2004-05-25,1.6104
2004-05-26,0.1698
2004-05-27,0.5686
2004-05-28,-0.0535
2004-06-01,0.0464
2004-06-02,0.338
2004-06-03,-0.7422
2004-06-04,0.5248
2004-06-07,1.5964
2004-06-08,0.1543
2004-06-09,-0.9499
2004-06-10,0.4543
2004-06-14,-0.9837
2004-06-15,0.5972
2004-06-16,0.1369
2004-06-17,-0.1332
2004-06-18,0.2624
2004-06-21,-0.4159
2004-06-22,0.3636
2004-06-23,0.8507
2004-06-24,-0.2981
2004-06-25,-0.5453
2004-06-28,-0.0952
2004-06-29,0.2515
2004-06-30,0.4084
2004-07-01,-1.0431
2004-07-02,-0.3153
2004-07-06,-0.8148
2004-07-07,0.1899
2004-07-08,-0.8244
2004-07-09,0.3336
2004-07-12,0.1384
2004-07-13,0.0709
2004-07-14,-0.3291
2004-07-15,-0.4301
2004-07-16,-0.4789
2004-07-19,-0.0445
2004-07-20,0.7058
2004-07-21,-1.334
2004-07-22,0.2706
2004-07-23,-0.9701
2004-07-26,-0.1961
2004-07-27,0.9926
2004-07-28,0.0539
2004-07-29,0.4574
2004-07-30,0.1172
2004-08-02,0.4448
2004-08-03,-0.6262
2004-08-04,-0.0964
2004-08-05,-1.632
2004-08-06,-1.5481
2004-08-09,0.1175
2004-08-10,1.2974
2004-08-11,-0.3012
2004-08-12,-1.1675
2004-08-13,0.1477
2004-08-16,1.3655
2004-08-17,0.2196
2004-08-18,1.2443
2004-08-19,-0.3598
2004-08-20,0.6525
2004-08-23,-0.2431
2004-08-24,0.0465
2004-08-25,0.8
2004-08-26,0.0118
2004-08-27,0.2425
2004-08-30,-0.7781
2004-08-31,0.4631
2004-09-01,0.1512
2004-09-02,1.1212
2004-09-03,-0.4185
2004-09-07,0.6887
2004-09-08,-0.4486
2004-09-09,0.189
2004-09-10,0.4954
2004-09-13,0.1691
2004-09-14,0.2229
2004-09-15,-0.7055
2004-09-16,0.2794
2004-09-17,0.4495
2004-09-20,-0.5627
2004-09-21,0.6327
2004-09-22,-1.3938
2004-09-23,-0.467
2004-09-24,0.1579
2004-09-27,-0.5936
2004-09-28,0.5926
2004-09-29,0.427
2004-09-30,-0.0197
2004-10-01,1.5181
2004-10-04,0.3243
2004-10-05,-0.0608
2004-10-06,0.6673
2004-10-07,-0.9982
2004-10-08,-0.7527
2004-10-11,0.2005
2004-10-12,-0.2268
2004-10-13,-0.7301
2004-10-14,-0.9303
2004-10-15,0.445
2004-10-18,0.5252
2004-10-19,-0.9686
2004-10-20,0.039
2004-10-21,0.2564
2004-10-22,-0.9715
2004-10-25,-0.0858
2004-10-26,1.4879
2004-10-27,1.2879
2004-10-28,0.1813
2004-10-29,0.2448
2004-11-01,0.0274
2004-11-02,0.0044
2004-11-03,1.118
2004-11-04,1.6156
2004-11-05,0.3874
2004-11-08,-0.1098
2004-11-09,-0.0695
2004-11-10,-0.1005
2004-11-11,0.9089
2004-11-12,0.911
2004-11-15,-0.0304
2004-11-16,-0.7079
2004-11-17,0.5538
2004-11-18,0.1362
2004-11-19,-1.1161
2004-11-22,0.5896
2004-11-23,-0.0255
2004-11-24,0.4095
2004-11-26,0.0753
2004-11-29,-0.345
2004-11-30,-0.403
2004-12-01,1.4951
2004-12-02,-0.0873
2004-12-03,0.0706
2004-12-06,-0.0772
2004-12-07,-1.1073
2004-12-08,0.4877
2004-12-09,0.5436
2004-12-10,-0.1043
2004-12-13,0.899
2004-12-14,0.3921
2004-12-15,0.1945
2004-12-16,-0.2082
2004-12-17,-0.7488
2004-12-20,0.0377
2004-12-21,0.904
2004-12-22,0.3418
2004-12-23,0.0463
2004-12-27,-0.4305
2004-12-28,0.7154
2004-12-29,-0.0074
2004-12-30,0.0082
2004-12-31,-0.1343
2005-01-03,-0.8119
2005-01-04,-1.1671
2005-01-05,-0.3628
2005-01-06,0.3506
2005-01-07,-0.1431
2005-01-10,0.3423
2005-01-11,-0.61
2005-01-12,0.3981
2005-01-13,-0.863
2005-01-14,0.6005
2005-01-18,0.9675
2005-01-19,-0.949
2005-01-20,-0.7783
2005-01-21,-0.6415
2005-01-24,-0.3528
2005-01-25,0.4004
2005-01-26,0.4844
2005-01-27,0.0409
2005-01-28,-0.2716
2005-01-31,0.846
2005-02-01,0.6891
2005-02-02,0.3178
2005-02-03,-0.2766
2005-02-04,1.1043
2005-02-07,-0.1089
2005-02-08,0.0483
2005-02-09,-0.8575
2005-02-10,0.4211
2005-02-11,0.6926
2005-02-14,0.0697
2005-02-15,0.33
2005-02-16,0.0182
2005-02-17,-0.7923
2005-02-18,0.07
2005-02-22,-1.4506
2005-02-23,0.5607
2005-02-24,0.7894
2005-02-25,0.9307
2005-02-28,-0.6414
2005-03-01,0.5658
2005-03-02,-0.0273
2005-03-03,0.0322
2005-03-04,0.9624
2005-03-07,0.261
2005-03-08,-0.4799
2005-03-09,-1.0185
2005-03-10,0.1856
2005-03-11,-0.7583
2005-03-14,0.5625
2005-03-15,-0.7524
2005-03-16,-0.8082
2005-03-17,0.1801
2005-03-18,-0.0471
2005-03-21,-0.4934
2005-03-22,-1.0196
2005-03-23,0.07
2005-03-24,-0.0947
2005-03-28,0.2441
2005-03-29,-0.7596
2005-03-30,1.3773
2005-03-31,-0.0694
2005-04-01,-0.6497
2005-04-04,0.2728
2005-04-05,0.4481
2005-04-06,0.2269
2005-04-07,0.5971
2005-04-08,-0.8345
2005-04-11,0.0008
2005-04-12,0.5545
2005-04-13,-1.1762
2005-04-14,-1.0002
2005-04-15,-1.672
2005-04-18,0.2941
2005-04-19,0.5934
2005-04-20,-1.3255
2005-04-21,1.9736
2005-04-22,-0.675
2005-04-25,0.8662
2005-04-26,-0.8837
2005-04-27,0.395
2005-04-28,-1.138
2005-04-29,1.1922
2005-05-02,0.459
2005-05-03,-0.0852
2005-05-04,1.247
2005-05-05,-0.2569
2005-05-06,-0.1092
2005-05-09,0.6394
2005-05-10,-1.0705
2005-05-11,0.4193
2005-05-12,-1.0033
2005-05-13,-0.458
2005-05-16,1.0086
2005-05-17,0.6957
2005-05-18,1.0019
2005-05-19,0.4656
2005-05-20,-0.1511
2005-05-23,0.3851
2005-05-24,0.0176
2005-05-25,-0.34
2005-05-26,0.6395
2005-05-27,0.0969
2005-05-31,-0.6073
2005-06-01,0.8997
2005-06-02,0.1722
2005-06-03,-0.6867
2005-06-06,0.1246
2005-06-07,-0.0209
2005-06-08,-0.2163
2005-06-09,0.524
2005-06-10,-0.2348
2005-06-13,0.2262
2005-06-14,0.2573
2005-06-15,0.2218
2005-06-16,0.363
2005-06-17,0.4955
2005-06-20,-0.0707
2005-06-21,-0.2048
2005-06-22,0.0222
2005-06-23,-1.0833
2005-06-24,-0.7629
2005-06-27,-0.0739
2005-06-28,0.9138
2005-06-29,-0.1431
2005-06-30,-0.7101
2005-07-01,0.2611
2005-07-05,0.8833
2005-07-06,-0.834
2005-07-07,0.2452
2005-07-08,1.1679
2005-07-11,0.6255
2005-07-12,0.2272
2005-07-13,0.0884
2005-07-14,0.2624
2005-07-15,0.1158
2005-07-18,-0.553
2005-07-19,0.6731
2005-07-20,0.4759
2005-07-21,-0.6606
2005-07-22,0.5411
2005-07-25,-0.3769
2005-07-26,0.1733
2005-07-27,0.4573
2005-07-28,0.5603
2005-07-29,-0.7671
2005-08-01,0.0948
2005-08-02,0.7099
2005-08-03,0.0739
2005-08-04,-0.7373
2005-08-05,-0.7638
2005-08-08,-0.2683
2005-08-09,0.6745
2005-08-10,-0.1827
2005-08-11,0.7062
2005-08-12,-0.5994
2005-08-15,0.2828
2005-08-16,-1.1776
2005-08-17,0.0738
2005-08-18,-0.1
2005-08-19,0.0566
2005-08-22,0.1656
2005-08-23,-0.3389
2005-08-24,-0.657
2005-08-25,0.2298
2005-08-26,-0.5997
2005-08-29,0.5958
2005-08-30,-0.3192
2005-08-31,0.9864
2005-09-01,0.1033
2005-09-02,-0.2922
2005-09-06,1.2619
2005-09-07,0.2408
2005-09-08,-0.3793
2005-09-09,0.7965
2005-09-12,-0.0741
2005-09-13,-0.7545
2005-09-14,-0.3281
2005-09-15,0.0464
2005-09-16,0.8292
2005-09-19,-0.5566
2005-09-20,-0.7863
2005-09-21,-0.9121
2005-09-22,0.3652
2005-09-23,0.0552
2005-09-26,0.028
2005-09-27,0.0025
2005-09-28,0.1012
2005-09-29,0.8867
2005-09-30,0.092
2005-10-03,-0.1717
2005-10-04,-0.997
2005-10-05,-1.4887
2005-10-06,-0.4096
2005-10-07,0.3701
2005-10-10,-0.7166
2005-10-11,-0.2072
2005-10-12,-0.6068
2005-10-13,-0.0713
2005-10-14,0.8268
2005-10-17,0.2975
2005-10-18,-1.005
2005-10-19,1.4956
2005-10-20,-1.502
2005-10-21,0.152
2005-10-24,1.6777
2005-10-25,-0.2368
2005-10-26,-0.4312
2005-10-27,-1.0475
2005-10-28,1.6549
2005-10-31,0.7176
2005-11-01,-0.3521
2005-11-02,0.9977
2005-11-03,0.4264
2005-11-04,0.0164
2005-11-07,0.2188
2005-11-08,-0.3451
2005-11-09,0.169
2005-11-10,0.8446
2005-11-11,0.3055
2005-11-14,-0.0778
2005-11-15,-0.385
2005-11-16,0.179
2005-11-17,0.9414
2005-11-18,0.4401
2005-11-21,0.5271
2005-11-22,0.5084
2005-11-23,0.3473
2005-11-25,0.2086
2005-11-28,-0.8508
2005-11-29,0.0016
2005-11-30,-0.6362
2005-12-01,1.2157
2005-12-02,0.0324
2005-12-05,-0.2363
2005-12-06,0.1276
2005-12-07,-0.5009
2005-12-08,-0.1217
2005-12-09,0.2811
2005-12-12,0.0842
2005-12-13,0.5554
2005-12-14,0.419
2005-12-15,-0.1414
2005-12-16,-0.2848
2005-12-19,-0.5839
2005-12-20,-0.0238
2005-12-21,0.2517
2005-12-22,0.4221
2005-12-23,0.0426
2005-12-27,-0.9553
2005-12-28,0.1297
2005-12-29,-0.2981
2005-12-30,-0.4887
2006-01-03,1.643
2006-01-04,0.3673
2006-01-05,0.0016
2006-01-06,0.9399
2006-01-09,0.3656
2006-01-10,-0.0357
2006-01-11,0.3481
2006-01-12,-0.6274
2006-01-13,0.1205
2006-01-17,-0.3635
2006-01-18,-0.3897
2006-01-19,0.5564
2006-01-20,-1.8326
2006-01-23,0.1847
2006-01-24,0.2405
2006-01-25,-0.1721
2006-01-26,0.7235
2006-01-27,0.7764
2006-01-30,0.1145
2006-01-31,-0.3976
2006-02-01,0.1859
2006-02-02,-0.9061
2006-02-03,-0.5359
2006-02-06,0.0783
2006-02-07,-0.8095
2006-02-08,0.8663
2006-02-09,-0.1478
2006-02-10,0.254
2006-02-13,-0.326
2006-02-14,1.0033
2006-02-15,0.3504
2006-02-16,0.7328
2006-02-17,-0.166
2006-02-21,-0.3271
2006-02-22,0.7513
2006-02-23,-0.3775
2006-02-24,0.1273
2006-02-27,0.3637
2006-02-28,-1.0401
2006-03-01,0.8261
2006-03-02,-0.1626
2006-03-03,-0.1482
2006-03-06,-0.6968
2006-03-07,-0.1862
2006-03-08,0.203
2006-03-09,-0.4881
2006-03-10,0.7224
2006-03-13,0.2115
2006-03-14,1.0396
2006-03-15,0.427
2006-03-16,0.1773
2006-03-17,0.1471
2006-03-20,-0.166
2006-03-21,-0.6015
2006-03-22,0.6021
2006-03-23,-0.2582
2006-03-24,0.0983
2006-03-27,-0.1028
2006-03-28,-0.6438
2006-03-29,0.747
2006-03-30,-0.2026
2006-03-31,-0.4138
2006-04-03,0.227
2006-04-04,0.6257
2006-04-05,0.4311
2006-04-06,-0.1921
2006-04-07,-1.0343
2006-04-10,0.0865
2006-04-11,-0.7751
2006-04-12,0.1205
2006-04-13,0.0776
2006-04-17,-0.294
2006-04-18,1.7077
2006-04-19,0.2027
2006-04-20,0.1168
2006-04-21,-0.0137
2006-04-24,-0.2417
2006-04-25,-0.487
2006-04-26,0.2819
2006-04-27,0.3302
2006-04-28,0.068
2006-05-01,-0.4135
2006-05-02,0.6145
2006-05-03,-0.3876
2006-05-04,0.3157
2006-05-05,1.0295
2006-05-08,-0.083
2006-05-09,0.0362
2006-05-10,-0.1728
2006-05-11,-1.2798
2006-05-12,-1.1241
2006-05-15,0.2525
2006-05-16,-0.1869
2006-05-17,-1.6841
2006-05-18,-0.6699
2006-05-19,0.4137
2006-05-22,-0.3915
2006-05-23,-0.435
2006-05-24,0.1584
2006-05-25,1.137
2006-05-26,0.5719
2006-05-30,-1.585
2006-05-31,0.8112
2006-06-01,1.2298
2006-06-02,0.1952
2006-06-05,-1.78
2006-06-06,-0.1138
2006-06-07,-0.6092
2006-06-08,0.1417
2006-06-09,-0.4476
2006-06-12,-1.1866
2006-06-13,-1.1112
2006-06-14,0.5189
2006-06-15,2.1235
2006-06-16,-0.3678
2006-06-19,-0.9117
2006-06-20,-0.0008
2006-06-21,0.9741
2006-06-22,-0.5271
2006-06-23,-0.0883
2006-06-26,0.4869
2006-06-27,-0.9084
2006-06-28,0.5487
2006-06-29,2.1565
2006-06-30,-0.2098
2006-07-03,0.7865
2006-07-05,-0.7249
2006-07-06,0.2494
2006-07-07,-0.675
2006-07-10,0.147
2006-07-11,0.4016
2006-07-12,-1.0869
2006-07-13,-1.2967
2006-07-14,-0.4894
2006-07-17,-0.1383
2006-07-18,0.192
2006-07-19,1.8555
2006-07-20,-0.8477
2006-07-21,-0.7077
2006-07-24,1.6625
2006-07-25,0.6321
2006-07-26,-0.0378
2006-07-27,-0.41
2006-07-28,1.2152
2006-07-31,-0.1478
2006-08-01,-0.4496
2006-08-02,0.5107
2006-08-03,0.2239
2006-08-04,-0.0711
2006-08-07,-0.2806
2006-08-08,-0.3363
2006-08-09,-0.4349
2006-08-10,0.4629
2006-08-11,-0.3986
2006-08-14,0.116
2006-08-15,1.3696
2006-08-16,0.7662
2006-08-17,0.1582
2006-08-18,0.3715
2006-08-21,-0.367
2006-08-22,0.1002
2006-08-23,-0.4489
2006-08-24,0.2374
2006-08-25,-0.0748
2006-08-28,0.5166
2006-08-29,0.192
2006-08-30,0.0836
2006-08-31,-0.1187
2006-09-01,0.5515
2006-09-05,0.1709
2006-09-06,-0.9891
2006-09-07,-0.4799
2006-09-08,0.3787
2006-09-11,0.0477
2006-09-12,1.0358
2006-09-13,0.3861
2006-09-14,-0.1358
2006-09-15,0.2568
2006-09-18,0.1152
2006-09-19,-0.2679
2006-09-20,0.5722
2006-09-21,-0.5395
2006-09-22,-0.2466
2006-09-25,0.8815
2006-09-26,0.7524
2006-09-27,0.018
2006-09-28,0.1713
2006-09-29,-0.2263
2006-10-02,-0.3391
2006-10-03,0.2096
2006-10-04,1.206
2006-10-05,0.2237
2006-10-06,-0.2682
2006-10-09,0.0793
2006-10-10,0.2043
2006-10-11,-0.2564
2006-10-12,0.9541
2006-10-13,0.2047
2006-10-16,0.2519
2006-10-17,-0.3659
2006-10-18,0.1283
2006-10-19,0.0849
2006-10-20,0.12
2006-10-23,0.6152
2006-10-24,0.0261
2006-10-25,0.3514
2006-10-26,0.4963
2006-10-27,-0.8452
2006-10-30,0.0428
2006-10-31,0.0007
2006-11-01,-0.7352
2006-11-02,-0.0344
2006-11-03,-0.2223
2006-11-06,1.1346
2006-11-07,0.2218
2006-11-08,0.2083
2006-11-09,-0.5333
2006-11-10,0.1865
2006-11-13,0.2549
2006-11-14,0.6356
2006-11-15,0.2405
2006-11-16,0.2284
2006-11-17,0.1029
2006-11-20,-0.05
2006-11-21,0.1649
2006-11-22,0.2338
2006-11-24,-0.3656
2006-11-27,-1.3555
2006-11-28,0.3444
2006-11-29,0.9202
2006-11-30,0.0822
2006-12-01,-0.2799
2006-12-04,0.8885
2006-12-05,0.4002
2006-12-06,-0.1315
2006-12-07,-0.3971
2006-12-08,0.1812
2006-12-11,0.227
2006-12-12,-0.1047
2006-12-13,0.1169
2006-12-14,0.8689
2006-12-15,0.1122
2006-12-18,-0.323
2006-12-19,0.2158
2006-12-20,-0.1417
2006-12-21,-0.3674
2006-12-22,-0.5316
2006-12-26,0.4352
2006-12-27,0.7015
2006-12-28,-0.1479
2006-12-29,-0.4513
2007-01-03,-0.1199
2007-01-04,0.1228
2007-01-05,-0.6085
2007-01-08,0.222
2007-01-09,-0.0517
2007-01-10,0.194
2007-01-11,0.634
2007-01-12,0.4853
2007-01-16,0.0818
2007-01-17,-0.0894
2007-01-18,-0.2971
2007-01-19,0.2895
2007-01-22,-0.5278
2007-01-23,0.3542
2007-01-24,0.8501
2007-01-25,-1.127
2007-01-26,-0.1208
2007-01-29,-0.1097
2007-01-30,0.5772
2007-01-31,0.6593
2007-02-01,0.5354
2007-02-02,0.1694
2007-02-05,-0.0967
2007-02-06,0.0698
2007-02-07,0.1395
2007-02-08,-0.1179
2007-02-09,-0.7077
2007-02-12,-0.3261
2007-02-13,0.7597
2007-02-14,0.7644
2007-02-15,0.1038
2007-02-16,-0.0872
2007-02-20,0.2844
2007-02-21,-0.1404
2007-02-22,-0.0858
2007-02-23,-0.3564
2007-02-26,-0.1254
2007-02-27,-3.4725
2007-02-28,0.5561
2007-03-01,-0.2595
2007-03-02,-1.1403
2007-03-05,-0.9408
2007-03-06,1.5494
2007-03-07,-0.2465
2007-03-08,0.7127
2007-03-09,0.0678
2007-03-12,0.268
2007-03-13,-2.0368
2007-03-14,0.6691
2007-03-15,0.3684
2007-03-16,-0.3828
2007-03-19,1.0894
2007-03-20,0.6334
2007-03-21,1.7081
2007-03-22,-0.0348
2007-03-23,0.1094
2007-03-26,0.0968
2007-03-27,-0.6184
2007-03-28,-0.7966
2007-03-29,0.374
2007-03-30,-0.1174
2007-04-02,0.2597
2007-04-03,0.928
2007-04-04,0.1113
2007-04-05,0.305
2007-04-09,0.0589
2007-04-10,0.2617
2007-04-11,-0.6573
2007-04-12,0.6206
2007-04-13,0.3488
2007-04-16,1.0655
2007-04-17,0.2145
2007-04-18,0.0693
2007-04-19,-0.1202
2007-04-20,0.9261
2007-04-23,-0.2304
2007-04-24,-0.0351
2007-04-25,1.0139
2007-04-26,-0.0782
2007-04-27,-0.012
2007-04-30,-0.7831
2007-05-01,0.2651
2007-05-02,0.6472
2007-05-03,0.4325
2007-05-04,0.215
2007-05-07,0.2564
2007-05-08,-0.1166
2007-05-09,0.3223
2007-05-10,-1.3956
2007-05-11,0.9641
2007-05-14,-0.1793
2007-05-15,-0.1304
2007-05-16,0.8626
2007-05-17,-0.0918
2007-05-18,0.661
2007-05-21,0.1543
2007-05-22,-0.0643
2007-05-23,-0.1207
2007-05-24,-0.9703
2007-05-25,0.5453
2007-05-29,0.157
2007-05-30,0.7984
2007-05-31,0.0255
2007-06-01,0.3737
2007-06-04,0.1849
2007-06-05,-0.5347
2007-06-06,-0.8864
2007-06-07,-1.757
2007-06-08,1.137
2007-06-11,0.0962
2007-06-12,-1.0682
2007-06-13,1.5184
2007-06-14,0.4816
2007-06-15,0.6527
2007-06-18,-0.1213
2007-06-19,0.1731
2007-06-20,-1.3601
2007-06-21,0.618
2007-06-22,-1.2896
2007-06-25,-0.3208
2007-06-26,-0.3238
2007-06-27,0.9009
2007-06-28,-0.0418
2007-06-29,-0.1567
2007-07-02,1.0696
2007-07-03,0.358
2007-07-05,0.0348
2007-07-06,0.3304
2007-07-09,0.0921
2007-07-10,-1.4185
2007-07-11,0.5721
2007-07-12,1.9055
2007-07-13,0.3101
2007-07-16,-0.1919
2007-07-17,-0.0097
2007-07-18,-0.2065
2007-07-19,0.4469
2007-07-20,-1.2221
2007-07-23,0.4869
2007-07-24,-1.9804
2007-07-25,0.4666
2007-07-26,-2.3339
2007-07-27,-1.5992
2007-07-30,1.0254
2007-07-31,-1.2647
2007-08-01,0.7243
2007-08-02,0.4359
2007-08-03,-2.6586
2007-08-06,2.4151
2007-08-07,0.6159
2007-08-08,1.4072
2007-08-09,-2.965
2007-08-10,0.0379
2007-08-13,-0.0495
2007-08-14,-1.8157
2007-08-15,-1.3908
2007-08-16,0.3249
2007-08-17,2.4567
2007-08-20,-0.027
2007-08-21,0.1086
2007-08-22,1.1713
2007-08-23,-0.1072
2007-08-24,1.1535
2007-08-27,-0.8504
2007-08-28,-2.3473
2007-08-29,2.1922
2007-08-30,-0.4181
2007-08-31,1.1217
2007-09-04,1.0468
2007-09-05,-1.1501
2007-09-06,0.4252
2007-09-07,-1.6908
2007-09-10,-0.1273
2007-09-11,1.3632
2007-09-12,0.0048
2007-09-13,0.842
2007-09-14,0.0202
2007-09-17,-0.512
2007-09-18,2.9208
2007-09-19,0.6086
2007-09-20,-0.6723
2007-09-21,0.4609
2007-09-24,-0.5256
2007-09-25,-0.0343
2007-09-26,0.5411
2007-09-27,0.3907
2007-09-28,-0.3023
2007-10-01,1.329
2007-10-02,-0.0265
2007-10-03,-0.4552
2007-10-04,0.2111
2007-10-05,0.956
2007-10-08,-0.3217
2007-10-09,0.8096
2007-10-10,-0.1712
2007-10-11,-0.5158
2007-10-12,0.4754
2007-10-15,-0.8381
2007-10-16,-0.6573
2007-10-17,0.1761
2007-10-18,-0.0753
2007-10-19,-2.5616
2007-10-22,0.3798
2007-10-23,0.8803
2007-10-24,-0.2441
2007-10-25,-0.0976
2007-10-26,1.3788
2007-10-29,0.3713
2007-10-30,-0.6463
2007-10-31,1.1992
2007-11-01,-2.6423
2007-11-02,0.0802
2007-11-05,-0.4955
2007-11-06,1.2049
2007-11-07,-2.937
2007-11-08,-0.0576
2007-11-09,-1.4287
2007-11-12,-0.9988
2007-11-13,2.9093
2007-11-14,-0.7069
2007-11-15,-1.3212
2007-11-16,0.523
2007-11-19,-1.746
2007-11-20,0.4486
2007-11-21,-1.5927
2007-11-23,1.6891
2007-11-26,-2.3239
2007-11-27,1.493
2007-11-28,2.856
2007-11-29,0.0477
2007-11-30,0.777
2007-12-03,-0.5887
2007-12-04,-0.654
2007-12-05,1.519
2007-12-06,1.5037
2007-12-07,-0.1778
2007-12-10,0.751
2007-12-11,-2.5271
2007-12-12,0.605
2007-12-13,0.1224
2007-12-14,-1.3746
2007-12-17,-1.5021
2007-12-18,0.628
2007-12-19,-0.1361
2007-12-20,0.49
2007-12-21,1.667
2007-12-24,0.8077
2007-12-26,0.0809
2007-12-27,-1.4282
2007-12-28,0.1504
2007-12-31,-0.6852
2008-01-02,-1.4438
2008-01-03,0.0
2008-01-04,-2.4552
2008-01-07,0.3223
2008-01-08,-1.8352
2008-01-09,1.3624
2008-01-10,0.7948
2008-01-11,-1.3595
2008-01-14,1.0871
2008-01-15,-2.4925
2008-01-16,-0.5612
2008-01-17,-2.9093
2008-01-18,-0.6045
2008-01-22,-1.1085
2008-01-23,2.1442
2008-01-24,1.0063
2008-01-25,-1.5872
2008-01-28,1.7548
2008-01-29,0.616
2008-01-30,-0.4764
2008-01-31,1.6772
2008-02-01,1.2237
2008-02-04,-1.0463
2008-02-05,-3.1995
2008-02-06,-0.7624
2008-02-07,0.7886
2008-02-08,-0.4204
2008-02-11,0.5889
2008-02-12,0.7266
2008-02-13,1.3604
2008-02-14,-1.3421
2008-02-15,0.0838
2008-02-19,-0.0896
2008-02-20,0.8341
2008-02-21,-1.2867
2008-02-22,0.7881
2008-02-25,1.3813
2008-02-26,0.6918
2008-02-27,-0.0919
2008-02-28,-0.8942
2008-02-29,-2.709
2008-03-03,0.0534
2008-03-04,-0.3448
2008-03-05,0.5238
2008-03-06,-2.2014
2008-03-07,-0.841
2008-03-10,-1.5463
2008-03-11,3.713
2008-03-12,-0.8996
2008-03-13,0.5127
2008-03-14,-2.0783
2008-03-17,-0.8959
2008-03-18,4.241
2008-03-19,-2.4287
2008-03-20,2.3944
2008-03-24,1.5321
2008-03-25,0.2304
2008-03-26,-0.8766
2008-03-27,-1.146
2008-03-28,-0.795
2008-03-31,0.5687
2008-04-01,3.5896
2008-04-02,-0.1934
2008-04-03,0.1302
2008-04-04,0.0796
2008-04-07,0.1562
2008-04-08,-0.51
2008-04-09,-0.8092
2008-04-10,0.4474
2008-04-11,-2.0374
2008-04-14,-0.3384
2008-04-15,0.46
2008-04-16,2.2691
2008-04-17,0.0623
2008-04-18,1.8139
2008-04-21,-0.1554
2008-04-22,-0.881
2008-04-23,0.29
2008-04-24,0.6442
2008-04-25,0.6495
2008-04-28,-0.1052
2008-04-29,-0.3889
2008-04-30,-0.3846
2008-05-01,1.7141
2008-05-02,0.3236
2008-05-05,-0.4534
2008-05-06,0.7652
2008-05-07,-1.8114
2008-05-08,0.3669
2008-05-09,-0.6725
2008-05-12,1.1021
2008-05-13,-0.0385
2008-05-14,0.4006
2008-05-15,1.0585
2008-05-16,0.125
2008-05-19,0.0898
2008-05-20,-0.9274
2008-05-21,-1.6053
2008-05-22,0.2617
2008-05-23,-1.321
2008-05-27,0.6846
2008-05-28,0.3963
2008-05-29,0.5335
2008-05-30,0.1516
2008-06-02,-1.0504
2008-06-03,-0.5788
2008-06-04,-0.0327
2008-06-05,1.9496
2008-06-06,-3.0889
2008-06-09,0.0794
2008-06-10,-0.2438
2008-06-11,-1.6894
2008-06-12,0.328
2008-06-13,1.5046
2008-06-16,0.0081
2008-06-17,-0.6771
2008-06-18,-0.9712
2008-06-19,0.3752
2008-06-20,-1.8543
2008-06-23,0.0053
2008-06-24,-0.2815
2008-06-25,0.5843
2008-06-26,-2.9365
2008-06-27,-0.3717
2008-06-30,0.1267
2008-07-01,0.3836
2008-07-02,-1.8204
2008-07-03,0.1094
2008-07-07,-0.8385
2008-07-08,1.708
2008-07-09,-2.2776
2008-07-10,0.699
2008-07-11,-1.109
2008-07-14,-0.9028
2008-07-15,-1.0901
2008-07-16,2.5064
2008-07-17,1.2013
2008-07-18,0.0286
2008-07-21,-0.0539
2008-07-22,1.3492
2008-07-23,0.4064
2008-07-24,-2.3124
2008-07-25,0.4168
2008-07-28,-1.8597
2008-07-29,2.3356
2008-07-30,1.6672
2008-07-31,-1.3144
2008-08-01,-0.5578
2008-08-04,-0.8966
2008-08-05,2.8719
2008-08-06,0.3354
2008-08-07,-1.7934
2008-08-08,2.3893
2008-08-11,0.6943
2008-08-12,-1.2051
2008-08-13,-0.2916
2008-08-14,0.5522
2008-08-15,0.4076
2008-08-18,-1.5098
2008-08-19,-0.9315
2008-08-20,0.6197
2008-08-21,0.2495
2008-08-22,1.1333
2008-08-25,-1.9625
2008-08-26,0.3686
2008-08-27,0.7983
2008-08-28,1.484
2008-08-29,-1.3724
2008-09-02,-0.4093
2008-09-03,-0.2035
2008-09-04,-2.9922
2008-09-05,0.4431
2008-09-08,2.051
2008-09-09,-3.4138
2008-09-10,0.6149
2008-09-11,1.3806
2008-09-12,0.2122
2008-09-15,-4.7136
2008-09-16,1.7515
2008-09-17,-4.7133
2008-09-18,4.3342
2008-09-19,4.0257
2008-09-22,-3.8237
2008-09-23,-1.5633
2008-09-24,-0.1978
2008-09-25,1.9656
2008-09-26,0.3167
2008-09-29,-8.7897
2008-09-30,5.4203
2008-10-01,-0.4544
2008-10-02,-4.0291
2008-10-03,-1.3506
2008-10-06,-3.8518
2008-10-07,-5.7395
2008-10-08,-1.1333
2008-10-09,-7.6167
2008-10-10,-1.1759
2008-10-13,11.58
2008-10-14,-0.5322
2008-10-15,-9.035
2008-10-16,4.2507
2008-10-17,-0.6213
2008-10-20,4.7685
2008-10-21,-3.08
2008-10-22,-6.1013
2008-10-23,1.2634
2008-10-24,-3.4511
2008-10-27,-3.1764
2008-10-28,10.789
2008-10-29,-1.1079
2008-10-30,2.5804
2008-10-31,1.5365
2008-11-03,-0.2529
2008-11-04,4.0826
2008-11-05,-5.2677
2008-11-06,-5.0264
2008-11-07,2.8855
2008-11-10,-1.2653
2008-11-11,-2.2041
2008-11-12,-5.1894
2008-11-13,6.9213
2008-11-14,-4.1699
2008-11-17,-2.581
2008-11-18,0.9838
2008-11-19,-6.1156
2008-11-20,-6.7123
2008-11-21,6.3248
2008-11-24,6.4723
2008-11-25,0.6551
2008-11-26,3.5328
2008-11-28,0.9643
2008-12-01,-8.9295
2008-12-02,3.9941
2008-12-03,2.5836
2008-12-04,-2.9308
2008-12-05,3.6499
2008-12-08,3.8387
2008-12-09,-2.3118
2008-12-10,1.1894
2008-12-11,-2.8524
2008-12-12,0.7028
2008-12-15,-1.2686
2008-12-16,5.136
2008-12-17,-0.9593
2008-12-18,-2.1163
2008-12-19,0.2937
2008-12-22,-1.8302
2008-12-23,-0.9717
2008-12-24,0.5781
2008-12-26,0.5356
2008-12-29,-0.3873
2008-12-30,2.4407
2008-12-31,1.4158
2009-01-02,3.1608
2009-01-05,-0.4668
2009-01-06,0.7817
2009-01-07,-3.001
2009-01-08,0.3397
2009-01-09,-2.1303
2009-01-12,-2.2564
2009-01-13,0.1758
2009-01-14,-3.346
2009-01-15,0.1329
2009-01-16,0.7562
2009-01-20,-5.2816
2009-01-21,4.3491
2009-01-22,-1.5162
2009-01-23,0.5378
2009-01-26,0.5553
2009-01-27,1.0926
2009-01-28,3.3558
2009-01-29,-3.312
2009-01-30,-2.2789
2009-02-02,-0.0533
2009-02-03,1.5834
2009-02-04,-0.7489
2009-02-05,1.6366
2009-02-06,2.6896
2009-02-09,0.1485
2009-02-10,-4.9121
2009-02-11,0.7955
2009-02-12,0.1739
2009-02-13,-0.9998
2009-02-17,-4.5559
2009-02-18,-0.095
2009-02-19,-1.2024
2009-02-20,-1.1413
2009-02-23,-3.4699
2009-02-24,4.0103
2009-02-25,-1.0658
2009-02-26,-1.578
2009-02-27,-2.3564
2009-03-02,-4.662
2009-03-03,-0.6407
2009-03-04,2.3753
2009-03-05,-4.2532
2009-03-06,0.1216
2009-03-09,-1.0024
2009-03-10,6.3663
2009-03-11,0.2446
2009-03-12,4.0729
2009-03-13,0.7739
2009-03-16,-0.3516
2009-03-17,3.214
2009-03-18,2.0858
2009-03-19,-1.2979
2009-03-20,-1.9769
2009-03-23,7.0758
2009-03-24,-2.0415
2009-03-25,0.9626
2009-03-26,2.332
2009-03-27,-2.0316
2009-03-30,-3.4819
2009-03-31,1.313
2009-04-01,1.6557
2009-04-02,2.8727
2009-04-03,0.9732
2009-04-06,-0.8332
2009-04-07,-2.3855
2009-04-08,1.1783
2009-04-09,3.8053
2009-04-13,0.2533
2009-04-14,-2.0065
2009-04-15,1.2549
2009-04-16,1.5539
2009-04-17,0.4969
2009-04-20,-4.279
2009-04-21,2.1252
2009-04-22,-0.7682
2009-04-23,0.9922
2009-04-24,1.6797
2009-04-27,-1.0067
2009-04-28,-0.274
2009-04-29,2.161
2009-04-30,-0.095
2009-05-01,0.5396
2009-05-04,3.3868
2009-05-05,-0.3792
2009-05-06,1.7404
2009-05-07,-1.3202
2009-05-08,2.4069
2009-05-11,-2.1512
2009-05-12,-0.0979
2009-05-13,-2.6895
2009-05-14,1.0352
2009-05-15,-1.141
2009-05-18,3.0389
2009-05-19,-0.1737
2009-05-20,-0.5131
2009-05-21,-1.6758
2009-05-22,-0.1497
2009-05-26,2.6302
2009-05-27,-1.8971
2009-05-28,1.5419
2009-05-29,1.3575
2009-06-01,2.5818
2009-06-02,0.1983
2009-06-03,-1.3739
2009-06-04,1.1484
2009-06-05,-0.2515
2009-06-08,-0.1011
2009-06-09,0.3503
2009-06-10,-0.348
2009-06-11,0.6112
2009-06-12,0.1397
2009-06-15,-2.3769
2009-06-16,-1.272
2009-06-17,-0.1382
2009-06-18,0.8411
2009-06-19,0.3114
2009-06-22,-3.06
2009-06-23,0.2307
2009-06-24,0.6524
2009-06-25,2.1444
2009-06-26,-0.1478
2009-06-29,0.9065
2009-06-30,-0.8531
2009-07-01,0.4362
2009-07-02,-2.9145
2009-07-06,0.2566
2009-07-07,-1.9684
2009-07-08,-0.1669
2009-07-09,0.3547
2009-07-10,-0.4022
2009-07-13,2.4934
2009-07-14,0.5316
2009-07-15,2.963
2009-07-16,0.8642
2009-07-17,-0.0383
2009-07-20,1.1432
2009-07-21,0.3627
2009-07-22,-0.0534
2009-07-23,2.329
2009-07-24,0.3042
2009-07-27,0.2982
2009-07-28,-0.2606
2009-07-29,-0.4563
2009-07-30,1.1896
2009-07-31,0.074
2009-08-03,1.5342
2009-08-04,0.3012
2009-08-05,-0.2914
2009-08-06,-0.5625
2009-08-07,1.3439
2009-08-10,-0.3345
2009-08-11,-1.266
2009-08-12,1.1525
2009-08-13,0.688
2009-08-14,-0.8531
2009-08-17,-2.4261
2009-08-18,1.0146
2009-08-19,0.6861
2009-08-20,1.0949
2009-08-21,1.8623
2009-08-24,-0.0546
2009-08-25,0.2369
2009-08-26,0.0117
2009-08-27,0.2782
2009-08-28,-0.1988
2009-08-31,-0.8076
2009-09-01,-2.2124
2009-09-02,-0.3296
2009-09-03,0.8535
2009-09-04,1.3117
2009-09-08,0.8845
2009-09-09,0.7782
2009-09-10,1.0422
2009-09-11,-0.135
2009-09-14,0.6339
2009-09-15,0.3135
2009-09-16,1.5324
2009-09-17,-0.306
2009-09-18,0.2637
2009-09-21,-0.3407
2009-09-22,0.6575
2009-09-23,-1.0068
2009-09-24,-0.9511
2009-09-25,-0.6091
2009-09-28,1.781
2009-09-29,-0.223
2009-09-30,-0.3328
2009-10-01,-2.576
2009-10-02,-0.4506
2009-10-05,1.4875
2009-10-06,1.3705
2009-10-07,0.2712
2009-10-08,0.747
2009-10-09,0.5641
2009-10-12,0.4386
2009-10-13,-0.2788
2009-10-14,1.7546
2009-10-15,0.4157
2009-10-16,-0.8098
2009-10-19,0.9405
2009-10-20,-0.6239
2009-10-21,-0.8854
2009-10-22,1.0644
2009-10-23,-1.2178
2009-10-26,-1.1717
2009-10-27,-0.3318
2009-10-28,-1.9541
2009-10-29,2.252
2009-10-30,-2.8065
2009-11-02,0.6456
2009-11-03,0.2426
2009-11-04,0.1043
2009-11-05,1.9236
2009-11-06,0.2503
2009-11-09,2.2239
2009-11-10,-0.0064
2009-11-11,0.5032
2009-11-12,-1.0259
2009-11-13,0.5739
2009-11-16,1.4468
2009-11-17,0.0919
2009-11-18,-0.0468
2009-11-19,-1.3426
2009-11-20,-0.3215
2009-11-23,1.3616
2009-11-24,-0.0533
2009-11-25,0.4504
2009-11-27,-1.7233
2009-11-30,0.3793
2009-12-01,1.2075
2009-12-02,0.0343
2009-12-03,-0.8402
2009-12-04,0.5509
2009-12-07,-0.2468
2009-12-08,-1.0252
2009-12-09,0.3672
2009-12-10,0.584
2009-12-11,0.3683
2009-12-14,0.6959
2009-12-15,-0.5547
2009-12-16,0.1128
2009-12-17,-1.1811
2009-12-18,0.583
2009-12-21,1.0504
2009-12-22,0.3564
2009-12-23,0.2299
2009-12-24,0.5256
2009-12-28,0.1154
2009-12-29,-0.1401
2009-12-30,0.0195
2009-12-31,-1.005
2010-01-04,1.6043
2010-01-05,0.3116
2010-01-06,0.0546
2010-01-07,0.4001
2010-01-08,0.2882
2010-01-11,0.1747
2010-01-12,-0.9381
2010-01-13,0.8326
2010-01-14,0.2427
2010-01-15,-1.0823
2010-01-19,1.25
2010-01-20,-1.0598
2010-01-21,-1.8945
2010-01-22,-2.2141
2010-01-25,0.4598
2010-01-26,-0.4203
2010-01-27,0.488
2010-01-28,-1.1818
2010-01-29,-0.9829
2010-02-01,1.4266
2010-02-02,1.2973
2010-02-03,-0.5474
2010-02-04,-3.1141
2010-02-05,0.2897
2010-02-08,-0.8863
2010-02-09,1.304
2010-02-10,-0.2233
2010-02-11,0.968
2010-02-12,-0.2745
2010-02-16,1.8001
2010-02-17,0.4238
2010-02-18,0.6585
2010-02-19,0.2187
2010-02-22,-0.1046
2010-02-23,-1.2103
2010-02-24,0.972
2010-02-25,-0.2081
2010-02-26,0.1405
2010-03-01,1.0159
2010-03-02,0.233
2010-03-03,0.0429
2010-03-04,0.3736
2010-03-05,1.4007
2010-03-08,-0.0176
2010-03-09,0.1713
2010-03-10,0.4525
2010-03-11,0.4042
2010-03-12,-0.0217
2010-03-15,0.0452
2010-03-16,0.7779
2010-03-17,0.5822
2010-03-18,-0.0326
2010-03-19,-0.5087
2010-03-22,0.5095
2010-03-23,0.7171
2010-03-24,-0.5493
2010-03-25,-0.1704
2010-03-26,0.0738
2010-03-29,0.5683
2010-03-30,0.0043
2010-03-31,-0.3273
2010-04-01,0.7414
2010-04-02,NaN
2010-04-05,NaN
2010-04-06,0.1684
2010-04-07,-0.5877
2010-04-08,0.3374
2010-04-09,0.6684
2010-04-12,0.1767
2010-04-13,0.0685
2010-04-14,1.115
2010-04-15,0.0843
2010-04-16,-1.6127
2010-04-19,0.4521
2010-04-20,0.8058
2010-04-21,-0.1019
2010-04-22,0.2264
2010-04-23,0.7124
2010-04-26,-0.4296
2010-04-27,-2.3382
2010-04-28,0.6463
2010-04-29,1.2943
2010-04-30,-1.6648
2010-05-03,1.3121
2010-05-04,-2.3838
2010-05-05,-0.6561
2010-05-06,-3.2378
2010-05-07,-1.5308
2010-05-10,4.3974
2010-05-11,-0.3397
2010-05-12,1.374
2010-05-13,-1.2145
2010-05-14,-1.88
2010-05-17,0.1109
2010-05-18,-1.4196
2010-05-19,-0.513
2010-05-20,-3.8976
2010-05-21,1.5024
2010-05-24,-1.2908
2010-05-25,0.0354
2010-05-26,-0.5661
2010-05-27,3.2876
2010-05-28,-1.2375
2010-06-01,-1.7165
2010-06-02,2.5843
2010-06-03,0.4051
2010-06-04,-3.4411
2010-06-07,-1.3532
2010-06-08,1.0976
2010-06-09,-0.5942
2010-06-10,2.9507
2010-06-11,0.438
2010-06-14,-0.1805
2010-06-15,2.3494
2010-06-16,-0.0556
2010-06-17,0.1283
2010-06-18,0.1317
2010-06-21,-0.3857
2010-06-22,-1.6071
2010-06-23,-0.2985
2010-06-24,-1.6803
2010-06-25,0.2859
2010-06-28,-0.2034
2010-06-29,-3.1017
2010-06-30,-1.0113
2010-07-01,-0.324
2010-07-02,-0.4662
2010-07-06,0.5359
2010-07-07,3.1331
2010-07-08,0.9413
2010-07-09,0.7204
2010-07-12,0.0733
2010-07-13,1.5379
2010-07-14,-0.0155
2010-07-15,0.1196
2010-07-16,-2.8819
2010-07-19,0.5982
2010-07-20,1.1417
2010-07-21,-1.282
2010-07-22,2.2513
2010-07-23,0.822
2010-07-26,1.12
2010-07-27,-0.1049
2010-07-28,-0.6922
2010-07-29,-0.4159
2010-07-30,0.0064
2010-08-02,2.2023
2010-08-03,-0.4796
2010-08-04,0.6051
2010-08-05,-0.1269
2010-08-06,-0.3704
2010-08-09,0.5483
2010-08-10,-0.5967
2010-08-11,-2.8179
2010-08-12,-0.5379
2010-08-13,-0.4024
2010-08-16,0.012
2010-08-17,1.2192
2010-08-18,0.1483
2010-08-19,-1.6935
2010-08-20,-0.3663
2010-08-23,-0.404
2010-08-24,-1.4512
2010-08-25,0.3289
2010-08-26,-0.7685
2010-08-27,1.6587
2010-08-30,-1.4719
2010-08-31,0.0391
2010-09-01,2.9505
2010-09-02,0.9081
2010-09-03,1.3219
2010-09-07,-1.1471
2010-09-08,0.6439
2010-09-09,0.4832
2010-09-10,0.4863
2010-09-13,1.1131
2010-09-14,-0.0713
2010-09-15,0.3541
2010-09-16,-0.0364
2010-09-17,0.0827
2010-09-20,1.521
2010-09-21,-0.2564
2010-09-22,-0.4825
2010-09-23,-0.8331
2010-09-24,2.1194
2010-09-27,-0.5667
2010-09-28,0.485
2010-09-29,-0.2588
2010-09-30,-0.3084
2010-10-01,0.4416
2010-10-04,-0.8035
2010-10-05,2.0861
2010-10-06,-0.0672
2010-10-07,-0.1647
2010-10-08,0.6122
2010-10-11,0.0146
2010-10-12,0.3819
2010-10-13,0.7121
2010-10-14,-0.3641
2010-10-15,0.2028
2010-10-18,0.7244
2010-10-19,-1.5877
2010-10-20,1.0524
2010-10-21,0.1774
2010-10-22,0.2389
2010-10-25,0.2147
2010-10-26,0.0017
2010-10-27,-0.2691
2010-10-28,0.1125
2010-10-29,-0.0439
2010-11-01,0.0947
2010-11-02,0.7759
2010-11-03,0.3678
2010-11-04,1.9283
2010-11-05,0.3923
2010-11-08,-0.2121
2010-11-09,-0.8052
2010-11-10,0.4376
2010-11-11,-0.4242
2010-11-12,-1.1808
2010-11-15,-0.1217
2010-11-16,-1.6205
2010-11-17,0.0212
2010-11-18,1.5357
2010-11-19,0.254
2010-11-22,-0.1575
2010-11-23,-1.4284
2010-11-24,1.4923
2010-11-26,-0.7469
2010-11-29,-0.1379
2010-11-30,-0.607
2010-12-01,2.1617
2010-12-02,1.2818
2010-12-03,0.2603
2010-12-06,-0.1298
2010-12-07,0.0515
2010-12-08,0.3702
2010-12-09,0.3843
2010-12-10,0.6002
2010-12-13,0.0048
2010-12-14,0.0911
2010-12-15,-0.5122
2010-12-16,0.6185
2010-12-17,0.0837
2010-12-20,0.2548
2010-12-21,0.603
2010-12-22,0.338
2010-12-23,-0.1644
2010-12-27,0.0613
2010-12-28,0.0771
2010-12-29,0.1009
2010-12-30,-0.1508
2010-12-31,-0.0191
2011-01-03,1.1315
2011-01-04,-0.1313
2011-01-05,0.5007
2011-01-06,-0.2123
2011-01-07,-0.1845
2011-01-10,-0.1376
2011-01-11,0.3725
2011-01-12,0.9008
2011-01-13,-0.1711
2011-01-14,0.7385
2011-01-18,0.1376
2011-01-19,-1.0116
2011-01-20,-0.1295
2011-01-21,0.2414
2011-01-24,0.5836
2011-01-25,0.0263
2011-01-26,0.4221
2011-01-27,0.2244
2011-01-28,-1.7852
2011-01-31,0.7663
2011-02-01,1.6694
2011-02-02,-0.2723
2011-02-03,0.2354
2011-02-04,0.2884
2011-02-07,0.624
2011-02-08,0.4185
2011-02-09,-0.2786
2011-02-10,0.075
2011-02-11,0.5507
2011-02-14,0.2385
2011-02-15,-0.3235
2011-02-16,0.6257
2011-02-17,0.3076
2011-02-18,0.1925
2011-02-22,-2.0529
2011-02-23,-0.6112
2011-02-24,-0.0994
2011-02-25,1.055
2011-02-28,0.5561
2011-03-01,-1.574
2011-03-02,0.1615
2011-03-03,1.7219
2011-03-04,-0.7378
2011-03-07,-0.8341
2011-03-08,0.8923
2011-03-09,-0.1362
2011-03-10,-1.8871
2011-03-11,0.708
2011-03-14,-0.6049
2011-03-15,-1.12
2011-03-16,-1.9495
2011-03-17,1.3398
2011-03-18,0.4302
2011-03-21,1.4994
2011-03-22,-0.3551
2011-03-23,0.2914
2011-03-24,0.9341
2011-03-25,0.3161
2011-03-28,-0.2748
2011-03-29,0.706
2011-03-30,0.6685
2011-03-31,-0.1829
2011-04-01,0.4963
2011-04-04,0.0345
2011-04-05,-0.018
2011-04-06,0.2184
2011-04-07,-0.152
2011-04-08,-0.4004
2011-04-11,-0.2793
2011-04-12,-0.7777
2011-04-13,0.019
2011-04-14,0.0084
2011-04-15,0.3925
2011-04-18,-1.1018
2011-04-19,0.5731
2011-04-20,1.3515
2011-04-21,0.5277
2011-04-25,-0.1593
2011-04-26,0.898
2011-04-27,0.625
2011-04-28,0.3555
2011-04-29,0.2301
2011-05-02,-0.1753
2011-05-03,-0.3379
2011-05-04,-0.6855
2011-05-05,-0.907
2011-05-06,0.382
2011-05-09,0.4544
2011-05-10,0.8074
2011-05-11,-1.1111
2011-05-12,0.4895
2011-05-13,-0.8067
2011-05-16,-0.6204
2011-05-17,-0.0369
2011-05-18,0.8804
2011-05-19,0.2178
2011-05-20,-0.7688
2011-05-23,-1.1926
2011-05-24,-0.0827
2011-05-25,0.3183
2011-05-26,0.3953
2011-05-27,0.4081
2011-05-31,1.0593
2011-06-01,-2.2785
2011-06-02,-0.1225
2011-06-03,-0.9734
2011-06-06,-1.076
2011-06-07,-0.0956
2011-06-08,-0.4187
2011-06-09,0.7378
2011-06-10,-1.398
2011-06-13,0.0669
2011-06-14,1.2612
2011-06-15,-1.7432
2011-06-16,0.1754
2011-06-17,0.3045
2011-06-20,0.5395
2011-06-21,1.3423
2011-06-22,-0.6468
2011-06-23,-0.2828
2011-06-24,-1.1726
2011-06-27,0.9184
2011-06-28,1.2944
2011-06-29,0.8283
2011-06-30,1.0119
2011-07-01,1.441
2011-07-05,-0.1336
2011-07-06,0.1002
2011-07-07,1.0454
2011-07-08,-0.6961
2011-07-11,-1.809
2011-07-12,-0.4434
2011-07-13,0.3106
2011-07-14,-0.6716
2011-07-15,0.5554
2011-07-18,-0.813
2011-07-19,1.6309
2011-07-20,-0.0671
2011-07-21,1.3546
2011-07-22,0.0908
2011-07-25,-0.5643
2011-07-26,-0.4105
2011-07-27,-2.0309
2011-07-28,-0.3234
2011-07-29,-0.6451
2011-08-01,-0.4132
2011-08-02,-2.5557
2011-08-03,0.5016
2011-08-04,-4.782
2011-08-05,-0.0575
2011-08-08,-6.6634
2011-08-09,4.7407
2011-08-10,-4.4152
2011-08-11,4.629
2011-08-12,0.5262
2011-08-15,2.1785
2011-08-16,-0.9739
2011-08-17,0.0947
2011-08-18,-4.4594
2011-08-19,-1.5009
2011-08-22,0.0258
2011-08-23,3.4285
2011-08-24,1.312
2011-08-25,-1.5566
2011-08-26,1.5122
2011-08-29,2.828
2011-08-30,0.2347
2011-08-31,0.4922
2011-09-01,-1.1871
2011-09-02,-2.5282
2011-09-06,-0.7436
2011-09-07,2.8646
2011-09-08,-1.0612
2011-09-09,-2.6705
2011-09-12,0.6966
2011-09-13,0.912
2011-09-14,1.348
2011-09-15,1.7187
2011-09-16,0.5707
2011-09-19,-0.9803
2011-09-20,-0.1661
2011-09-21,-2.939
2011-09-22,-3.1883
2011-09-23,0.6082
2011-09-26,2.3336
2011-09-27,1.0688
2011-09-28,-2.0691
2011-09-29,0.8114
2011-09-30,-2.4974
2011-10-03,-2.8451
2011-10-04,2.2488
2011-10-05,1.7866
2011-10-06,1.8304
2011-10-07,-0.8163
2011-10-10,3.4125
2011-10-11,0.0544
2011-10-12,0.9795
2011-10-13,-0.2974
2011-10-14,1.738
2011-10-17,-1.937
2011-10-18,2.0419
2011-10-19,-1.2649
2011-10-20,0.4554
2011-10-21,1.8809
2011-10-24,1.2873
2011-10-25,-2.0045
2011-10-26,1.0537
2011-10-27,3.4291
2011-10-28,0.0389
2011-10-31,-2.4738
2011-11-01,-2.7942
2011-11-02,1.6105
2011-11-03,1.8782
2011-11-04,-0.628
2011-11-07,0.6296
2011-11-08,1.1736
2011-11-09,-3.6695
2011-11-10,0.8616
2011-11-11,1.9489
2011-11-14,-0.955
2011-11-15,0.4817
2011-11-16,-1.6616
2011-11-17,-1.68
2011-11-18,-0.0395
2011-11-21,-1.8648
2011-11-22,-0.4141
2011-11-23,-2.2095
2011-11-25,-0.2686
2011-11-28,2.924
2011-11-29,0.2214
2011-11-30,4.3315
2011-12-01,-0.1909
2011-12-02,-0.0241
2011-12-05,1.0287
2011-12-06,0.1106
2011-12-07,0.2018
2011-12-08,-2.1142
2011-12-09,1.6883
2011-12-12,-1.4914
2011-12-13,-0.8686
2011-12-14,-1.1348
2011-12-15,0.3243
2011-12-16,0.3216
2011-12-19,-1.1733
2011-12-20,2.9825
2011-12-21,0.195
2011-12-22,0.8266
2011-12-23,0.9035
2011-12-27,0.0079
2011-12-28,-1.2478
2011-12-29,1.0707
2012-01-03,1.1116
2012-01-04,0.0188
2012-01-05,0.2944
2012-01-06,-0.2537
2012-01-09,0.2262
2012-01-10,0.8886
2012-01-11,0.031
2012-01-12,0.2337
2012-01-13,-0.4948
2012-01-17,0.3553
2012-01-18,1.1108
2012-01-19,0.4939
2012-01-20,0.0669
2012-01-23,0.0471
2012-01-24,-0.1026
2012-01-25,0.8672
2012-01-26,-0.5746
2012-01-27,-0.1593
2012-01-30,-0.2522
2012-01-31,-0.0457
2012-02-01,0.89
2012-02-02,0.1095
2012-02-03,1.4605
2012-02-06,-0.0424
2012-02-07,0.2023
2012-02-08,0.216
2012-02-09,0.1474
2012-02-10,-0.6886
2012-02-13,0.68
2012-02-14,-0.094
2012-02-15,-0.5383
2012-02-16,1.1026
2012-02-17,0.2349
2012-02-21,0.072
2012-02-22,-0.334
2012-02-23,0.4272
2012-02-24,0.1672
2012-02-27,0.1355
2012-02-28,0.3356
2012-02-29,-0.4737
2012-03-01,0.6158
2012-03-02,-0.3246
2012-03-05,-0.387
2012-03-06,-1.537
2012-03-07,0.6901
2012-03-08,0.9818
2012-03-09,0.3631
2012-03-12,0.016
2012-03-13,1.8132
2012-03-14,-0.1196
2012-03-15,0.5967
2012-03-16,0.1119
2012-03-19,0.3974
2012-03-20,-0.3001
2012-03-21,-0.1871
2012-03-22,-0.7207
2012-03-23,0.3109
2012-03-26,1.3886
2012-03-27,-0.2817
2012-03-28,-0.4942
2012-03-29,-0.1608
2012-03-30,0.3698
2012-04-02,0.7505
2012-04-03,-0.3989
2012-04-04,-1.0202
2012-04-05,-0.0629
2012-04-06,NaN
2012-04-09,NaN
2012-04-10,-1.7081
2012-04-11,0.7449
2012-04-12,1.3779
2012-04-13,-1.2475
2012-04-16,-0.0504
2012-04-17,1.5487
2012-04-18,-0.4055
2012-04-19,-0.5934
2012-04-20,0.1169
2012-04-23,-0.8408
2012-04-24,0.368
2012-04-25,1.3645
2012-04-26,0.668
2012-04-27,0.2414
2012-04-30,-0.3884
2012-05-01,0.5658
2012-05-02,-0.2497
2012-05-03,-0.7659
2012-05-04,-1.6147
2012-05-07,0.0351
2012-05-08,-0.4279
2012-05-09,-0.6702
2012-05-10,0.2517
2012-05-11,-0.3387
2012-05-14,-1.1113
2012-05-15,-0.5746
2012-05-16,-0.4404
2012-05-17,-1.5051
2012-05-18,-0.7388
2012-05-21,1.6036
2012-05-22,0.0486
2012-05-23,0.1694
2012-05-24,0.138
2012-05-25,-0.2166
2012-05-29,1.1079
2012-05-30,-1.4335
2012-05-31,-0.2277
2012-06-01,-2.4643
2012-06-04,0.011
2012-06-05,0.5727
2012-06-06,2.3049
2012-06-07,-0.0106
2012-06-08,0.8114
2012-06-11,-1.262
2012-06-12,1.1651
2012-06-13,-0.7023
2012-06-14,1.0815
2012-06-15,1.0338
2012-06-18,0.1445
2012-06-19,0.9816
2012-06-20,-0.1686
2012-06-21,-2.2262
2012-06-22,0.7175
2012-06-25,-1.5955
2012-06-26,0.4773
2012-06-27,0.8985
2012-06-28,-0.211
2012-06-29,2.492
2012-07-02,0.2459
2012-07-03,0.6232
2012-07-05,-0.4687
2012-07-06,-0.9433
2012-07-09,-0.1639
2012-07-10,-0.8126
2012-07-11,-0.0015
2012-07-12,-0.4987
2012-07-13,1.6497
2012-07-16,-0.2314
2012-07-17,0.741
2012-07-18,0.6681
2012-07-19,0.2717
2012-07-20,-1.0062
2012-07-23,-0.8909
2012-07-24,-0.9041
2012-07-25,-0.0314
2012-07-26,1.6541
2012-07-27,1.9081
2012-07-30,-0.0483
2012-07-31,-0.4317
2012-08-01,-0.303
2012-08-02,-0.7374
2012-08-03,1.904
2012-08-06,0.2329
2012-08-07,0.5107
2012-08-08,0.0621
2012-08-09,0.0414
2012-08-10,0.2188
2012-08-13,-0.1252
2012-08-14,-0.0128
2012-08-15,0.114
2012-08-16,0.7101
2012-08-17,0.1872
2012-08-20,-0.0021
2012-08-21,-0.3498
2012-08-22,0.0226
2012-08-23,-0.8072
2012-08-24,0.6455
2012-08-27,-0.0489
2012-08-28,-0.0808
2012-08-29,0.0844
2012-08-30,-0.7806
2012-08-31,0.5073
2012-09-04,-0.1166
2012-09-05,-0.1068
2012-09-06,2.0436
2012-09-07,0.405
2012-09-10,-0.6148
2012-09-11,0.3135
2012-09-12,0.2093
2012-09-13,1.631
2012-09-14,0.3959
2012-09-17,-0.3125
2012-09-18,-0.128
2012-09-19,0.1185
2012-09-20,-0.0541
2012-09-21,-0.0075
2012-09-24,-0.2233
2012-09-25,-1.0502
2012-09-26,-0.5737
2012-09-27,0.9649
2012-09-28,-0.4478
2012-10-01,0.2652
2012-10-02,0.0872
2012-10-03,0.3624
2012-10-04,0.7174
2012-10-05,-0.0322
2012-10-08,-0.3457
2012-10-09,-0.9891
2012-10-10,-0.6188
2012-10-11,0.0195
2012-10-12,-0.2966
2012-10-15,0.8078
2012-10-16,1.027
2012-10-17,0.4117
2012-10-18,-0.2444
2012-10-19,-1.6571
2012-10-22,0.044
2012-10-23,-1.4444
2012-10-24,-0.3085
2012-10-25,0.2996
2012-10-26,-0.0729
2012-10-29,NaN
2012-10-31,NaN
2012-11-01,1.0927
2012-11-02,-0.9379
2012-11-05,0.2164
2012-11-06,0.7853
2012-11-07,-2.3705
2012-11-08,-1.2205
2012-11-09,0.1699
2012-11-12,0.013
2012-11-13,-0.3985
2012-11-14,-1.3852
2012-11-15,-0.1594
2012-11-16,0.484
2012-11-19,1.9862
2012-11-20,0.0663
2012-11-21,0.232
2012-11-23,1.3026
2012-11-26,-0.203
2012-11-27,-0.5227
2012-11-28,0.7856
2012-11-29,0.427
2012-11-30,0.0162
2012-12-03,-0.4745
2012-12-04,-0.171
2012-12-05,0.1585
2012-12-06,0.3307
2012-12-07,0.2921
2012-12-10,0.0338
2012-12-11,0.6549
2012-12-12,0.0448
2012-12-13,-0.6321
2012-12-14,-0.4135
2012-12-17,1.1871
2012-12-18,1.1487
2012-12-19,-0.7589
2012-12-20,0.5488
2012-12-21,-0.9379
2012-12-24,-0.244
2012-12-26,-0.4787
2012-12-27,-0.1218
2012-12-28,-1.105
2012-12-31,1.6942
2013-01-02,2.5403
2013-01-03,-0.2086
2013-01-04,0.4865
2013-01-07,-0.3123
2013-01-08,-0.3242
2013-01-09,0.2656
2013-01-10,0.7597
2013-01-11,-0.0048
2013-01-14,-0.0931
2013-01-15,0.1129
2013-01-16,0.0197
2013-01-17,0.5643
2013-01-18,0.3403
2013-01-22,0.4428
2013-01-23,0.1507
2013-01-24,0.0007
2013-01-25,0.5445
2013-01-28,-0.185
2013-01-29,0.5106
2013-01-30,-0.39
2013-01-31,-0.2563
2013-02-01,1.0053
2013-02-04,-1.1539
2013-02-05,1.0416
2013-02-06,0.0549
2013-02-07,-0.1805
2013-02-08,0.5658
2013-02-11,-0.0606
2013-02-12,0.1595
2013-02-13,0.0592
2013-02-14,0.0691
2013-02-15,-0.1045
2013-02-19,0.7337
2013-02-20,-1.2404
2013-02-21,-0.6303
2013-02-22,0.8773
2013-02-25,-1.831
2013-02-26,0.6109
2013-02-27,1.2726
2013-02-28,-0.0864
2013-03-01,0.2324
2013-03-04,0.4611
2013-03-05,0.9566
2013-03-06,0.1085
2013-03-07,0.1816
2013-03-08,0.4481
2013-03-11,0.3249
2013-03-12,-0.2403
2013-03-13,0.1314
2013-03-14,0.5603
2013-03-15,-0.1618
2013-03-18,-0.551
2013-03-19,-0.2423
2013-03-20,0.6697
2013-03-21,-0.8282
2013-03-22,0.7174
2013-03-25,-0.334
2013-03-26,0.7785
2013-03-27,-0.0588
2013-03-28,0.4057
2013-04-01,-0.4474
2013-04-02,0.5172
2013-04-03,-1.0546
2013-04-04,0.4048
2013-04-05,-0.4295
2013-04-08,0.6303
2013-04-09,0.3544
2013-04-10,1.2189
2013-04-11,0.3552
2013-04-12,-0.2837
2013-04-15,-2.2966
2013-04-16,1.4307
2013-04-17,-1.4328
2013-04-18,-0.6701
2013-04-19,0.8848
2013-04-22,0.4662
2013-04-23,1.0419
2013-04-24,0.0006
2013-04-25,0.4035
2013-04-26,-0.1842
2013-04-29,0.7186
2013-04-30,0.2485
2013-05-01,-0.9308
2013-05-02,0.9408
2013-05-03,1.0535
2013-05-06,0.1908
2013-05-07,0.523
2013-05-08,0.4139
2013-05-09,-0.3687
2013-05-10,0.4322
2013-05-13,0.0043
2013-05-14,1.0142
2013-05-15,0.5114
2013-05-16,-0.501
2013-05-17,1.03
2013-05-20,-0.0708
2013-05-21,0.1722
2013-05-22,-0.8274
2013-05-23,-0.2924
2013-05-24,-0.0551
2013-05-28,0.6341
2013-05-29,-0.7048
2013-05-30,0.367
2013-05-31,-1.4307
2013-06-03,0.5936
2013-06-04,-0.5511
2013-06-05,-1.378
2013-06-06,0.849
2013-06-07,1.2832
2013-06-10,-0.0347
2013-06-11,-1.0153
2013-06-12,-0.837
2013-06-13,1.4784
2013-06-14,-0.5885
2013-06-17,0.7567
2013-06-18,0.7791
2013-06-19,-1.3851
2013-06-20,-2.501
2013-06-21,0.267
2013-06-24,-1.2145
2013-06-25,0.9497
2013-06-26,0.959
2013-06-27,0.62
2013-06-28,-0.429
2013-07-01,0.5404
2013-07-02,-0.0545
2013-07-03,0.0824
2013-07-05,1.0202
2013-07-08,0.5252
2013-07-09,0.723
2013-07-10,0.0182
2013-07-11,1.3554
2013-07-12,0.3087
2013-07-15,0.1375
2013-07-16,-0.3709
2013-07-17,0.2774
2013-07-18,0.5033
2013-07-19,0.161
2013-07-22,0.2033
2013-07-23,-0.1852
2013-07-24,-0.3811
2013-07-25,0.2556
2013-07-26,0.0828
2013-07-29,-0.3736
2013-07-30,0.0374
2013-07-31,-0.0136
2013-08-01,1.2541
2013-08-02,0.164
2013-08-05,-0.148
2013-08-06,-0.5723
2013-08-07,-0.3806
2013-08-08,0.3885
2013-08-09,-0.357
2013-08-12,-0.1153
2013-08-13,0.2776
2013-08-14,-0.5177
2013-08-15,-1.4282
2013-08-16,-0.3305
2013-08-19,-0.59
2013-08-20,0.3821
2013-08-21,-0.578
2013-08-22,0.8619
2013-08-23,0.3947
2013-08-26,-0.404
2013-08-27,-1.5874
2013-08-28,0.2748
2013-08-29,0.1963
2013-08-30,-0.3174
2013-09-03,0.4164
2013-09-04,0.8117
2013-09-05,0.121
2013-09-06,0.0054
2013-09-09,0.9993
2013-09-10,0.7346
2013-09-11,0.3052
2013-09-12,-0.338
2013-09-13,0.2715
2013-09-16,0.5693
2013-09-17,0.4218
2013-09-18,1.2178
2013-09-19,-0.1843
2013-09-20,-0.7217
2013-09-23,-0.472
2013-09-24,-0.2597
2013-09-25,-0.2739
2013-09-26,0.3485
2013-09-27,-0.4074
2013-09-30,-0.6029
2013-10-01,0.7999
2013-10-02,-0.0667
2013-10-03,-0.8979
2013-10-04,0.7053
2013-10-07,-0.8506
2013-10-08,-1.2332
2013-10-09,0.0574
2013-10-10,2.183
2013-10-11,0.6286
2013-10-14,0.4075
2013-10-15,-0.7064
2013-10-16,1.3828
2013-10-17,0.6744
2013-10-18,0.6549
2013-10-21,0.0092
2013-10-22,0.5738
2013-10-23,-0.4725
2013-10-24,0.3258
2013-10-25,0.4395
2013-10-28,0.133
2013-10-29,0.5584
2013-10-30,-0.4876
2013-10-31,-0.3839
2013-11-01,0.2903
2013-11-04,0.3571
2013-11-05,-0.2806
2013-11-06,0.4266
2013-11-07,-1.3183
2013-11-08,1.3428
2013-11-11,0.0723
2013-11-12,-0.237
2013-11-13,0.8095
2013-11-14,0.4837
2013-11-15,0.4222
2013-11-18,-0.3698
2013-11-19,-0.2043
2013-11-20,-0.3636
2013-11-21,0.8129
2013-11-22,0.4961
2013-11-25,-0.1263
2013-11-26,0.015
2013-11-27,0.2485
2013-11-29,-0.0786
2013-12-02,-0.2719
2013-12-03,-0.3193
2013-12-04,-0.1304
2013-12-05,-0.434
2013-12-06,1.1238
2013-12-09,0.1817
2013-12-10,-0.318
2013-12-11,-1.1317
2013-12-12,-0.3771
2013-12-13,-0.0101
2013-12-16,0.632
2013-12-17,-0.3101
2013-12-18,1.6648
2013-12-19,-0.058
2013-12-20,0.4819
2013-12-23,0.5318
2013-12-24,0.2916
2013-12-26,0.4745
2013-12-27,-0.0337
2013-12-30,-0.0179
2013-12-31,0.396
2014-01-02,-0.8862
2014-01-03,-0.0333
2014-01-06,-0.2512
2014-01-07,0.6082
2014-01-08,-0.0212
2014-01-09,0.0348
2014-01-10,0.2307
2014-01-13,-1.2576
2014-01-14,1.0818
2014-01-15,0.5166
2014-01-16,-0.1347
2014-01-17,-0.3895
2014-01-21,0.2774
2014-01-22,0.0575
2014-01-23,-0.889
2014-01-24,-2.0875
2014-01-27,-0.4876
2014-01-28,0.6141
2014-01-29,-1.0209
2014-01-30,1.1267
2014-01-31,-0.6465
2014-02-03,-2.2832
2014-02-04,0.7641
2014-02-05,-0.2028
2014-02-06,1.244
2014-02-07,1.3302
2014-02-10,0.1569
2014-02-11,1.1062
2014-02-12,-0.0269
2014-02-13,0.581
2014-02-14,0.4809
2014-02-18,0.1158
2014-02-19,-0.6524
2014-02-20,0.6031
2014-02-21,-0.1919
2014-02-24,0.6187
2014-02-25,-0.1348
2014-02-26,0.0022
2014-02-27,0.4948
2014-02-28,0.2783
2014-03-03,-0.7379
2014-03-04,1.5268
2014-03-05,-0.0053
2014-03-06,0.1718
2014-03-07,0.0538
2014-03-10,-0.0463
2014-03-11,-0.5082
2014-03-12,0.0305
2014-03-13,-1.1701
2014-03-14,-0.2822
2014-03-17,0.9614
2014-03-18,0.722
2014-03-19,-0.6132
2014-03-20,0.6041
2014-03-21,-0.2933
2014-03-24,-0.4865
2014-03-25,0.4404
2014-03-26,-0.7
2014-03-27,-0.19
2014-03-28,0.464
2014-03-31,0.7924
2014-04-01,0.7039
2014-04-02,0.2853
2014-04-03,-0.1126
2014-04-04,-1.2537
2014-04-07,-1.075
2014-04-08,0.3751
2014-04-09,1.0918
2014-04-10,-2.0885
2014-04-11,-0.9487
2014-04-14,0.8217
2014-04-15,0.6757
2014-04-16,1.0488
2014-04-17,0.1364
2014-04-21,0.3775
2014-04-22,0.4092
2014-04-23,-0.2213
2014-04-24,0.1717
2014-04-25,-0.8096
2014-04-28,0.3236
2014-04-29,0.4761
2014-04-30,0.2992
2014-05-01,-0.0143
2014-05-02,-0.1348
2014-05-05,0.1871
2014-05-06,-0.8988
2014-05-07,0.5616
2014-05-08,-0.1374
2014-05-09,0.1519
2014-05-12,0.9673
2014-05-13,0.0422
2014-05-14,-0.4701
2014-05-15,-0.9362
2014-05-16,0.3747
2014-05-19,0.3845
2014-05-20,-0.6498
2014-05-21,0.8116
2014-05-22,0.2362
2014-05-23,0.4248
2014-05-27,0.5988
2014-05-28,-0.1114
2014-05-29,0.5367
2014-05-30,0.1844
2014-06-02,0.0728
2014-06-03,-0.0379
2014-06-04,0.1892
2014-06-05,0.6525
2014-06-06,0.4628
2014-06-09,0.0939
2014-06-10,-0.0246
2014-06-11,-0.3537
2014-06-12,-0.7089
2014-06-13,0.3135
2014-06-16,0.0837
2014-06-17,0.2173
2014-06-18,0.7719
2014-06-19,0.1277
2014-06-20,0.173
2014-06-23,-0.0132
2014-06-24,-0.6435
2014-06-25,0.4897
2014-06-26,-0.1179
2014-06-27,0.1911
2014-06-30,-0.0372
2014-07-01,0.6678
2014-07-02,0.0659
2014-07-03,0.548
2014-07-07,-0.3924
2014-07-08,-0.7049
2014-07-09,0.4644
2014-07-10,-0.4131
2014-07-11,0.1471
2014-07-14,0.4844
2014-07-15,-0.1932
2014-07-16,0.4201
2014-07-17,-1.1834
2014-07-18,1.0265
2014-07-21,-0.232
2014-07-22,0.5016
2014-07-23,0.1754
2014-07-24,0.0488
2014-07-25,-0.4849
2014-07-28,0.0288
2014-07-29,-0.4528
2014-07-30,0.0061
2014-07-31,-1.9999
2014-08-01,-0.2859
2014-08-04,0.7189
2014-08-05,-0.9685
2014-08-06,0.0016
2014-08-07,-0.5557
2014-08-08,1.1531
2014-08-11,0.2759
2014-08-12,-0.1637
2014-08-13,0.6707
2014-08-14,0.4346
2014-08-15,-0.0061
2014-08-18,0.8532
2014-08-19,0.5001
2014-08-20,0.2478
2014-08-21,0.295
2014-08-22,-0.1993
2014-08-25,0.4788
2014-08-26,0.1051
2014-08-27,0.005
2014-08-28,-0.169
2014-08-29,0.332
2014-09-02,-0.0544
2014-09-03,-0.0779
2014-09-04,-0.1534
2014-09-05,0.5036
2014-09-08,-0.3073
2014-09-09,-0.6545
2014-09-10,0.3646
2014-09-11,0.0882
2014-09-12,-0.5963
2014-09-15,-0.071
2014-09-16,0.7484
2014-09-17,0.1296
2014-09-18,0.4891
2014-09-19,-0.0477
2014-09-22,-0.8013
2014-09-23,-0.5776
2014-09-24,0.7832
2014-09-25,-1.6169
2014-09-26,0.8576
2014-09-29,-0.2547
2014-09-30,-0.2786
2014-10-01,-1.3249
2014-10-02,0.0005
2014-10-03,1.1166
2014-10-06,-0.1565
2014-10-07,-1.5126
2014-10-08,1.7462
2014-10-09,-2.0661
2014-10-10,-1.1451
2014-10-13,-1.6468
2014-10-14,0.1579
2014-10-15,-0.81
2014-10-16,0.0145
2014-10-17,1.2884
2014-10-20,0.9143
2014-10-21,1.9574
2014-10-22,-0.7299
2014-10-23,1.2303
2014-10-24,0.7053
2014-10-27,-0.1502
2014-10-28,1.1939
2014-10-29,-0.1385
2014-10-30,0.623
2014-10-31,1.1731
2014-11-03,-0.0119
2014-11-04,-0.283
2014-11-05,0.5701
2014-11-06,0.3776
2014-11-07,0.035
2014-11-10,0.312
2014-11-11,0.0697
2014-11-12,-0.0701
2014-11-13,0.053
2014-11-14,0.024
2014-11-17,0.0735
2014-11-18,0.5134
2014-11-19,-0.1501
2014-11-20,0.1967
2014-11-21,0.5237
2014-11-24,0.2864
2014-11-25,-0.115
2014-11-26,0.2806
2014-11-28,-0.2542
2014-12-01,-0.6829
2014-12-02,0.6384
2014-12-03,0.3765
2014-12-04,-0.1162
2014-12-05,0.1665
2014-12-08,-0.7257
2014-12-09,-0.0238
2014-12-10,-1.6351
2014-12-11,0.4536
2014-12-12,-1.6214
2014-12-15,-0.6343
2014-12-16,-0.8489
2014-12-17,2.0352
2014-12-18,2.4015
2014-12-19,0.457
2014-12-22,0.381
2014-12-23,0.1746
2014-12-24,-0.0139
2014-12-26,0.331
2014-12-29,0.0862
2014-12-30,-0.4889
2014-12-31,-1.0311
2015-01-02,-0.034
2015-01-05,-1.8278
2015-01-06,-0.8893
2015-01-07,1.163
2015-01-08,1.7888
2015-01-09,-0.8404
2015-01-12,-0.8094
2015-01-13,-0.2579
2015-01-14,-0.5813
2015-01-15,-0.9248
2015-01-16,1.3424
2015-01-20,0.155
2015-01-21,0.4732
2015-01-22,1.527
2015-01-23,-0.5492
2015-01-26,0.2568
2015-01-27,-1.3388
2015-01-28,-1.3496
2015-01-29,0.9535
2015-01-30,-1.2992
2015-02-02,1.2962
2015-02-03,1.4439
2015-02-04,-0.4156
2015-02-05,1.0291
2015-02-06,-0.3418
2015-02-09,-0.4247
2015-02-10,1.0676
2015-02-11,-0.0029
2015-02-12,0.9645
2015-02-13,0.4075
2015-02-17,0.1598
2015-02-18,-0.0314
2015-02-19,-0.1062
2015-02-20,0.6126
2015-02-23,-0.0303
2015-02-24,0.2759
2015-02-25,-0.0766
2015-02-26,-0.1476
2015-02-27,-0.2956
2015-03-02,0.6125
2015-03-03,-0.4539
2015-03-04,-0.4389
2015-03-05,0.1196
2015-03-06,-1.4174
2015-03-09,0.3944
2015-03-10,-1.6961
2015-03-11,-0.1918
2015-03-12,1.2601
2015-03-13,-0.6075
2015-03-16,1.3534
2015-03-17,-0.332
2015-03-18,1.2158
2015-03-19,-0.4873
2015-03-20,0.9013
2015-03-23,-0.1746
2015-03-24,-0.6139
2015-03-25,-1.4559
2015-03-26,-0.2377
2015-03-27,0.2369
2015-03-30,1.2237
2015-03-31,-0.8796
2015-04-01,-0.3965
2015-04-02,0.353
2015-04-03,NaN
2015-04-06,NaN
2015-04-07,-0.2062
2015-04-08,0.2683
2015-04-09,0.4457
2015-04-10,0.5203
2015-04-13,-0.4581
2015-04-14,0.163
2015-04-15,0.5148
2015-04-16,-0.0778
2015-04-17,-1.1311
2015-04-20,0.9235
2015-04-21,-0.1481
2015-04-22,0.5088
2015-04-23,0.2358
2015-04-24,0.2253
2015-04-27,-0.4141
2015-04-28,0.2769
2015-04-29,-0.374
2015-04-30,-1.0129
2015-05-01,1.0923
2015-05-04,0.2941
2015-05-05,-1.1837
2015-05-06,-0.4456
2015-05-07,0.3774
2015-05-08,1.3458
2015-05-11,-0.509
2015-05-12,-0.295
2015-05-13,-0.0305
2015-05-14,1.0779
2015-05-15,0.0768
2015-05-18,0.3048
2015-05-19,-0.0643
2015-05-20,-0.0931
2015-05-21,0.2338
2015-05-22,-0.2234
2015-05-26,-1.0282
2015-05-27,0.9163
2015-05-28,-0.1267
2015-05-29,-0.6318
2015-06-01,0.2059
2015-06-02,-0.1009
2015-06-03,0.2119
2015-06-04,-0.8623
2015-06-05,-0.1436
2015-06-08,-0.6474
2015-06-09,0.0418
2015-06-10,1.2042
2015-06-11,0.1739
2015-06-12,-0.6994
2015-06-15,-0.4622
2015-06-16,0.569
2015-06-17,0.198
2015-06-18,0.9903
2015-06-19,-0.5304
2015-06-22,0.6095
2015-06-23,0.0636
2015-06-24,-0.7353
2015-06-25,-0.2974
2015-06-26,-0.039
2015-06-29,-2.0866
2015-06-30,0.2658
2015-07-01,0.6936
2015-07-02,-0.0308
2015-07-06,-0.3862
2015-07-07,0.6081
2015-07-08,-1.6653
2015-07-09,0.2262
2015-07-10,1.2338
2015-07-13,1.1066
2015-07-14,0.4453
2015-07-15,-0.0735
2015-07-16,0.8015
2015-07-17,0.1106
2015-07-20,0.0771
2015-07-21,-0.4262
2015-07-22,-0.2388
2015-07-23,-0.5676
2015-07-24,-1.0703
2015-07-27,-0.5775
2015-07-28,1.2386
2015-07-29,0.7319
2015-07-30,0.0028
2015-07-31,-0.2272
2015-08-03,-0.2757
2015-08-04,-0.225
2015-08-05,0.3115
2015-08-06,-0.7753
2015-08-07,-0.2875
2015-08-10,1.2808
2015-08-11,-0.9557
2015-08-12,0.095
2015-08-13,-0.1275
2015-08-14,0.3912
2015-08-17,0.5211
2015-08-18,-0.2626
2015-08-19,-0.8255
2015-08-20,-2.11
2015-08-21,-3.1851
2015-08-24,-3.9414
2015-08-25,-1.3522
2015-08-26,3.9034
2015-08-27,2.4298
2015-08-28,0.0609
2015-08-31,-0.8392
2015-09-01,-2.9576
2015-09-02,1.8293
2015-09-03,0.1165
2015-09-04,-1.533
2015-09-08,2.5083
2015-09-09,-1.3898
2015-09-10,0.5278
2015-09-11,0.4487
2015-09-14,-0.409
2015-09-15,1.2831
2015-09-16,0.8705
2015-09-17,-0.2561
2015-09-18,-1.6164
2015-09-21,0.4566
2015-09-22,-1.2318
2015-09-23,-0.2049
2015-09-24,-0.3363
2015-09-25,-0.0466
2015-09-28,-2.5666
2015-09-29,0.1233
2015-09-30,1.9076
2015-10-01,0.1974
2015-10-02,1.4315
2015-10-05,1.829
2015-10-06,-0.3588
2015-10-07,0.8036
2015-10-08,0.8818
2015-10-09,0.0725
2015-10-12,0.1276
2015-10-13,-0.6825
2015-10-14,-0.4716
2015-10-15,1.4853
2015-10-16,0.457
2015-10-19,0.0271
2015-10-20,-0.1421
2015-10-21,-0.5825
2015-10-22,1.6628
2015-10-23,1.103
2015-10-26,-0.1913
2015-10-27,-0.2554
2015-10-28,1.184
2015-10-29,-0.045
2015-10-30,-0.481
2015-11-02,1.1874
2015-11-03,0.2728
2015-11-04,-0.3545
2015-11-05,-0.1132
2015-11-06,-0.0348
2015-11-09,-0.9823
2015-11-10,0.1511
2015-11-11,-0.3228
2015-11-12,-1.399
2015-11-13,-1.1207
2015-11-16,1.4903
2015-11-17,-0.1339
2015-11-18,1.6162
2015-11-19,-0.1123
2015-11-20,0.381
2015-11-23,-0.1235
2015-11-24,0.1222
2015-11-25,-0.0129
2015-11-27,0.0594
2015-11-30,-0.4641
2015-12-01,1.0681
2015-12-02,-1.0996
2015-12-03,-1.4374
2015-12-04,2.0526
2015-12-07,-0.699
2015-12-08,-0.649
2015-12-09,-0.7739
2015-12-10,0.2251
2015-12-11,-1.9423
2015-12-14,0.4756
2015-12-15,1.0619
2015-12-16,1.4515
2015-12-17,-1.504
2015-12-18,-1.7797
2015-12-21,0.7778
2015-12-22,0.8817
2015-12-23,1.2418
2015-12-24,-0.1599
2015-12-28,-0.2179
2015-12-29,1.063
2015-12-30,-0.7217
2015-12-31,-0.9412
2016-01-04,-1.5304
2016-01-05,0.2012
2016-01-06,-1.3115
2016-01-07,-2.37
2016-01-08,-1.0838
2016-01-11,0.0853
2016-01-12,0.7803
2016-01-13,-2.4965
2016-01-14,1.6696
2016-01-15,-2.1599
2016-01-19,0.0532
2016-01-20,-1.1694
2016-01-21,0.5195
2016-01-22,2.0284
2016-01-25,-1.5638
2016-01-26,1.4144
2016-01-27,-1.0863
2016-01-28,0.5529
2016-01-29,2.476
2016-02-01,-0.0443
2016-02-02,-1.8743
2016-02-03,0.4992
2016-02-04,0.1527
2016-02-05,-1.8481
2016-02-08,-1.4154
2016-02-09,-0.0664
2016-02-10,-0.0189
2016-02-11,-1.2301
2016-02-12,1.9518
2016-02-16,1.6517
2016-02-17,1.648
2016-02-18,-0.4666
2016-02-19,-0.0026
2016-02-22,1.4454
2016-02-23,-1.2454
2016-02-24,0.444
2016-02-25,1.1348
2016-02-26,-0.187
2016-02-29,-0.8121
2016-03-01,2.3869
2016-03-02,0.4094
2016-03-03,0.3499
2016-03-04,0.3306
2016-03-07,0.0885
2016-03-08,-1.124
2016-03-09,0.5052
2016-03-10,0.0156
2016-03-11,1.6396
2016-03-14,-0.1261
2016-03-15,-0.1837
2016-03-16,0.56
2016-03-17,0.6595
2016-03-18,0.4406
2016-03-21,0.0986
2016-03-22,-0.0877
2016-03-23,-0.6386
2016-03-24,-0.0378
2016-03-28,0.0545
2016-03-29,0.8817
2016-03-30,0.435
2016-03-31,-0.204
2016-04-01,0.6331
2016-04-04,-0.3208
2016-04-05,-1.0145
2016-04-06,1.0508
2016-04-07,-1.1976
2016-04-08,0.2787
2016-04-11,-0.274
2016-04-12,0.9662
2016-04-13,1.004
2016-04-14,0.0173
2016-04-15,-0.0984
2016-04-18,0.6541
2016-04-19,0.3085
2016-04-20,0.0762
2016-04-21,-0.5194
2016-04-22,0.0048
2016-04-25,-0.1812
2016-04-26,0.1873
2016-04-27,0.1649
2016-04-28,-0.9231
2016-04-29,-0.5063
2016-05-02,0.781
2016-05-03,-0.8677
2016-05-04,-0.5937
2016-05-05,-0.0239
2016-05-06,0.3175
2016-05-09,0.0753
2016-05-10,1.2484
2016-05-11,-0.9562
2016-05-12,-0.017
2016-05-13,-0.8478
2016-05-16,0.9797
2016-05-17,-0.9411
2016-05-18,0.0205
2016-05-19,-0.3707
2016-05-20,0.6019
2016-05-23,-0.2085
2016-05-24,1.3681
2016-05-25,0.6975
2016-05-26,-0.021
2016-05-27,0.4287
2016-05-31,-0.1
2016-06-01,0.113
2016-06-02,0.2825
2016-06-03,-0.2912
2016-06-06,0.4897
2016-06-07,0.1289
2016-06-08,0.3309
2016-06-09,-0.1718
2016-06-10,-0.9175
2016-06-13,-0.8115
2016-06-14,-0.1799
2016-06-15,-0.1841
2016-06-16,0.3133
2016-06-17,-0.3258
2016-06-20,0.5808
2016-06-21,0.2712
2016-06-22,-0.1652
2016-06-23,1.3364
2016-06-24,-3.592
2016-06-27,-1.8097
2016-06-28,1.777
2016-06-29,1.7033
2016-06-30,1.3565
2016-07-01,0.1949
2016-07-05,-0.6848
2016-07-06,0.5353
2016-07-07,-0.0872
2016-07-08,1.5253
2016-07-11,0.3409
2016-07-12,0.7009
2016-07-13,0.0135
2016-07-14,0.5259
2016-07-15,-0.0929
2016-07-18,0.2382
2016-07-19,-0.1435
2016-07-20,0.427
2016-07-21,-0.3612
2016-07-22,0.4554
2016-07-25,-0.3011
2016-07-26,0.0323
2016-07-27,-0.1199
2016-07-28,0.1606
2016-07-29,0.1631
2016-08-01,-0.127
2016-08-02,-0.6362
2016-08-03,0.3134
2016-08-04,0.0213
2016-08-05,0.8603
2016-08-08,-0.0907
2016-08-09,0.039
2016-08-10,-0.2865
2016-08-11,0.4735
2016-08-12,-0.0796
2016-08-15,0.2793
2016-08-16,-0.5479
2016-08-17,0.1869
2016-08-18,0.22
2016-08-19,-0.144
2016-08-22,-0.0563
2016-08-23,0.1952
2016-08-24,-0.524
2016-08-25,-0.1365
2016-08-26,-0.1579
2016-08-29,0.5228
2016-08-30,-0.1954
2016-08-31,-0.2376
2016-09-01,-0.0041
2016-09-02,0.4201
2016-09-06,0.2982
2016-09-07,-0.0146
2016-09-08,-0.2223
2016-09-09,-2.4522
2016-09-12,1.4677
2016-09-13,-1.4831
2016-09-14,-0.0588
2016-09-15,1.0109
2016-09-16,-0.3772
2016-09-19,-0.0019
2016-09-20,0.0299
2016-09-21,1.0917
2016-09-22,0.65
2016-09-23,-0.5737
2016-09-26,-0.8588
2016-09-27,0.6444
2016-09-28,0.5296
2016-09-29,-0.9321
2016-09-30,0.7968
2016-10-03,-0.3261
2016-10-04,-0.4956
2016-10-05,0.4297
2016-10-06,0.0482
2016-10-07,-0.3253
2016-10-10,0.4606
2016-10-11,-1.2447
2016-10-12,0.1147
2016-10-13,-0.3099
2016-10-14,0.0202
2016-10-17,-0.3038
2016-10-18,0.616
2016-10-19,0.2192
2016-10-20,-0.1376
2016-10-21,-0.0084
2016-10-24,0.475
2016-10-25,-0.3798
2016-10-26,-0.174
2016-10-27,-0.2987
2016-10-28,-0.3108
2016-10-31,-0.0122
2016-11-01,-0.6787
2016-11-02,-0.6525
2016-11-03,-0.4423
2016-11-04,-0.1666
2016-11-07,2.2224
2016-11-08,0.3772
2016-11-09,1.1077
2016-11-10,0.1951
2016-11-11,-0.1398
2016-11-14,-0.0116
2016-11-15,0.7481
2016-11-16,-0.1582
2016-11-17,0.4676
2016-11-18,-0.2387
2016-11-21,0.7461
2016-11-22,0.2165
2016-11-23,0.0808
2016-11-25,0.3914
2016-11-28,-0.5254
2016-11-29,0.1335
2016-11-30,-0.2653
2016-12-01,-0.3516
2016-12-02,0.0397
2016-12-05,0.5821
2016-12-06,0.3411
2016-12-07,1.3163
2016-12-08,0.2159
2016-12-09,0.5939
2016-12-12,-0.1137
2016-12-13,0.654
2016-12-14,-0.8117
2016-12-15,0.3883
2016-12-16,-0.1751
2016-12-19,0.1975
2016-12-20,0.3638
2016-12-21,-0.2457
2016-12-22,-0.1863
2016-12-23,0.1252
2016-12-27,0.2248
2016-12-28,-0.8357
2016-12-29,-0.0293
2016-12-30,-0.4637
2017-01-03,0.8487
2017-01-04,0.5722
2017-01-05,-0.0771
2017-01-06,0.3517
2017-01-09,-0.3549
2017-01-10,0.0
2017-01-11,0.283
2017-01-12,-0.2145
2017-01-13,0.185
2017-01-17,-0.2968
2017-01-18,0.1764
2017-01-19,-0.3609
2017-01-20,0.3366
2017-01-23,-0.269
2017-01-24,0.6565
2017-01-25,0.8026
2017-01-26,-0.0735
2017-01-27,-0.0866
2017-01-30,-0.601
2017-01-31,-0.089
2017-02-01,0.0298
2017-02-02,0.057
2017-02-03,0.7265
2017-02-06,-0.2115
2017-02-07,0.0227
2017-02-08,0.0693
2017-02-09,0.5752
2017-02-10,0.3566
2017-02-13,0.5246
2017-02-14,0.4007
2017-02-15,0.4992
2017-02-16,-0.0864
2017-02-17,0.1679
2017-02-21,0.6048
2017-02-22,-0.1082
2017-02-23,0.0419
2017-02-24,0.1493
2017-02-27,0.1018
2017-02-28,-0.2578
2017-03-01,1.3674
2017-03-02,-0.586
2017-03-03,0.0504
2017-03-06,-0.3277
2017-03-07,-0.2913
2017-03-08,-0.2284
2017-03-09,0.08
2017-03-10,0.3269
2017-03-13,0.0367
2017-03-14,-0.3379
2017-03-15,0.8375
2017-03-16,-0.1627
2017-03-17,-0.1314
2017-03-20,-0.201
2017-03-21,-1.2408
2017-03-22,0.189
2017-03-23,-0.106
2017-03-24,-0.0844
2017-03-27,-0.102
2017-03-28,0.7251
2017-03-29,0.1085
2017-03-30,0.2935
2017-03-31,-0.2255
2017-04-03,-0.1642
2017-04-04,0.056
2017-04-05,-0.3055
2017-04-06,0.1929
2017-04-07,-0.0827
2017-04-10,0.0688
2017-04-11,-0.1434
2017-04-12,-0.376
2017-04-13,-0.6815
2017-04-17,0.8613
2017-04-18,-0.2903
2017-04-19,-0.1716
2017-04-20,0.7557
2017-04-21,-0.3035
2017-04-24,1.084
2017-04-25,0.6091
2017-04-26,-0.0486
2017-04-27,0.0553
2017-04-28,-0.1913
2017-05-01,0.1732
2017-05-02,0.1189
2017-05-03,-0.1271
2017-05-04,0.0582
2017-05-05,0.4089
2017-05-08,0.0038
2017-05-09,-0.1025
2017-05-10,0.1131
2017-05-11,-0.2163
2017-05-12,-0.1478
2017-05-15,0.4776
2017-05-16,-0.0687
2017-05-17,-1.8178
2017-05-18,0.3687
2017-05-19,0.6767
2017-05-22,0.516
2017-05-23,0.1838
2017-05-24,0.2489
2017-05-25,0.4442
2017-05-26,0.0311
2017-05-30,-0.1205
2017-05-31,-0.046
2017-06-01,0.7571
2017-06-02,0.3708
2017-06-05,-0.1218
2017-06-06,-0.2779
2017-06-07,0.1568
2017-06-08,0.0267
2017-06-09,-0.083
2017-06-12,-0.0979
2017-06-13,0.4511
2017-06-14,-0.0996
2017-06-15,-0.224
2017-06-16,0.0284
2017-06-19,0.8347
2017-06-20,-0.6697
2017-06-21,-0.0583
2017-06-22,-0.0456
2017-06-23,0.1561
2017-06-26,0.0316
2017-06-27,-0.8073
2017-06-28,0.8808
2017-06-29,-0.86
2017-06-30,0.1533
2017-07-03,0.2311
2017-07-05,0.1453
2017-07-06,-0.9369
2017-07-07,0.6403
2017-07-10,0.0928
2017-07-11,-0.0783
2017-07-12,0.7306
2017-07-13,0.1875
2017-07-14,0.4674
2017-07-17,-0.0053
2017-07-18,0.0598
2017-07-19,0.5373
2017-07-20,-0.0154
2017-07-21,-0.0368
2017-07-24,-0.1064
2017-07-25,0.2923
2017-07-26,0.0283
2017-07-27,-0.0973
2017-07-28,-0.1341
2017-07-31,-0.0728
2017-08-01,0.2449
2017-08-02,0.0493
2017-08-03,-0.2184
2017-08-04,0.1889
2017-08-07,0.1647
2017-08-08,-0.2414
2017-08-09,-0.0364
2017-08-10,-1.4474
2017-08-11,0.1276
2017-08-14,1.0044
2017-08-15,-0.0499
2017-08-16,0.142
2017-08-17,-1.5437
2017-08-18,-0.1835
2017-08-21,0.1163
2017-08-22,0.9941
2017-08-23,-0.3454
2017-08-24,-0.2074
2017-08-25,0.1673
2017-08-28,0.0487
2017-08-29,0.0843
2017-08-30,0.4615
2017-08-31,0.5721
2017-09-01,0.1982
2017-09-05,-0.7551
2017-09-06,0.3129
2017-09-07,-0.0178
2017-09-08,-0.1489
2017-09-11,1.0839
2017-09-12,0.3364
2017-09-13,0.0757
2017-09-14,-0.1101
2017-09-15,0.1847
2017-09-18,0.1456
2017-09-19,0.111
2017-09-20,0.0634
2017-09-21,-0.3046
2017-09-22,0.0648
2017-09-25,-0.2222
2017-09-26,0.0072
2017-09-27,0.4085
2017-09-28,0.1205
2017-09-29,0.3705
2017-10-02,0.3874
2017-10-03,0.2159
2017-10-04,0.1247
2017-10-05,0.5647
2017-10-06,-0.1074
2017-10-09,-0.1804
2017-10-10,0.2322
2017-10-11,0.1803
2017-10-12,-0.1687
2017-10-13,0.0878
2017-10-16,0.1751
2017-10-17,0.0672
2017-10-18,0.0742
2017-10-19,0.0328
2017-10-20,0.5117
2017-10-23,-0.3972
2017-10-24,0.1618
2017-10-25,-0.4663
2017-10-26,0.1271
2017-10-27,0.8073
2017-10-30,-0.3192
2017-10-31,0.0944
2017-11-01,0.1592
2017-11-02,0.019
2017-11-03,0.3097
2017-11-06,0.1271
2017-11-07,-0.0189
2017-11-08,0.1444
2017-11-09,-0.3762
2017-11-10,-0.0898
2017-11-13,0.0984
2017-11-14,-0.231
2017-11-15,-0.5526
2017-11-16,0.8196
2017-11-17,-0.2626
2017-11-20,0.1276
2017-11-21,0.6541
2017-11-22,-0.075
2017-11-24,0.2056
2017-11-27,-0.0384
2017-11-28,0.9848
2017-11-29,-0.0369
2017-11-30,0.8191
2017-12-01,-0.2024
2017-12-04,-0.1052
2017-12-05,-0.3739
2017-12-06,-0.0114
2017-12-07,0.2932
2017-12-08,0.5506
2017-12-11,0.3202
2017-12-12,0.1549
2017-12-13,-0.0473
2017-12-14,-0.4071
2017-12-15,0.8974
2017-12-18,0.5363
2017-12-19,-0.323
2017-12-20,-0.0828
2017-12-21,0.1986
2017-12-22,-0.0458
2017-12-26,-0.1058
2017-12-27,0.0791
2017-12-28,0.1834
2017-12-29,-0.5183
2018-01-02,0.8303
2018-01-03,0.6399
2018-01-04,0.4029
2018-01-05,0.7034
2018-01-08,0.1662
2018-01-09,0.1303
2018-01-10,-0.1112
2018-01-11,0.7034
2018-01-12,0.675
2018-01-16,-0.3524
2018-01-17,0.9415
2018-01-18,-0.1616
2018-01-19,0.4385
2018-01-22,0.8067
2018-01-23,0.2174
2018-01-24,-0.056
2018-01-25,0.0603
2018-01-26,1.1841
2018-01-29,-0.6732
2018-01-30,-1.0899
2018-01-31,0.0489
2018-02-01,-0.0648
2018-02-02,-2.1209
2018-02-05,-4.0979
2018-02-06,1.7441
2018-02-07,-0.5002
2018-02-08,-3.7536
2018-02-09,1.4936
2018-02-12,1.3915
2018-02-13,0.2613
2018-02-14,1.3402
2018-02-15,1.2069
2018-02-16,0.0373
2018-02-20,-0.5841
2018-02-21,-0.5497
2018-02-22,0.0974
2018-02-23,1.6028
2018-02-26,1.1757
2018-02-27,-1.2707
2018-02-28,-1.1096
2018-03-01,-1.3324
2018-03-02,0.5072
2018-03-05,1.1032
2018-03-06,0.2639
2018-03-07,-0.0484
2018-03-08,0.4463
2018-03-09,1.7379
2018-03-12,-0.1274
2018-03-13,-0.6364
2018-03-14,-0.5724
2018-03-15,-0.0782
2018-03-16,0.1703
2018-03-19,-1.4204
2018-03-20,0.1482
2018-03-21,-0.1844
2018-03-22,-2.5163
2018-03-23,-2.0967
2018-03-26,2.7157
2018-03-27,-1.7276
2018-03-28,-0.2917
2018-03-29,1.377
2018-04-02,-2.2337
2018-04-03,1.2615
2018-04-04,1.1566
2018-04-05,0.6863
2018-04-06,-2.192
2018-04-09,0.3337
2018-04-10,1.6727
2018-04-11,-0.5525
2018-04-12,0.8251
2018-04-13,-0.2887
2018-04-16,0.8109
2018-04-17,1.0662
2018-04-18,0.0831
2018-04-19,-0.5726
2018-04-20,-0.8537
2018-04-23,0.0056
2018-04-24,-1.3381
2018-04-25,0.1837
2018-04-26,1.0434
2018-04-27,0.1114
2018-04-30,-0.8188
2018-05-01,0.2549
2018-05-02,-0.7206
2018-05-03,-0.2254
2018-05-04,1.2811
2018-05-07,0.3458
2018-05-08,-0.0266
2018-05-09,0.9682
2018-05-10,0.9371
2018-05-11,0.1708
2018-05-14,0.0884
2018-05-15,-0.6842
2018-05-16,0.4061
2018-05-17,-0.0856
2018-05-18,-0.2632
2018-05-21,0.7387
2018-05-22,-0.3136
2018-05-23,0.3248
2018-05-24,-0.2023
2018-05-25,-0.2357
2018-05-29,-1.1564
2018-05-30,1.2696
2018-05-31,-0.688
2018-06-01,1.0849
2018-06-04,0.448
2018-06-05,0.0703
2018-06-06,0.8567
2018-06-07,-0.0714
2018-06-08,0.3126
2018-06-11,0.1069
2018-06-12,0.1743
2018-06-13,-0.4026
2018-06-14,0.2472
2018-06-15,-0.1017
2018-06-18,-0.2126
2018-06-19,-0.4023
2018-06-20,0.1712
2018-06-21,-0.6345
2018-06-22,0.1862
2018-06-25,-1.3725
2018-06-26,0.2205
2018-06-27,-0.8604
2018-06-28,0.6179
2018-06-29,0.0758
2018-07-02,0.3068
2018-07-03,-0.4947
2018-07-05,0.8621
2018-07-06,0.8481
2018-07-09,0.8823
2018-07-10,0.3473
2018-07-11,-0.7094
2018-07-12,0.8749
2018-07-13,0.1079
2018-07-16,-0.1028
2018-07-17,0.3974
2018-07-18,0.216
2018-07-19,-0.3953
2018-07-20,-0.0948
2018-07-23,0.1838
2018-07-24,0.4781
2018-07-25,0.9102
2018-07-26,-0.3032
2018-07-27,-0.6562
2018-07-30,-0.5754
2018-07-31,0.4885
2018-08-01,-0.104
2018-08-02,0.4926
2018-08-03,0.4644
2018-08-06,0.3538
2018-08-07,0.2824
2018-08-08,-0.0262
2018-08-09,-0.1442
2018-08-10,-0.7114
2018-08-13,-0.4006
2018-08-14,0.6389
2018-08-15,-0.7602
2018-08-16,0.7919
2018-08-17,0.3323
2018-08-20,0.2428
2018-08-21,0.2069
2018-08-22,-0.0398
2018-08-23,-0.1691
2018-08-24,0.6199
2018-08-27,0.767
2018-08-28,0.0269
2018-08-29,0.5701
2018-08-30,-0.443
2018-08-31,0.0134
2018-09-04,-0.1654
2018-09-05,-0.2803
2018-09-06,-0.3652
2018-09-07,-0.2213
2018-09-10,0.1898
2018-09-11,0.374
2018-09-12,0.0357
2018-09-13,0.5282
2018-09-14,0.0275
2018-09-17,-0.557
2018-09-18,0.5369
2018-09-19,0.1253
2018-09-20,0.7841
2018-09-21,-0.0369
2018-09-24,-0.3516
2018-09-25,-0.1305
2018-09-26,-0.3289
2018-09-27,0.2763
2018-09-28,-0.0007
2018-10-01,0.3641
2018-10-02,-0.0397
2018-10-03,0.0711
2018-10-04,-0.817
2018-10-05,-0.5528
2018-10-08,-0.0395
2018-10-09,-0.1418
2018-10-10,-3.2864
2018-10-11,-2.0573
2018-10-12,1.4206
2018-10-15,-0.5905
2018-10-16,2.1496
2018-10-17,-0.0253
2018-10-18,-1.4392
2018-10-19,-0.0361
2018-10-22,-0.4299
2018-10-23,-0.5512
2018-10-24,-3.0864
2018-10-25,1.8625
2018-10-26,-1.7327
2018-10-29,-0.656
2018-10-30,1.5667
2018-10-31,1.0851
2018-11-01,1.0558
2018-11-02,-0.6317
2018-11-05,0.56
2018-11-06,0.6259
2018-11-07,2.1209
2018-11-08,-0.2509
2018-11-09,-0.9199
2018-11-12,-1.9701
2018-11-13,-0.1482
2018-11-14,-0.7567
2018-11-15,1.0594
2018-11-16,0.2223
2018-11-19,-1.6643
2018-11-20,-1.8151
2018-11-21,0.3043
2018-11-23,-0.6555
2018-11-26,1.5532
2018-11-27,0.3262
2018-11-28,2.2974
2018-11-29,-0.2198
2018-11-30,0.8186
2018-12-03,1.0941
2018-12-04,-3.2365
2018-12-06,-0.1522
2018-12-07,-2.332
2018-12-10,0.1762
2018-12-11,-0.0356
2018-12-12,0.5419
2018-12-13,-0.02
2018-12-14,-1.9087
2018-12-17,-2.0773
2018-12-18,0.0086
2018-12-19,-1.5396
2018-12-20,-1.5772
2018-12-21,-2.0588
2018-12-24,-2.7112
2018-12-26,4.9594
2018-12-27,0.8563
2018-12-28,-0.1242
2018-12-31,0.8492
2019-01-02,0.1269
2019-01-03,-2.4757
2019-01-04,3.4336
2019-01-07,0.701
2019-01-08,0.9695
2019-01-09,0.4098
2019-01-10,0.4518
2019-01-11,-0.0146
2019-01-14,-0.5258
2019-01-15,1.0722
2019-01-16,0.2222
2019-01-17,0.7591
2019-01-18,1.3183
2019-01-22,-1.4157
2019-01-23,0.2203
2019-01-24,0.1376
2019-01-25,0.8489
2019-01-28,-0.7847
2019-01-29,-0.1456
2019-01-30,1.5549
2019-01-31,0.8597
2019-02-01,0.0899
2019-02-04,0.6776
2019-02-05,0.4708
2019-02-06,-0.2224
2019-02-07,-0.9357
2019-02-08,0.0676
2019-02-11,0.0709
2019-02-12,1.289
2019-02-13,0.3024
2019-02-14,-0.2652
2019-02-15,1.0879
2019-02-19,0.1499
2019-02-20,0.1777
2019-02-21,-0.3526
2019-02-22,0.6411
2019-02-25,0.1232
2019-02-26,-0.079
2019-02-27,-0.0544
2019-02-28,-0.2826
2019-03-01,0.6895
2019-03-04,-0.3881
2019-03-05,-0.1131
2019-03-06,-0.6524
2019-03-07,-0.8126
2019-03-08,-0.2132
2019-03-11,1.4666
2019-03-12,0.2953
2019-03-13,0.695
2019-03-14,-0.0868
2019-03-15,0.4985
2019-03-18,0.3706
2019-03-19,-0.0131
2019-03-20,-0.2944
2019-03-21,1.0853
2019-03-22,-1.8975
2019-03-25,-0.0839
2019-03-26,0.7183
2019-03-27,-0.4644
2019-03-28,0.359
2019-03-29,0.6734
2019-04-01,1.1569
2019-04-02,0.0017
2019-04-03,0.2148
2019-04-04,0.2085
2019-04-05,0.4636
2019-04-08,0.1047
2019-04-09,-0.6067
2019-04-10,0.3478
2019-04-11,0.0038
2019-04-12,0.6609
2019-04-15,-0.0629
2019-04-16,0.0509
2019-04-17,-0.2274
2019-04-18,0.1579
2019-04-22,0.1012
2019-04-23,0.8841
2019-04-24,-0.2192
2019-04-25,-0.0369
2019-04-26,0.4685
2019-04-29,0.1071
2019-04-30,0.0951
2019-05-01,-0.7502
2019-05-02,-0.2124
2019-05-03,0.9638
2019-05-06,-0.4471
2019-05-07,-1.6512
2019-05-08,-0.1605
2019-05-09,-0.3021
2019-05-10,0.372
2019-05-13,-2.4131
2019-05-14,0.8016
2019-05-15,0.5839
2019-05-16,0.8895
2019-05-17,-0.5837
2019-05-20,-0.6749
2019-05-21,0.8496
2019-05-22,-0.2824
2019-05-23,-1.1914
2019-05-24,0.1354
2019-05-28,-0.8376
2019-05-29,-0.6912
2019-05-30,0.2098
2019-05-31,-1.3195
2019-06-03,-0.2765
2019-06-04,2.1432
2019-06-05,0.8162
2019-06-06,0.6136
2019-06-07,1.0498
2019-06-10,0.466
2019-06-11,-0.035
2019-06-12,-0.2038
2019-06-13,0.4097
2019-06-14,-0.1612
2019-06-17,0.0932
2019-06-18,0.9717
2019-06-19,0.2985
2019-06-20,0.9472
2019-06-21,-0.1259
2019-06-24,-0.1732
2019-06-25,-0.9496
2019-06-26,-0.1234
2019-06-27,0.3823
2019-06-28,0.5757
2019-07-01,0.7672
2019-07-02,0.2928
2019-07-03,0.7672
2019-07-05,-0.1806
2019-07-08,-0.4835
2019-07-09,0.1237
2019-07-10,0.4511
2019-07-11,0.2285
2019-07-12,0.462
2019-07-15,0.0176
2019-07-16,-0.3404
2019-07-17,-0.6531
2019-07-18,0.3582
2019-07-19,-0.6177
2019-07-22,0.2829
2019-07-23,0.6848
2019-07-24,0.4688
2019-07-25,-0.5262
2019-07-26,0.7388
2019-07-29,-0.1616
2019-07-30,-0.2579
2019-07-31,-1.0886
2019-08-01,-0.8999
2019-08-02,-0.7283
2019-08-05,-2.9778
2019-08-06,1.3017
2019-08-07,0.0767
2019-08-08,1.8762
2019-08-09,-0.6617
2019-08-12,-1.1958
2019-08-13,1.4762
2019-08-14,-2.9293
2019-08-15,0.2464
2019-08-16,1.4426
2019-08-19,1.2106
2019-08-20,-0.7915
2019-08-21,0.8247
2019-08-22,-0.0506
2019-08-23,-2.5946
2019-08-26,1.0983
2019-08-27,-0.3203
2019-08-28,0.6545
2019-08-29,1.2687
2019-08-30,0.0643
2019-09-03,-0.6899
2019-09-04,1.0842
2019-09-05,1.301
2019-09-06,0.0911
2019-09-09,-0.0094
2019-09-10,0.0322
2019-09-11,0.723
2019-09-12,0.2879
2019-09-13,-0.0724
2019-09-16,-0.3136
2019-09-17,0.2582
2019-09-18,0.0343
2019-09-19,0.002
2019-09-20,-0.4896
2019-09-23,-0.0097
2019-09-24,-0.8416
2019-09-25,0.6159
2019-09-26,-0.2429
2019-09-27,-0.5316
2019-09-30,0.5048
2019-10-01,-1.2258
2019-10-02,-1.7903
2019-10-03,0.7972
2019-10-04,1.4217
2019-10-07,-0.4478
2019-10-08,-1.5561
2019-10-09,0.9105
2019-10-10,0.6416
2019-10-11,1.0939
2019-10-14,-0.1387
2019-10-15,0.9956
2019-10-16,-0.2
2019-10-17,0.2763
2019-10-18,-0.3919
2019-10-21,0.6872
2019-10-22,-0.3569
2019-10-23,0.2847
2019-10-24,0.192
2019-10-25,0.4073
2019-10-28,0.5581
2019-10-29,-0.0832
2019-10-30,0.3253
2019-10-31,-0.3023
2019-11-01,0.9662
2019-11-04,0.3704
2019-11-05,-0.1186
2019-11-06,0.0703
2019-11-07,0.273
2019-11-08,0.2561
2019-11-11,-0.1962
2019-11-12,0.1565
2019-11-13,0.0712
2019-11-14,0.0837
2019-11-15,0.7695
2019-11-18,0.0503
2019-11-19,-0.0593
2019-11-20,-0.3756
2019-11-21,-0.1583
2019-11-22,0.2175
2019-11-25,0.7507
2019-11-26,0.2196
2019-11-27,0.4174
2019-11-29,-0.4011
2019-12-02,-0.8631
2019-12-03,-0.6638
2019-12-04,0.6324
2019-12-05,0.15
2019-12-06,0.9136
2019-12-09,-0.3163
2019-12-10,-0.1097
2019-12-11,0.2908
2019-12-12,0.8575
2019-12-13,0.0073
2019-12-16,0.7148
2019-12-17,0.0335
2019-12-18,-0.0432
2019-12-19,0.4459
2019-12-20,0.4945
2019-12-23,0.0866
2019-12-24,-0.0195
2019-12-26,0.5128
2019-12-27,0.0034
2019-12-30,-0.5781
2019-12-31,0.2946
2020-01-02,0.8379
2020-01-03,-0.706
2020-01-06,0.3533
2020-01-07,-0.2803
2020-01-08,0.4902
2020-01-09,0.6655
2020-01-10,-0.2855
2020-01-13,0.6976
2020-01-14,-0.1515
2020-01-15,0.187
2020-01-16,0.8367
2020-01-17,0.3862
2020-01-21,-0.2652
2020-01-22,0.0289
2020-01-23,0.1141
2020-01-24,-0.9042
2020-01-27,-1.5731
2020-01-28,1.0054
2020-01-29,-0.0867
2020-01-30,0.3134
2020-01-31,-1.7706
2020-02-03,0.7255
2020-02-04,1.498
2020-02-05,1.1251
2020-02-06,0.3326
2020-02-07,-0.5401
2020-02-10,0.7326
2020-02-11,0.1688
2020-02-12,0.6463
2020-02-13,-0.163
2020-02-14,0.1844
2020-02-18,-0.292
2020-02-19,0.4706
2020-02-20,-0.3816
2020-02-21,-1.0518
2020-02-24,-3.3514
2020-02-25,-3.028
2020-02-26,-0.3779
2020-02-27,-4.4163
2020-02-28,-0.8238
2020-03-02,4.6039
2020-03-03,-2.8108
2020-03-04,4.2203
2020-03-05,-3.3922
2020-03-06,-1.7054
2020-03-09,-7.597
2020-03-10,4.9396
2020-03-11,-4.8868
2020-03-12,-9.5113
2020-03-13,9.2871
2020-03-16,-11.9841
2020-03-17,5.9955
2020-03-18,-5.1831
2020-03-19,0.4708
2020-03-20,-4.336
2020-03-23,-2.9294
2020-03-24,9.3828
2020-03-25,1.1535
2020-03-26,6.2414
2020-03-27,-3.3687
2020-03-30,3.3516
2020-03-31,-1.6013
2020-04-01,-4.4142
2020-04-02,2.2829
2020-04-03,-1.5137
2020-04-06,7.0331
2020-04-07,-0.1603
2020-04-08,3.4056
2020-04-09,1.4487
2020-04-13,-1.0105
2020-04-14,3.0573
2020-04-15,-2.203
2020-04-16,0.5817
2020-04-17,2.6794
2020-04-20,-1.7881
2020-04-21,-3.0675
2020-04-22,2.293
2020-04-23,-0.0539
2020-04-24,1.3918
2020-04-27,1.4714
2020-04-28,-0.5242
2020-04-29,2.6584
2020-04-30,-0.9212
2020-05-01,-2.8059
2020-05-04,0.425
2020-05-05,0.9041
2020-05-06,-0.6979
2020-05-07,1.1505
2020-05-08,1.6872
2020-05-11,0.0177
2020-05-12,-2.0544
2020-05-13,-1.7463
2020-05-14,1.1525
2020-05-15,0.3926
2020-05-18,3.1501
2020-05-19,-1.0484
2020-05-20,1.6651
2020-05-21,-0.7774
2020-05-22,0.2354
2020-05-26,1.2289
2020-05-27,1.4827
2020-05-28,-0.2108
2020-05-29,0.4812
2020-06-01,0.3751
2020-06-02,0.8211
2020-06-03,1.3649
2020-06-04,-0.3369
2020-06-05,2.6212
2020-06-08,1.2042
2020-06-09,-0.7799
2020-06-10,-0.5313
2020-06-11,-5.8944
2020-06-12,1.3061
2020-06-15,0.8312
2020-06-16,1.8962
2020-06-17,-0.36
2020-06-18,0.0594
2020-06-19,-0.5649
2020-06-22,0.6495
2020-06-23,0.4307
2020-06-24,-2.5855
2020-06-25,1.0959
2020-06-26,-2.4227
2020-06-29,1.4686
2020-06-30,1.541
2020-07-01,0.5022
2020-07-02,0.4541
2020-07-06,1.5882
2020-07-07,-1.0819
2020-07-08,0.7828
2020-07-09,-0.5644
2020-07-10,1.0466
2020-07-13,-0.9363
2020-07-14,1.3406
2020-07-15,0.9082
2020-07-16,-0.3406
2020-07-17,0.2849
2020-07-20,0.8407
2020-07-21,0.1679
2020-07-22,0.5747
2020-07-23,-1.232
2020-07-24,-0.619
2020-07-27,0.7395
2020-07-28,-0.6473
2020-07-29,1.2428
2020-07-30,-0.375
2020-07-31,0.767
2020-08-03,0.7181
2020-08-04,0.3612
2020-08-05,0.643
2020-08-06,0.6428
2020-08-07,0.0633
2020-08-10,0.2742
2020-08-11,-0.7969
2020-08-12,1.3997
2020-08-13,-0.2047
2020-08-14,-0.0172
2020-08-17,0.271
2020-08-18,0.2303
2020-08-19,-0.4404
2020-08-20,0.3159
2020-08-21,0.3441
2020-08-24,1.0044
2020-08-25,0.3596
2020-08-26,1.0196
2020-08-27,0.1673
2020-08-28,0.6733
2020-08-31,-0.2195
2020-09-01,0.7525
2020-09-02,1.5366
2020-09-03,-3.5126
2020-09-04,-0.8133
2020-09-08,-2.7756
2020-09-09,2.0145
2020-09-10,-1.7585
2020-09-11,0.0533
2020-09-14,1.2742
2020-09-15,0.5219
2020-09-16,-0.4619
2020-09-17,-0.8412
2020-09-18,-1.1183
2020-09-21,-1.1571
2020-09-22,1.0518
2020-09-23,-2.3721
2020-09-24,0.2987
2020-09-25,1.5977
2020-09-28,1.6111
2020-09-29,-0.4813
2020-09-30,0.8254
2020-10-01,0.5293
2020-10-02,-0.9572
2020-10-05,1.7976
2020-10-06,-1.3988
2020-10-07,1.7406
2020-10-08,0.8007
2020-10-09,0.8791
2020-10-12,1.6419
2020-10-13,-0.6307
2020-10-14,-0.6623
2020-10-15,-0.1528
2020-10-16,0.0135
2020-10-19,-1.633
2020-10-20,0.4727
2020-10-21,-0.2196
2020-10-22,0.5219
2020-10-23,0.3446
2020-10-26,-1.859
2020-10-27,-0.3026
2020-10-28,-3.5288
2020-10-29,1.1947
2020-10-30,-1.213
2020-11-02,1.2318
2020-11-03,1.7799
2020-11-04,2.2047
2020-11-05,1.946
2020-11-06,-0.0288
2020-11-09,1.17
2020-11-10,-0.14
2020-11-11,0.7652
2020-11-12,-0.9979
2020-11-13,1.361
2020-11-16,1.1648
2020-11-17,-0.4792
2020-11-18,-1.1564
2020-11-19,0.3946
2020-11-20,-0.6793
2020-11-23,0.5636
2020-11-24,1.6162
2020-11-25,-0.1584
2020-11-27,0.2397
2020-11-30,-0.4595
2020-12-01,1.1271
2020-12-02,0.1791
2020-12-03,-0.0624
2020-12-04,0.8836
2020-12-07,-0.1936
2020-12-08,0.2787
2020-12-09,-0.7949
2020-12-10,-0.1285
2020-12-11,-0.1265
2020-12-14,-0.4359
2020-12-15,1.2921
2020-12-16,0.1773
2020-12-17,0.5758
2020-12-18,-0.3511
2020-12-21,-0.3906
2020-12-22,-0.2073
2020-12-23,0.0746
2020-12-24,0.3537
2020-12-28,0.8723
2020-12-29,-0.2227
2020-12-30,0.1342
2020-12-31,0.6439
2021-01-04,-1.4755
2021-01-05,0.7083
2021-01-06,0.571
2021-01-07,1.4847
2021-01-08,0.5492
2021-01-11,-0.6555
2021-01-12,0.0416
2021-01-13,0.2276
2021-01-14,-0.3753
2021-01-15,-0.719
2021-01-19,0.8136
2021-01-20,1.3936
2021-01-21,0.0317
2021-01-22,-0.3011
2021-01-25,0.3616
2021-01-26,-0.1489
2021-01-27,-2.5678
2021-01-28,0.9761
2021-01-29,-1.9312
2021-02-01,1.6052
2021-02-02,1.3898
2021-02-03,0.1009
2021-02-04,1.0853
2021-02-05,0.3897
2021-02-08,0.7399
2021-02-09,-0.1113
2021-02-10,-0.0345
2021-02-11,0.1662
2021-02-12,0.4711
2021-02-16,-0.0569
2021-02-17,-0.032
2021-02-18,-0.4416
2021-02-19,-0.1855
2021-02-22,-0.7733
2021-02-23,0.1256
2021-02-24,1.1352
2021-02-25,-2.4479
2021-02-26,-0.475
2021-03-01,2.3791
2021-03-02,-0.8081
2021-03-03,-1.3066
2021-03-04,-1.3417
2021-03-05,1.9496
2021-03-08,-0.5359
2021-03-09,1.4155
2021-03-10,0.603
2021-03-11,1.0395
2021-03-12,0.1015
2021-03-15,0.6492
2021-03-16,-0.157
2021-03-17,0.2879
2021-03-18,-1.4761
2021-03-19,-0.0603
2021-03-22,0.7025
2021-03-23,-0.7631
2021-03-24,-0.5467
2021-03-25,0.524
2021-03-26,1.6631
2021-03-29,-0.0868
2021-03-30,-0.3158
2021-03-31,0.3623
2021-04-01,1.1825
2021-04-02,NaN
2021-04-05,NaN
2021-04-06,-0.0974
2021-04-07,0.1475
2021-04-08,0.4221
2021-04-09,0.772
2021-04-12,-0.0196
2021-04-13,0.3295
2021-04-14,-0.4088
2021-04-15,1.1094
2021-04-16,0.3609
2021-04-19,-0.5306
2021-04-20,-0.6802
2021-04-21,0.9306
2021-04-22,-0.9211
2021-04-23,1.0929
2021-04-26,0.1782
2021-04-27,-0.0215
2021-04-28,-0.0846
2021-04-29,0.6763
2021-04-30,-0.7195
2021-05-03,0.2748
2021-05-04,-0.6678
2021-05-05,0.0704
2021-05-06,0.8165
2021-05-07,0.7373
2021-05-10,-1.0436
2021-05-11,-0.8674
2021-05-12,-2.1449
2021-05-13,1.2173
2021-05-14,1.4918
2021-05-17,-0.253
2021-05-18,-0.8517
2021-05-19,-0.2943
2021-05-20,1.0555
2021-05-21,-0.0784
2021-05-24,0.9911
2021-05-25,-0.2125
2021-05-26,0.1877
2021-05-27,0.1165
2021-05-28,0.0769
2021-06-01,-0.0492
2021-06-02,0.1447
2021-06-03,-0.3629
2021-06-04,0.8834
2021-06-07,-0.0797
2021-06-08,0.0175
2021-06-09,-0.1824
2021-06-10,0.4652
2021-06-11,0.1948
2021-06-14,0.1815
2021-06-15,-0.2012
2021-06-16,-0.539
2021-06-17,-0.0436
2021-06-18,-1.3125
2021-06-21,1.4002
2021-06-22,0.5125
2021-06-23,-0.1083
2021-06-24,0.5811
2021-06-25,0.3331
2021-06-28,0.2315
2021-06-29,0.0277
2021-06-30,0.1328
2021-07-01,0.5222
2021-07-02,0.75
2021-07-06,-0.2022
2021-07-07,0.3359
2021-07-08,-0.8561
2021-07-09,1.1278
2021-07-12,0.3451
2021-07-13,-0.3517
2021-07-14,0.1165
2021-07-15,-0.3262
2021-07-16,-0.7539
2021-07-19,-1.587
2021-07-20,1.5163
2021-07-21,0.8242
2021-07-22,0.2017
2021-07-23,1.0145
2021-07-26,0.2382
2021-07-27,-0.4712
2021-07-28,-0.0186
2021-07-29,0.4206
2021-07-30,-0.5406
2021-08-02,-0.1843
2021-08-03,0.8203
2021-08-04,-0.4632
2021-08-05,0.6005
2021-08-06,0.1675
2021-08-09,-0.094
2021-08-10,0.0993
2021-08-11,0.2468
2021-08-12,0.2952
2021-08-13,0.1607
2021-08-16,0.2621
2021-08-17,-0.7061
2021-08-18,-1.0748
2021-08-19,0.1257
2021-08-20,0.8142
2021-08-23,0.8524
2021-08-24,0.1496
2021-08-25,0.222
2021-08-26,-0.5825
2021-08-27,0.8808
2021-08-30,0.4307
2021-08-31,-0.1349
2021-09-01,0.0312
2021-09-02,0.2843
2021-09-03,-0.0335
2021-09-07,-0.3395
2021-09-08,-0.1319
2021-09-09,-0.4606
2021-09-10,-0.7723
2021-09-13,0.2277
2021-09-14,-0.5747
2021-09-15,0.8474
2021-09-16,-0.1551
2021-09-17,-0.9111
2021-09-20,-1.6977
2021-09-21,-0.0812
2021-09-22,0.952
2021-09-23,1.2135
2021-09-24,0.1461
2021-09-27,-0.2776
2021-09-28,-2.0364
2021-09-29,0.1569
2021-09-30,-1.191
2021-10-01,1.1491
2021-10-04,-1.2986
2021-10-05,1.0524
2021-10-06,0.4103
2021-10-07,0.8298
2021-10-08,-0.1914
2021-10-11,-0.6866
2021-10-12,-0.2417
2021-10-13,0.3023
2021-10-14,1.7063
2021-10-15,0.746
2021-10-18,0.3375
2021-10-19,0.7393
2021-10-20,0.3664
2021-10-21,0.2996
2021-10-22,-0.1073
2021-10-25,0.4748
2021-10-26,0.182
2021-10-27,-0.5052
2021-10-28,0.9829
2021-10-29,0.1949
2021-11-01,0.18
2021-11-02,0.368
2021-11-03,0.6461
2021-11-04,0.4182
2021-11-05,0.3733
2021-11-08,0.0888
2021-11-09,-0.3499
2021-11-10,-0.8226
2021-11-11,0.0551
2021-11-12,0.7223
2021-11-15,-0.0011
2021-11-16,0.3865
2021-11-17,-0.2602
2021-11-18,0.3385
2021-11-19,-0.1399
2021-11-22,-0.3197
2021-11-23,0.1657
2021-11-24,0.2294
2021-11-26,-2.2725
2021-11-29,1.32
2021-11-30,-1.8961
2021-12-01,-1.1815
2021-12-02,1.4194
2021-12-03,-0.8449
2021-12-06,1.1731
2021-12-07,2.0707
2021-12-08,0.3085
2021-12-09,-0.7181
2021-12-10,0.9549
2021-12-13,-0.9136
2021-12-14,-0.7471
2021-12-15,1.6348
2021-12-16,-0.8743
2021-12-17,-1.0288
2021-12-20,-1.1388
2021-12-21,1.7778
2021-12-22,1.018
2021-12-23,0.6224
2021-12-27,1.3839
2021-12-28,-0.101
2021-12-29,0.1402
2021-12-30,-0.299
2021-12-31,-0.2626
2022-01-03,0.6374
2022-01-04,-0.063
2022-01-05,-1.9393
2022-01-06,-0.0964
2022-01-07,-0.405
2022-01-10,-0.1441
2022-01-11,0.916
2022-01-12,0.2818
2022-01-13,-1.4244
2022-01-14,0.082
2022-01-18,-1.8388
2022-01-19,-0.969
2022-01-20,-1.1037
2022-01-21,-1.8915
2022-01-24,0.2772
2022-01-25,-1.2172
2022-01-26,-0.1497
2022-01-27,-0.5384
2022-01-28,2.4348
2022-01-31,1.8886
2022-02-01,0.6863
2022-02-02,0.9423
2022-02-03,-2.4391
2022-02-04,0.5157
2022-02-07,-0.3702
2022-02-08,0.8401
2022-02-09,1.4517
2022-02-10,-1.8116
2022-02-11,-1.8969
2022-02-14,-0.3841
2022-02-15,1.5767
2022-02-16,0.0881
2022-02-17,-2.1173
2022-02-18,-0.7166
2022-02-22,-1.0143
2022-02-23,-1.8412
2022-02-24,1.4957
2022-02-25,2.2373
2022-02-28,-0.2443
2022-03-01,-1.5473
2022-03-02,1.8643
2022-03-03,-0.5255
2022-03-04,-0.7934
2022-03-07,-2.9518
2022-03-08,-0.7234
2022-03-09,2.5698
2022-03-10,-0.4292
2022-03-11,-1.2962
2022-03-14,-0.7421
2022-03-15,2.1408
2022-03-16,2.2384
2022-03-17,1.2348
2022-03-18,1.1662
2022-03-21,-0.0435
2022-03-22,1.1304
2022-03-23,-1.2273
2022-03-24,1.4344
2022-03-25,0.5066
2022-03-28,0.7145
2022-03-29,1.2257
2022-03-30,-0.6294
2022-03-31,-1.5653
2022-04-01,0.341
2022-04-04,0.8091
2022-04-05,-1.2552
2022-04-06,-0.9717
2022-04-07,0.4253
2022-04-08,-0.2651
2022-04-11,-1.6877
2022-04-12,-0.3418
2022-04-13,1.1175
2022-04-14,-1.2144
2022-04-18,-0.0205
2022-04-19,1.6058
2022-04-20,-0.0619
2022-04-21,-1.4753
2022-04-22,-2.774
2022-04-25,0.5698
2022-04-26,-2.8146
2022-04-27,0.2098
2022-04-28,2.4747
2022-04-29,-3.6285
2022-05-02,0.5675
2022-05-03,0.4837
2022-05-04,2.9862
2022-05-05,-3.565
2022-05-06,-0.5674
2022-05-09,-3.2037
2022-05-10,0.2458
2022-05-11,-1.6463
2022-05-12,-0.1296
2022-05-13,2.387
2022-05-16,-0.3946
2022-05-17,2.017
2022-05-18,-4.0395
2022-05-19,-0.5834
2022-05-20,0.0146
2022-05-23,1.8555
2022-05-24,-0.8121
2022-05-25,0.9451
2022-05-26,1.9883
2022-05-27,2.4742
2022-05-31,-0.6274
2022-06-01,-0.7483
2022-06-02,1.8431
2022-06-03,-1.6347
2022-06-06,0.3137
2022-06-07,0.9523
2022-06-08,-1.0794
2022-06-09,-2.3799
2022-06-10,-2.911
2022-06-13,-3.8768
2022-06-14,-0.3774
2022-06-15,1.4593
2022-06-16,-3.2512
2022-06-17,0.2201
2022-06-21,2.4477
2022-06-22,-0.1302
2022-06-23,0.9532
2022-06-24,3.0563
2022-06-27,-0.2973
2022-06-28,-2.0143
2022-06-29,-0.0712
2022-06-30,-0.8759
2022-07-01,1.0554
2022-07-05,0.1584
2022-07-06,0.3573
2022-07-07,1.4965
2022-07-08,-0.083
2022-07-11,-1.1527
2022-07-12,-0.9244
2022-07-13,-0.4457
2022-07-14,-0.2999
2022-07-15,1.9201
2022-07-18,-0.8364
2022-07-19,2.7628
2022-07-20,0.5896
2022-07-21,0.9861
2022-07-22,-0.9332
2022-07-25,0.1315
2022-07-26,-1.1543
2022-07-27,2.6156
2022-07-28,1.2133
2022-07-29,1.4208
2022-08-01,-0.2823
2022-08-02,-0.6662
2022-08-03,1.5638
2022-08-04,-0.0777
2022-08-05,-0.1626
2022-08-08,-0.1238
2022-08-09,-0.4249
2022-08-10,2.1291
2022-08-11,-0.0705
2022-08-12,1.7322
2022-08-15,0.3969
2022-08-16,0.1876
2022-08-17,-0.7238
2022-08-18,0.227
2022-08-19,-1.29
2022-08-22,-2.14
2022-08-23,-0.2238
2022-08-24,0.2916
2022-08-25,1.4092
2022-08-26,-3.3688
2022-08-29,-0.6666
2022-08-30,-1.1028
2022-08-31,-0.7817
2022-09-01,0.2996
2022-09-02,-1.0736
2022-09-06,-0.4095
2022-09-07,1.8341
2022-09-08,0.6611
2022-09-09,1.5271
2022-09-12,1.0584
2022-09-13,-4.3237
2022-09-14,0.3387
2022-09-15,-1.1318
2022-09-16,-0.7182
2022-09-19,0.6857
2022-09-20,-1.1272
2022-09-21,-1.7116
2022-09-22,-0.8428
2022-09-23,-1.7233
2022-09-26,-1.0341
2022-09-27,-0.212
2022-09-28,1.9672
2022-09-29,-2.1126
2022-09-30,-1.5067
2022-10-03,2.5884
2022-10-04,3.0584
2022-10-05,-0.2018
2022-10-06,-1.0245
2022-10-07,-2.8004
2022-10-10,-0.7492
2022-10-11,-0.6519
2022-10-12,-0.3291
2022-10-13,2.5966
2022-10-14,-2.3663
2022-10-17,2.648
2022-10-18,1.1428
2022-10-19,-0.6672
2022-10-20,-0.7951
2022-10-21,2.3725
2022-10-24,1.1882
2022-10-25,1.6267
2022-10-26,-0.7388
2022-10-27,-0.6083
2022-10-28,2.4626
2022-10-31,-0.7454
2022-11-01,-0.4101
2022-11-02,-2.5002
2022-11-03,-1.0586
2022-11-04,1.3619
2022-11-07,0.9614
2022-11-08,0.5598
2022-11-09,-2.0778
2022-11-10,5.5434
2022-11-11,0.9241
2022-11-14,-0.8936
2022-11-15,0.8713
2022-11-16,-0.8252
2022-11-17,-0.3089
2022-11-18,0.4759
2022-11-21,-0.3884
2022-11-22,1.358
2022-11-23,0.5915
2022-11-25,-0.0283
2022-11-28,-1.5444
2022-11-29,-0.1592
2022-11-30,3.0948
2022-12-01,-0.0868
2022-12-02,-0.1195
2022-12-05,-1.7894
2022-12-06,-1.4399
2022-12-07,-0.1862
2022-12-08,0.7522
2022-12-09,-0.735
2022-12-12,1.4279
2022-12-13,0.729
2022-12-14,-0.6053
2022-12-15,-2.4922
2022-12-16,-1.1138
2022-12-19,-0.9007
2022-12-20,0.1037
2022-12-21,1.4868
2022-12-22,-1.4452
2022-12-23,0.5868
2022-12-27,-0.405
2022-12-28,-1.2021
2022-12-29,1.7461
2022-12-30,-0.2541
2023-01-03,-0.4001
2023-01-04,0.7539
2023-01-05,-1.1646
2023-01-06,2.2841
2023-01-09,-0.0768
2023-01-10,0.6978
2023-01-11,1.2849
2023-01-12,0.3416
2023-01-13,0.3997
2023-01-17,-0.203
2023-01-18,-1.5563
2023-01-19,-0.7638
2023-01-20,1.8918
2023-01-23,1.1881
2023-01-24,-0.0711
2023-01-25,-0.0182
2023-01-26,1.1008
2023-01-27,0.2495
2023-01-30,-1.2969
2023-01-31,1.4642
2023-02-01,1.0452
2023-02-02,1.4699
2023-02-03,-1.0355
2023-02-06,-0.614
2023-02-07,1.2873
2023-02-08,-1.1081
2023-02-09,-0.883
2023-02-10,0.2195
2023-02-13,1.1449
2023-02-14,-0.028
2023-02-15,0.2773
2023-02-16,-1.3789
2023-02-17,-0.2767
2023-02-21,-2.0041
2023-02-22,-0.1574
2023-02-23,0.5329
2023-02-24,-1.0538
2023-02-27,0.3073
2023-02-28,-0.3036
2023-03-01,-0.4725
2023-03-02,0.7582
2023-03-03,1.6148
2023-03-06,0.0687
2023-03-07,-1.5327
2023-03-08,0.1415
2023-03-09,-1.8459
2023-03-10,-1.4478
2023-03-13,-0.151
2023-03-14,1.6477
2023-03-15,-0.6981
2023-03-16,1.7562
2023-03-17,-1.1019
2023-03-20,0.8918
2023-03-21,1.2982
2023-03-22,-1.6463
2023-03-23,0.2985
2023-03-24,0.564
2023-03-27,0.1647
2023-03-28,-0.1574
2023-03-29,1.4237
2023-03-30,0.5715
2023-03-31,1.4437
2023-04-03,0.3699
2023-04-04,-0.5797
2023-04-05,-0.2492
2023-04-06,0.3579
2023-04-07,NaN
2023-04-10,NaN
2023-04-11,-0.0041
2023-04-12,-0.4135
2023-04-13,1.3263
2023-04-14,-0.2069
2023-04-17,0.3306
2023-04-18,0.0855
2023-04-19,-0.0084
2023-04-20,-0.5953
2023-04-21,0.0903
2023-04-24,0.0852
2023-04-25,-1.5811
2023-04-26,-0.3841
2023-04-27,1.9566
2023-04-28,0.8253
2023-05-01,-0.0386
2023-05-02,-1.1586
2023-05-03,-0.6998
2023-05-04,-0.7219
2023-05-05,1.8475
2023-05-08,0.0452
2023-05-09,-0.4579
2023-05-10,0.4484
2023-05-11,-0.1697
2023-05-12,-0.1583
2023-05-15,0.2958
2023-05-16,-0.6378
2023-05-17,1.1891
2023-05-18,0.9445
2023-05-19,-0.1446
2023-05-22,0.0155
2023-05-23,-1.1222
2023-05-24,-0.7319
2023-05-25,0.8758
2023-05-26,1.3049
2023-05-30,0.0017
2023-05-31,-0.6109
2023-06-01,0.9854
2023-06-02,1.4534
2023-06-05,-0.2004
2023-06-06,0.2354
2023-06-07,-0.3812
2023-06-08,0.6189
2023-06-09,0.1148
2023-06-12,0.9321
2023-06-13,0.6933
2023-06-14,0.0819
2023-06-15,1.2178
2023-06-16,-0.3672
2023-06-20,-0.4735
2023-06-21,-0.5245
2023-06-22,0.3711
2023-06-23,-0.7659
2023-06-26,-0.4487
2023-06-27,1.1456
2023-06-28,-0.0354
2023-06-29,0.4474
2023-06-30,1.2269
2023-07-03,0.1171
2023-07-05,-0.1968
2023-07-06,-0.7923
2023-07-07,-0.2865
2023-07-10,0.2405
2023-07-11,0.6742
2023-07-12,0.7411
2023-07-13,0.847
2023-07-14,-0.1024
2023-07-17,0.3855
2023-07-18,0.7117
2023-07-19,0.2358
2023-07-20,-0.6757
2023-07-21,0.0324
2023-07-24,0.4034
2023-07-25,0.2815
2023-07-26,-0.0155
2023-07-27,-0.6425
2023-07-28,0.9878
2023-07-31,0.1469
2023-08-01,-0.2665
2023-08-02,-1.384
2023-08-03,-0.2548
2023-08-04,-0.53
2023-08-07,0.9024
2023-08-08,-0.4218
2023-08-09,-0.7039
2023-08-10,0.0251
2023-08-11,-0.107
2023-08-14,0.575
2023-08-15,-1.1551
2023-08-16,-0.7555
2023-08-17,-0.7713
2023-08-18,-0.0149
2023-08-21,0.6879
2023-08-22,-0.2777
2023-08-23,1.1045
2023-08-24,-1.3458
2023-08-25,0.6718
2023-08-28,0.6265
2023-08-29,1.4508
2023-08-30,0.3833
2023-08-31,-0.1597
2023-09-01,0.1799
2023-09-05,-0.4194
2023-09-06,-0.6972
2023-09-07,-0.3211
2023-09-08,0.1427
2023-09-11,0.6724
2023-09-12,-0.5696
2023-09-13,0.1242
2023-09-14,0.843
2023-09-15,-1.216
2023-09-18,0.0721
2023-09-19,-0.2151
2023-09-20,-0.9395
2023-09-21,-1.6401
2023-09-22,-0.2296
2023-09-25,0.4023
2023-09-26,-1.4734
2023-09-27,0.0229
2023-09-28,0.5893
2023-09-29,-0.2709
2023-10-02,0.0079
2023-10-03,-1.3744
2023-10-04,0.811
2023-10-05,-0.1304
2023-10-06,1.1815
2023-10-09,0.6304
2023-10-10,0.5208
2023-10-11,0.4293
2023-10-12,-0.6246
2023-10-13,-0.5019
2023-10-16,1.0594
2023-10-17,-0.0098
2023-10-18,-1.34
2023-10-19,-0.8483
2023-10-20,-1.2585
2023-10-23,-0.1686
2023-10-24,0.7266
2023-10-25,-1.434
2023-10-26,-1.1833
2023-10-27,-0.48
2023-10-30,1.201
2023-10-31,0.6475
2023-11-01,1.0506
2023-11-02,1.8859
2023-11-03,0.9394
2023-11-06,0.1753
2023-11-07,0.284
2023-11-08,0.1005
2023-11-09,-0.8084
2023-11-10,1.5616
2023-11-13,-0.0836
2023-11-14,1.9075
2023-11-15,0.1597
2023-11-16,0.119
2023-11-17,0.1282
2023-11-20,0.739
2023-11-21,-0.2021
2023-11-22,0.4061
2023-11-24,0.0597
2023-11-27,-0.1954
2023-11-28,0.098
2023-11-29,-0.0946
2023-11-30,0.3784
2023-12-01,0.5874
2023-12-04,-0.5408
2023-12-05,-0.0569
2023-12-06,-0.3906
2023-12-07,0.7968
2023-12-08,0.4095
2023-12-11,0.3925
2023-12-12,0.4599
2023-12-13,1.3651
2023-12-14,0.2647
2023-12-15,-0.0076
2023-12-18,0.4528
2023-12-19,0.5866
2023-12-20,-1.4684
2023-12-21,1.0301
2023-12-22,0.166
2023-12-26,0.4232
2023-12-27,0.143
2023-12-28,0.037
2023-12-29,-0.2826
2024-01-02,-0.5661
2024-01-03,-0.8016
2024-01-04,-0.3428
2024-01-05,0.1826
2024-01-08,1.4115
2024-01-09,-0.1478
2024-01-10,0.5666
2024-01-11,-0.0671
2024-01-12,0.0751
2024-01-16,-0.3731
2024-01-17,-0.5617
2024-01-18,0.8805
2024-01-19,1.2313
2024-01-22,0.2194
2024-01-23,0.2921
2024-01-24,0.0812
2024-01-25,0.526
2024-01-26,-0.0652
2024-01-29,0.7557
2024-01-30,-0.0601
2024-01-31,-1.6106
2024-02-01,1.2494
2024-02-02,1.0684
2024-02-05,-0.3186
2024-02-06,0.231
2024-02-07,0.8241
2024-02-08,0.0571
2024-02-09,0.5742
2024-02-12,-0.0949
2024-02-13,-1.3674
2024-02-14,0.958
2024-02-15,0.5821
2024-02-16,-0.4803
2024-02-20,-0.6005
2024-02-21,0.1264
2024-02-22,2.1123
2024-02-23,0.0348
2024-02-26,-0.3787
2024-02-27,0.1706
2024-02-28,-0.1658
2024-02-29,0.5229
2024-03-01,0.8008
2024-03-04,-0.1193
2024-03-05,-1.0193
2024-03-06,0.5141
2024-03-07,1.0304
2024-03-08,-0.6529
2024-03-11,-0.1122
2024-03-12,1.1202
2024-03-13,-0.1925
2024-03-14,-0.2871
2024-03-15,-0.6483
2024-03-18,0.6318
2024-03-19,0.5649
2024-03-20,0.8904
2024-03-21,0.3237
2024-03-22,-0.1402
2024-03-25,-0.3055
2024-03-26,-0.28
2024-03-27,0.8631
2024-03-28,0.1117
2024-04-01,-0.2014
2024-04-02,-0.7239
2024-04-03,0.1091
2024-04-04,-1.2334
2024-04-05,1.1099
2024-04-08,-0.0375
2024-04-09,0.1445
2024-04-10,-0.9457
2024-04-11,0.7445
2024-04-12,-1.4551
2024-04-15,-1.2021
2024-04-16,-0.2057
2024-04-17,-0.5781
2024-04-18,-0.2208
2024-04-19,-0.8759
2024-04-22,0.8731
2024-04-23,1.1965
2024-04-24,0.0213
2024-04-25,-0.4576
2024-04-26,1.0209
2024-04-29,0.3178
2024-04-30,-1.5731
2024-05-01,-0.3435
2024-05-02,0.9128
2024-05-03,1.2557
2024-05-06,1.0326
2024-05-07,0.1343
2024-05-08,-0.0006
2024-05-09,0.5091
2024-05-10,0.1649
2024-05-13,-0.0241
2024-05-14,0.4838
2024-05-15,1.1716
2024-05-16,-0.2082
2024-05-17,0.1165
2024-05-20,0.0916
2024-05-21,0.2502
2024-05-22,-0.2706
2024-05-23,-0.7381
2024-05-24,0.7001
2024-05-28,0.0249
2024-05-29,-0.7367
2024-05-30,-0.5975
2024-05-31,0.8028
2024-06-03,0.1116
2024-06-04,0.1503
2024-06-05,1.1848
2024-06-06,-0.02
2024-06-07,-0.1115
2024-06-10,0.2581
2024-06-11,0.271
2024-06-12,0.8504
2024-06-13,0.2345
2024-06-14,-0.0394
2024-06-17,0.7664
2024-06-18,0.2521
2024-06-20,-0.2526
2024-06-21,-0.1562
2024-06-24,-0.3065
2024-06-25,0.3934
2024-06-26,0.1572
2024-06-27,0.0907
2024-06-28,-0.4084
2024-07-01,0.2676
2024-07-02,0.6195
2024-07-03,0.5084
2024-07-05,0.5449
2024-07-08,0.1017
2024-07-09,0.0741
2024-07-10,1.0208
2024-07-11,-0.8763
2024-07-12,0.5517
2024-07-15,0.2826
2024-07-16,0.6389
2024-07-17,-1.3928
2024-07-18,-0.7816
2024-07-19,-0.714
2024-07-22,1.0792
2024-07-23,-0.1558
2024-07-24,-2.3149
2024-07-25,-0.5143
2024-07-26,1.109
2024-07-29,0.0813
2024-07-30,-0.496
2024-07-31,1.5793
2024-08-01,-1.3694
2024-08-02,-1.8382
2024-08-05,-2.9969
2024-08-06,1.0354
2024-08-07,-0.7735
2024-08-08,2.3043
2024-08-09,0.4672
2024-08-12,0.0043
2024-08-13,1.6848
2024-08-14,0.3824
2024-08-15,1.6133
2024-08-16,0.199
2024-08-19,0.9722
2024-08-20,-0.1985
2024-08-21,0.424
2024-08-22,-0.8933
2024-08-23,1.1483
2024-08-26,-0.3154
2024-08-27,0.1595
2024-08-28,-0.5976
2024-08-29,-0.0039
2024-08-30,1.0093
2024-09-03,-2.1151
2024-09-04,-0.1602
2024-09-05,-0.3018
2024-09-06,-1.726
2024-09-09,1.158
2024-09-10,0.4473
2024-09-11,1.0665
2024-09-12,0.7495
2024-09-13,0.5408
2024-09-16,0.1257
2024-09-17,0.0265
2024-09-18,-0.2896
2024-09-19,1.6977
2024-09-20,-0.1941
2024-09-23,0.2809
2024-09-24,0.2511
2024-09-25,-0.1861
2024-09-26,0.4039
2024-09-27,-0.1253
2024-09-30,0.4237
2024-10-01,-0.9324
2024-10-02,0.0138
2024-10-03,-0.1681
2024-10-04,0.897
2024-10-07,-0.9586
2024-10-08,0.9689
2024-10-09,0.7113
2024-10-10,-0.207
2024-10-11,0.6052
2024-10-14,0.7708
2024-10-15,-0.7609
2024-10-16,0.4679
2024-10-17,-0.0171
2024-10-18,0.3972
2024-10-21,-0.1823
2024-10-22,-0.0475
2024-10-23,-0.9191
2024-10-24,0.2146
2024-10-25,-0.0299
2024-10-28,0.2651
2024-10-29,0.1614
2024-10-30,-0.33
2024-10-31,-1.8615
2024-11-01,0.4093
2024-11-04,-0.2812
2024-11-05,1.2266
2024-11-06,2.5296
2024-11-07,0.7431
2024-11-08,0.3757
2024-11-11,0.0969
2024-11-12,-0.2893
2024-11-13,0.0232
2024-11-14,-0.605
2024-11-15,-1.3204
2024-11-18,0.3918
2024-11-19,0.3964
2024-11-20,0.0022
2024-11-21,0.534
2024-11-22,0.3468
2024-11-25,0.302
2024-11-26,0.5722
2024-11-27,-0.3801
2024-11-29,0.5608
2024-12-02,0.2448
2024-12-03,0.0451
2024-12-04,0.6051
2024-12-05,-0.187
2024-12-06,0.2495
2024-12-09,-0.6144
2024-12-10,-0.2964
2024-12-11,0.8166
2024-12-12,-0.5414
2024-12-13,-0.0026
2024-12-16,0.3799
2024-12-17,-0.3864
2024-12-18,-2.9493
2024-12-19,-0.0865
2024-12-20,1.0869
2024-12-23,0.7287
2024-12-24,1.1043
2024-12-26,-0.0406
2024-12-27,-1.1056
2024-12-30,-1.0702
2024-12-31,-0.4285
