Date,Re
1979-01-02,0.635
1979-01-03,1.405
1979-01-04,1.285
1979-01-05,1.295
1979-01-08,-0.025
1979-01-09,0.755
1979-01-10,0.035
1979-01-11,0.395
1979-01-12,1.015
1979-01-15,0.375
1979-01-16,-0.565
1979-01-17,-0.185
1979-01-18,0.725
1979-01-19,0.485
1979-01-22,0.075
1979-01-23,0.555
1979-01-24,-0.235
1979-01-25,0.665
1979-01-26,0.625
1979-01-29,-0.035
1979-01-30,-0.025
1979-01-31,-0.605
1979-02-01,-0.058
1979-02-02,0.082
1979-02-05,-1.208
1979-02-06,-0.238
1979-02-07,-1.068
1979-02-08,0.552
1979-02-09,0.472
1979-02-12,-0.098
1979-02-13,0.752
1979-02-14,-0.008
1979-02-15,0.182
1979-02-16,0.532
1979-02-20,0.232
1979-02-21,0.062
1979-02-22,-0.198
1979-02-23,-0.218
1979-02-26,-0.088
1979-02-27,-1.838
1979-02-28,-0.268
1979-03-01,0.453
1979-03-02,0.283
1979-03-05,0.523
1979-03-06,-0.077
1979-03-07,0.593
1979-03-08,0.783
1979-03-09,0.243
1979-03-12,0.163
1979-03-13,0.503
1979-03-14,-0.007
1979-03-15,0.243
1979-03-16,0.563
1979-03-19,0.293
1979-03-20,-0.237
1979-03-21,0.533
1979-03-22,0.633
1979-03-23,0.423
1979-03-26,-0.327
1979-03-27,0.493
1979-03-28,-0.007
1979-03-29,0.373
1979-03-30,0.373
1979-04-02,-0.32
1979-04-03,0.83
1979-04-04,0.54
1979-04-05,0.55
1979-04-06,0.24
1979-04-09,-0.22
1979-04-10,0.14
1979-04-11,-0.35
1979-04-12,0.26
1979-04-16,-0.7
1979-04-17,-0.19
1979-04-18,0.61
1979-04-19,0.07
1979-04-20,0.21
1979-04-23,0.08
1979-04-24,0.41
1979-04-25,0.37
1979-04-26,-0.12
1979-04-27,-0.07
1979-04-30,-0.08
1979-05-01,-0.007
1979-05-02,0.063
1979-05-03,0.123
1979-05-04,-0.567
1979-05-07,-2.297
1979-05-08,-0.797
1979-05-09,0.493
1979-05-10,-0.457
1979-05-11,0.033
1979-05-14,-0.297
1979-05-15,-0.037
1979-05-16,-0.017
1979-05-17,0.803
1979-05-18,0.453
1979-05-21,0.223
1979-05-22,0.493
1979-05-23,0.063
1979-05-24,0.193
1979-05-25,0.383
1979-05-29,-0.027
1979-05-30,-0.677
1979-05-31,-0.187
1979-06-01,0.192
1979-06-04,0.212
1979-06-05,0.622
1979-06-06,0.372
1979-06-07,0.412
1979-06-08,0.462
1979-06-11,0.002
1979-06-12,0.542
1979-06-13,-0.008
1979-06-14,-0.148
1979-06-15,0.212
1979-06-18,-0.308
1979-06-19,0.082
1979-06-20,0.412
1979-06-21,0.452
1979-06-22,0.382
1979-06-25,-0.188
1979-06-26,-0.418
1979-06-27,0.532
1979-06-28,0.442
1979-06-29,0.032
1979-07-02,-0.626
1979-07-03,0.054
1979-07-05,0.424
1979-07-06,0.584
1979-07-09,0.354
1979-07-10,-0.196
1979-07-11,-0.196
1979-07-12,-0.116
1979-07-13,-0.206
1979-07-16,0.124
1979-07-17,-0.666
1979-07-18,-0.766
1979-07-19,0.334
1979-07-20,0.204
1979-07-23,-0.136
1979-07-24,0.154
1979-07-25,0.574
1979-07-26,0.294
1979-07-27,0.334
1979-07-30,0.074
1979-07-31,0.404
1979-08-01,0.367
1979-08-02,0.387
1979-08-03,0.117
1979-08-06,0.037
1979-08-07,0.517
1979-08-08,0.257
1979-08-09,-0.003
1979-08-10,0.497
1979-08-13,0.617
1979-08-14,0.217
1979-08-15,0.657
1979-08-16,-0.053
1979-08-17,0.317
1979-08-20,0.197
1979-08-21,0.187
1979-08-22,0.347
1979-08-23,0.197
1979-08-24,0.047
1979-08-27,0.387
1979-08-28,0.087
1979-08-29,0.267
1979-08-30,0.167
1979-08-31,0.557
1979-09-04,-1.033
1979-09-05,-1.883
1979-09-06,0.467
1979-09-07,0.537
1979-09-10,0.017
1979-09-11,-0.483
1979-09-12,0.357
1979-09-13,0.407
1979-09-14,0.677
1979-09-17,-0.013
1979-09-18,-0.573
1979-09-19,0.037
1979-09-20,0.327
1979-09-21,0.257
1979-09-24,-0.433
1979-09-25,-0.373
1979-09-26,0.347
1979-09-27,0.097
1979-09-28,-0.123
1979-10-01,-0.248
1979-10-02,0.372
1979-10-03,0.522
1979-10-04,0.602
1979-10-05,0.732
1979-10-08,-0.818
1979-10-09,-3.968
1979-10-10,-4.888
1979-10-11,0.652
1979-10-12,0.732
1979-10-15,-1.368
1979-10-16,-0.228
1979-10-17,0.432
1979-10-18,0.032
1979-10-19,-1.908
1979-10-22,-2.908
1979-10-23,-0.648
1979-10-24,0.112
1979-10-25,-0.208
1979-10-26,0.472
1979-10-29,0.132
1979-10-30,0.872
1979-10-31,0.052
1979-11-01,0.373
1979-11-02,0.533
1979-11-05,-0.417
1979-11-06,-0.187
1979-11-07,-1.147
1979-11-08,0.233
1979-11-09,0.943
1979-11-12,0.773
1979-11-13,-0.027
1979-11-14,0.173
1979-11-15,0.683
1979-11-16,-0.117
1979-11-19,0.303
1979-11-20,-0.157
1979-11-21,-0.357
1979-11-23,0.603
1979-11-26,1.373
1979-11-27,0.523
1979-11-28,0.783
1979-11-29,0.773
1979-11-30,0.343
1979-12-03,0.043
1979-12-04,0.543
1979-12-05,0.503
1979-12-06,0.833
1979-12-07,0.543
1979-12-10,0.333
1979-12-11,0.303
1979-12-12,0.433
1979-12-13,0.323
1979-12-14,0.893
1979-12-17,0.413
1979-12-18,-0.427
1979-12-19,0.033
1979-12-20,0.453
1979-12-21,0.113
1979-12-24,0.153
1979-12-26,0.203
1979-12-27,0.263
1979-12-28,0.543
1979-12-31,0.593
1980-01-02,-1.266
1980-01-03,-1.446
1980-01-04,1.784
1980-01-07,0.774
1980-01-08,1.434
1980-01-09,0.664
1980-01-10,1.304
1980-01-11,0.614
1980-01-14,1.134
1980-01-15,0.644
1980-01-16,0.634
1980-01-17,0.344
1980-01-18,0.454
1980-01-21,0.734
1980-01-22,-0.766
1980-01-23,0.634
1980-01-24,0.644
1980-01-25,0.534
1980-01-28,0.954
1980-01-29,-0.346
1980-01-30,0.694
1980-01-31,0.044
1980-02-01,0.256
1980-02-04,0.026
1980-02-05,0.166
1980-02-06,0.506
1980-02-07,0.636
1980-02-08,0.826
1980-02-11,-0.404
1980-02-12,0.076
1980-02-13,0.126
1980-02-14,-1.034
1980-02-15,-0.674
1980-02-19,-0.634
1980-02-20,0.536
1980-02-21,-0.444
1980-02-22,-0.524
1980-02-25,-1.024
1980-02-26,0.196
1980-02-27,-0.164
1980-02-28,0.006
1980-02-29,0.266
1980-03-03,-0.697
1980-03-04,-0.977
1980-03-05,-1.497
1980-03-06,-2.907
1980-03-07,-1.727
1980-03-10,-2.237
1980-03-11,0.423
1980-03-12,-0.137
1980-03-13,-0.297
1980-03-14,-0.297
1980-03-17,-2.957
1980-03-18,-1.237
1980-03-19,0.873
1980-03-20,-0.377
1980-03-21,-0.337
1980-03-24,-3.037
1980-03-25,-2.257
1980-03-26,-0.567
1980-03-27,-7.097
1980-03-28,4.113
1980-03-31,1.333
1980-04-01,0.791
1980-04-02,1.151
1980-04-03,-0.029
1980-04-07,-1.899
1980-04-08,0.121
1980-04-09,0.911
1980-04-10,1.081
1980-04-11,0.631
1980-04-14,-0.659
1980-04-15,-0.259
1980-04-16,-0.639
1980-04-17,-0.949
1980-04-18,0.011
1980-04-21,-1.119
1980-04-22,2.111
1980-04-23,0.881
1980-04-24,1.021
1980-04-25,-0.329
1980-04-28,0.361
1980-04-29,0.491
1980-04-30,0.351
1980-05-01,-0.208
1980-05-02,0.222
1980-05-05,0.332
1980-05-06,0.382
1980-05-07,0.862
1980-05-08,-0.098
1980-05-09,-0.158
1980-05-12,-0.078
1980-05-13,0.492
1980-05-14,0.622
1980-05-15,0.442
1980-05-16,0.342
1980-05-19,0.292
1980-05-20,0.142
1980-05-21,0.052
1980-05-22,0.712
1980-05-23,0.922
1980-05-27,0.332
1980-05-28,0.272
1980-05-29,-0.488
1980-05-30,0.122
1980-06-02,-0.119
1980-06-03,-0.159
1980-06-04,0.781
1980-06-05,0.331
1980-06-06,0.351
1980-06-09,0.181
1980-06-10,0.181
1980-06-11,0.491
1980-06-12,-0.199
1980-06-13,0.561
1980-06-16,0.141
1980-06-17,0.191
1980-06-18,0.061
1980-06-19,-0.269
1980-06-20,-0.019
1980-06-23,0.391
1980-06-24,0.481
1980-06-25,0.771
1980-06-26,0.051
1980-06-27,0.361
1980-06-30,-0.759
1980-07-01,0.076
1980-07-02,0.466
1980-07-03,0.886
1980-07-07,0.376
1980-07-08,-0.014
1980-07-09,0.476
1980-07-10,-0.094
1980-07-11,0.546
1980-07-14,1.126
1980-07-15,0.276
1980-07-16,0.486
1980-07-17,0.946
1980-07-18,0.656
1980-07-21,0.476
1980-07-22,-0.304
1980-07-23,0.056
1980-07-24,0.286
1980-07-25,-0.084
1980-07-28,0.186
1980-07-29,0.606
1980-07-30,0.886
1980-07-31,-0.134
1980-08-01,0.48
1980-08-04,-0.08
1980-08-05,0.26
1980-08-06,0.61
1980-08-07,0.86
1980-08-08,0.34
1980-08-11,0.57
1980-08-12,-0.4
1980-08-13,0.17
1980-08-14,1.26
1980-08-15,0.67
1980-08-18,-1.01
1980-08-19,-0.34
1980-08-20,0.69
1980-08-21,1.43
1980-08-22,0.9
1980-08-25,0.24
1980-08-26,0.47
1980-08-27,0.08
1980-08-28,-0.4
1980-08-29,0.61
1980-09-02,0.764
1980-09-03,1.134
1980-09-04,0.084
1980-09-05,0.424
1980-09-08,-0.396
1980-09-09,0.264
1980-09-10,0.984
1980-09-11,0.914
1980-09-12,0.704
1980-09-15,0.364
1980-09-16,0.844
1980-09-17,1.084
1980-09-18,-0.016
1980-09-19,0.954
1980-09-22,0.114
1980-09-23,-0.966
1980-09-24,-0.026
1980-09-25,-0.256
1980-09-26,-1.736
1980-09-29,-2.716
1980-09-30,1.254
1980-10-01,0.519
1980-10-02,0.689
1980-10-03,1.179
1980-10-06,1.119
1980-10-07,0.109
1980-10-08,0.759
1980-10-09,0.249
1980-10-10,0.299
1980-10-13,0.859
1980-10-14,0.189
1980-10-15,0.489
1980-10-16,-0.731
1980-10-17,-0.041
1980-10-20,0.129
1980-10-21,-0.331
1980-10-22,0.679
1980-10-23,-0.811
1980-10-24,0.599
1980-10-27,-0.601
1980-10-28,-0.301
1980-10-29,0.379
1980-10-30,-0.551
1980-10-31,0.199
1980-11-03,0.337
1980-11-05,1.027
1980-11-06,-1.073
1980-11-07,-0.263
1980-11-10,-0.123
1980-11-11,0.817
1980-11-12,1.247
1980-11-13,1.047
1980-11-14,0.747
1980-11-17,0.027
1980-11-18,0.597
1980-11-19,0.307
1980-11-20,0.567
1980-11-21,-0.333
1980-11-24,-0.643
1980-11-25,0.727
1980-11-26,0.597
1980-11-28,0.747
1980-12-01,-1.219
1980-12-02,-0.639
1980-12-03,0.601
1980-12-04,0.561
1980-12-05,-1.349
1980-12-08,-3.379
1980-12-09,-0.939
1980-12-10,-0.929
1980-12-11,-2.999
1980-12-12,0.971
1980-12-15,0.211
1980-12-16,-0.249
1980-12-17,0.861
1980-12-18,0.541
1980-12-19,0.651
1980-12-22,0.631
1980-12-23,-0.059
1980-12-24,0.261
1980-12-26,0.371
1980-12-29,-0.619
1980-12-30,0.101
1980-12-31,1.001
1981-01-02,0.981
1981-01-05,0.911
1981-01-06,0.401
1981-01-07,-4.309
1981-01-08,-0.739
1981-01-09,1.041
1981-01-12,0.391
1981-01-13,-0.009
1981-01-14,0.681
1981-01-15,0.371
1981-01-16,0.661
1981-01-19,0.141
1981-01-20,-1.269
1981-01-21,-0.339
1981-01-22,-0.569
1981-01-23,0.311
1981-01-26,-0.419
1981-01-27,0.411
1981-01-28,0.021
1981-01-29,0.211
1981-01-30,0.121
1981-02-02,-2.266
1981-02-03,-0.286
1981-02-04,0.374
1981-02-05,0.694
1981-02-06,0.724
1981-02-09,-0.236
1981-02-10,-0.156
1981-02-11,-0.206
1981-02-12,-0.386
1981-02-13,-0.226
1981-02-17,-0.076
1981-02-18,0.034
1981-02-19,-1.046
1981-02-20,-0.346
1981-02-23,0.084
1981-02-24,0.304
1981-02-25,-0.326
1981-02-26,1.004
1981-02-27,0.734
1981-03-02,0.405
1981-03-03,-0.185
1981-03-04,0.135
1981-03-05,0.105
1981-03-06,0.335
1981-03-09,0.545
1981-03-10,-0.455
1981-03-11,-0.385
1981-03-12,0.965
1981-03-13,0.515
1981-03-16,0.545
1981-03-17,-0.175
1981-03-18,0.265
1981-03-19,0.365
1981-03-20,0.835
1981-03-23,0.305
1981-03-24,-0.055
1981-03-25,1.015
1981-03-26,0.175
1981-03-27,-0.155
1981-03-30,-0.015
1981-03-31,0.805
1981-04-01,0.379
1981-04-02,0.149
1981-04-03,0.389
1981-04-06,-0.561
1981-04-07,0.299
1981-04-08,0.579
1981-04-09,0.479
1981-04-10,0.419
1981-04-13,-0.481
1981-04-14,-0.301
1981-04-15,0.599
1981-04-16,0.799
1981-04-20,0.259
1981-04-21,-0.471
1981-04-22,0.209
1981-04-23,0.419
1981-04-24,0.509
1981-04-27,0.099
1981-04-28,-0.921
1981-04-29,-0.701
1981-04-30,0.219
1981-05-01,-0.147
1981-05-04,-1.577
1981-05-05,-0.677
1981-05-06,0.283
1981-05-07,0.493
1981-05-08,0.563
1981-05-11,-1.027
1981-05-12,0.043
1981-05-13,0.263
1981-05-14,0.403
1981-05-15,0.603
1981-05-18,0.193
1981-05-19,-0.417
1981-05-20,0.343
1981-05-21,0.203
1981-05-22,0.463
1981-05-26,0.483
1981-05-27,0.653
1981-05-28,0.623
1981-05-29,0.453
1981-06-01,0.259
1981-06-02,-1.191
1981-06-03,-0.171
1981-06-04,0.309
1981-06-05,0.599
1981-06-08,-0.221
1981-06-09,-0.431
1981-06-10,0.219
1981-06-11,0.889
1981-06-12,0.249
1981-06-15,0.049
1981-06-16,-0.961
1981-06-17,-0.031
1981-06-18,-0.631
1981-06-19,0.229
1981-06-22,-0.311
1981-06-23,0.169
1981-06-24,-0.171
1981-06-25,0.039
1981-06-26,0.009
1981-06-29,-0.671
1981-06-30,-1.041
1981-07-01,-0.816
1981-07-02,-0.766
1981-07-06,-1.576
1981-07-07,-0.666
1981-07-08,-0.136
1981-07-09,0.704
1981-07-10,0.604
1981-07-13,0.114
1981-07-14,-0.546
1981-07-15,0.354
1981-07-16,0.284
1981-07-17,0.424
1981-07-20,-1.396
1981-07-21,-1.146
1981-07-22,-0.336
1981-07-23,-0.416
1981-07-24,0.404
1981-07-27,0.444
1981-07-28,-0.276
1981-07-29,0.184
1981-07-30,0.364
1981-07-31,0.544
1981-08-03,-0.441
1981-08-04,-0.301
1981-08-05,0.259
1981-08-06,0.129
1981-08-07,-0.011
1981-08-10,-0.361
1981-08-11,0.099
1981-08-12,0.089
1981-08-13,-0.071
1981-08-14,-0.191
1981-08-17,-0.931
1981-08-18,-1.401
1981-08-19,-0.101
1981-08-20,-0.031
1981-08-21,-0.511
1981-08-24,-2.641
1981-08-25,-1.871
1981-08-26,-0.221
1981-08-27,-0.781
1981-08-28,0.149
1981-08-31,-0.811
1981-09-01,-0.819
1981-09-02,0.091
1981-09-03,-1.569
1981-09-04,-1.259
1981-09-08,-2.659
1981-09-09,-0.429
1981-09-10,1.081
1981-09-11,1.221
1981-09-14,-0.029
1981-09-15,-0.099
1981-09-16,-0.939
1981-09-17,-1.159
1981-09-18,-0.989
1981-09-21,-0.379
1981-09-22,-0.399
1981-09-23,-2.289
1981-09-24,-0.079
1981-09-25,-3.269
1981-09-28,-0.889
1981-09-29,2.121
1981-09-30,0.861
1981-10-01,0.826
1981-10-02,1.706
1981-10-05,0.666
1981-10-06,0.156
1981-10-07,1.316
1981-10-08,1.116
1981-10-09,0.376
1981-10-12,0.116
1981-10-13,0.116
1981-10-14,-1.114
1981-10-15,0.076
1981-10-16,0.146
1981-10-19,-0.494
1981-10-20,0.286
1981-10-21,0.266
1981-10-22,-0.324
1981-10-23,-0.384
1981-10-26,-0.584
1981-10-27,0.556
1981-10-28,0.366
1981-10-29,-0.144
1981-10-30,0.976
1981-11-02,0.867
1981-11-03,0.377
1981-11-04,0.157
1981-11-05,-0.023
1981-11-06,0.057
1981-11-09,-0.293
1981-11-10,-0.163
1981-11-11,0.027
1981-11-12,0.297
1981-11-13,-0.313
1981-11-16,-1.293
1981-11-17,-0.253
1981-11-18,-0.113
1981-11-19,-0.423
1981-11-20,0.567
1981-11-23,-0.143
1981-11-24,0.207
1981-11-25,0.387
1981-11-27,0.197
1981-11-30,0.027
1981-12-01,-0.32
1981-12-02,-0.4
1981-12-03,-0.08
1981-12-04,0.45
1981-12-07,-0.64
1981-12-08,-1.06
1981-12-09,0.04
1981-12-10,0.14
1981-12-11,0.07
1981-12-14,-1.34
1981-12-15,-0.25
1981-12-16,0.03
1981-12-17,0.24
1981-12-18,0.52
1981-12-21,-0.31
1981-12-22,-0.29
1981-12-23,-0.02
1981-12-24,0.35
1981-12-28,-0.41
1981-12-29,-0.6
1981-12-30,0.11
1981-12-31,0.74
1982-01-04,0.2
1982-01-05,-1.13
1982-01-06,-0.55
1982-01-07,0.3
1982-01-08,0.69
1982-01-11,-1.12
1982-01-12,-0.87
1982-01-13,-0.59
1982-01-14,-0.07
1982-01-15,0.46
1982-01-18,-0.02
1982-01-19,-0.24
1982-01-20,-0.11
1982-01-21,0.27
1982-01-22,0.07
1982-01-25,-0.96
1982-01-26,-0.16
1982-01-27,-0.17
1982-01-28,1.19
1982-01-29,0.81
1982-02-01,-0.808
1982-02-02,0.192
1982-02-03,-0.078
1982-02-04,-0.168
1982-02-05,0.652
1982-02-08,-1.598
1982-02-09,-1.178
1982-02-10,0.112
1982-02-11,-0.248
1982-02-12,0.172
1982-02-16,-0.868
1982-02-17,-0.028
1982-02-18,-0.208
1982-02-19,-0.378
1982-02-22,-0.708
1982-02-23,-0.908
1982-02-24,0.272
1982-02-25,0.472
1982-02-26,-0.088
1982-03-01,0.128
1982-03-02,-0.102
1982-03-03,-1.122
1982-03-04,-1.122
1982-03-05,-1.192
1982-03-08,-1.502
1982-03-09,-0.932
1982-03-10,0.328
1982-03-11,0.058
1982-03-12,-0.552
1982-03-15,-0.152
1982-03-16,0.278
1982-03-17,-0.052
1982-03-18,0.908
1982-03-19,0.768
1982-03-22,1.068
1982-03-23,0.608
1982-03-24,-0.022
1982-03-25,0.558
1982-03-26,-0.082
1982-03-29,0.038
1982-03-30,-0.022
1982-03-31,0.088
1982-04-01,0.597
1982-04-02,0.477
1982-04-05,-0.113
1982-04-06,0.067
1982-04-07,0.297
1982-04-08,0.367
1982-04-12,-0.143
1982-04-13,0.017
1982-04-14,0.007
1982-04-15,0.307
1982-04-16,0.437
1982-04-19,0.107
1982-04-20,-0.223
1982-04-21,0.267
1982-04-22,0.587
1982-04-23,0.537
1982-04-26,0.227
1982-04-27,-0.343
1982-04-28,-0.133
1982-04-29,-0.203
1982-04-30,0.287
1982-05-03,-0.083
1982-05-04,0.447
1982-05-05,0.037
1982-05-06,0.617
1982-05-07,0.547
1982-05-10,-0.333
1982-05-11,0.197
1982-05-12,-0.143
1982-05-13,0.067
1982-05-14,0.227
1982-05-17,-0.563
1982-05-18,-0.633
1982-05-19,-0.553
1982-05-20,-0.693
1982-05-21,-0.173
1982-05-24,-0.353
1982-05-25,-0.153
1982-05-26,-1.053
1982-05-27,-0.333
1982-05-28,0.047
1982-06-01,-0.423
1982-06-02,-0.063
1982-06-03,-0.223
1982-06-04,-0.893
1982-06-07,-0.663
1982-06-08,-0.353
1982-06-09,-0.943
1982-06-10,-0.023
1982-06-11,0.927
1982-06-14,-0.533
1982-06-15,-0.503
1982-06-16,-0.083
1982-06-17,-0.683
1982-06-18,-0.433
1982-06-21,-0.043
1982-06-22,0.277
1982-06-23,0.807
1982-06-24,0.217
1982-06-25,0.037
1982-06-28,0.117
1982-06-29,-0.413
1982-06-30,0.317
1982-07-01,-0.35
1982-07-02,-0.19
1982-07-06,-0.41
1982-07-07,-0.26
1982-07-08,-0.47
1982-07-09,0.71
1982-07-12,0.25
1982-07-13,-0.15
1982-07-14,-0.26
1982-07-15,0.05
1982-07-16,0.24
1982-07-19,-0.04
1982-07-20,0.0
1982-07-21,0.33
1982-07-22,0.06
1982-07-23,0.2
1982-07-26,-0.43
1982-07-27,-0.26
1982-07-28,-1.16
1982-07-29,-0.65
1982-07-30,-0.07
1982-08-02,0.275
1982-08-03,-0.245
1982-08-04,-0.825
1982-08-05,-0.875
1982-08-06,-0.635
1982-08-09,-1.805
1982-08-10,-0.305
1982-08-11,-0.775
1982-08-12,-0.325
1982-08-13,-0.075
1982-08-16,0.335
1982-08-17,1.185
1982-08-18,1.165
1982-08-19,-0.015
1982-08-20,1.045
1982-08-23,1.105
1982-08-24,0.675
1982-08-25,1.445
1982-08-26,1.675
1982-08-27,0.095
1982-08-30,-0.085
1982-08-31,0.735
1982-09-01,-0.424
1982-09-02,0.796
1982-09-03,0.886
1982-09-07,-0.384
1982-09-08,0.426
1982-09-09,0.446
1982-09-10,-0.094
1982-09-13,0.086
1982-09-14,0.426
1982-09-15,0.426
1982-09-16,0.316
1982-09-17,0.026
1982-09-20,-0.284
1982-09-21,0.876
1982-09-22,0.296
1982-09-23,-0.174
1982-09-24,0.306
1982-09-27,-0.084
1982-09-28,0.046
1982-09-29,-0.844
1982-09-30,-0.484
1982-10-01,0.542
1982-10-04,-0.428
1982-10-05,0.332
1982-10-06,1.162
1982-10-07,1.252
1982-10-08,0.902
1982-10-11,1.222
1982-10-12,-0.178
1982-10-13,1.972
1982-10-14,0.592
1982-10-15,0.562
1982-10-18,1.092
1982-10-19,0.122
1982-10-20,1.322
1982-10-21,0.492
1982-10-22,1.212
1982-10-25,-1.768
1982-10-26,-0.778
1982-10-27,1.262
1982-10-28,0.242
1982-10-29,0.512
1982-11-01,0.83
1982-11-02,1.34
1982-11-03,2.21
1982-11-04,0.71
1982-11-05,1.02
1982-11-08,0.36
1982-11-09,1.91
1982-11-10,0.29
1982-11-11,0.84
1982-11-12,0.98
1982-11-15,-1.52
1982-11-16,-2.0
1982-11-17,1.26
1982-11-18,0.98
1982-11-19,0.2
1982-11-22,-1.24
1982-11-23,-0.47
1982-11-24,0.66
1982-11-26,0.82
1982-11-29,0.02
1982-11-30,1.37
1982-12-01,1.119
1982-12-02,0.499
1982-12-03,0.349
1982-12-06,0.729
1982-12-07,0.529
1982-12-08,0.329
1982-12-09,-0.811
1982-12-10,-1.031
1982-12-13,-0.121
1982-12-14,-0.811
1982-12-15,-2.091
1982-12-16,-0.531
1982-12-17,1.159
1982-12-20,-0.311
1982-12-21,0.469
1982-12-22,0.389
1982-12-23,0.619
1982-12-27,0.349
1982-12-28,-0.391
1982-12-29,0.049
1982-12-30,-0.031
1982-12-31,0.869
1983-01-03,-0.393
1983-01-04,0.787
1983-01-05,1.017
1983-01-06,2.167
1983-01-07,1.017
1983-01-10,1.197
1983-01-11,0.177
1983-01-12,0.937
1983-01-13,0.197
1983-01-14,1.177
1983-01-17,0.777
1983-01-18,0.297
1983-01-19,-0.363
1983-01-20,0.417
1983-01-21,-0.653
1983-01-24,-3.243
1983-01-25,0.837
1983-01-26,1.097
1983-01-27,1.677
1983-01-28,0.607
1983-01-31,0.637
1983-02-01,-0.162
1983-02-02,0.168
1983-02-03,0.518
1983-02-04,0.918
1983-02-07,0.498
1983-02-08,-0.192
1983-02-09,0.318
1983-02-10,1.218
1983-02-11,0.288
1983-02-14,0.808
1983-02-15,-0.052
1983-02-16,0.158
1983-02-17,-0.002
1983-02-18,0.958
1983-02-22,-1.022
1983-02-23,0.028
1983-02-24,0.908
1983-02-25,-0.132
1983-02-28,-0.632
1983-03-01,0.603
1983-03-02,0.653
1983-03-03,0.783
1983-03-04,0.423
1983-03-07,0.343
1983-03-08,-0.807
1983-03-09,0.723
1983-03-10,0.223
1983-03-11,-0.007
1983-03-14,-0.457
1983-03-15,-0.267
1983-03-16,-0.027
1983-03-17,-0.207
1983-03-18,0.593
1983-03-21,0.363
1983-03-22,0.553
1983-03-23,1.023
1983-03-24,0.533
1983-03-25,0.083
1983-03-28,-0.587
1983-03-29,-0.217
1983-03-30,0.373
1983-03-31,0.073
1983-04-04,-0.586
1983-04-05,-0.036
1983-04-06,-0.876
1983-04-07,0.194
1983-04-08,0.744
1983-04-11,0.944
1983-04-12,0.504
1983-04-13,0.864
1983-04-14,1.154
1983-04-15,0.774
1983-04-18,0.514
1983-04-19,-0.226
1983-04-20,0.864
1983-04-21,0.294
1983-04-22,0.484
1983-04-25,-0.716
1983-04-26,0.714
1983-04-27,0.034
1983-04-28,0.604
1983-04-29,0.724
1983-05-02,-0.603
1983-05-03,0.007
1983-05-04,1.077
1983-05-05,1.407
1983-05-06,1.447
1983-05-09,0.567
1983-05-10,0.827
1983-05-11,-0.133
1983-05-12,0.247
1983-05-13,1.227
1983-05-16,-1.193
1983-05-17,0.757
1983-05-18,0.687
1983-05-19,-0.033
1983-05-20,0.077
1983-05-23,0.227
1983-05-24,1.507
1983-05-25,0.737
1983-05-26,0.707
1983-05-27,0.457
1983-05-31,-0.723
1983-06-01,-0.41
1983-06-02,0.82
1983-06-03,1.21
1983-06-06,0.51
1983-06-07,-0.23
1983-06-08,-0.93
1983-06-09,0.24
1983-06-10,1.04
1983-06-13,0.94
1983-06-14,0.46
1983-06-15,0.53
1983-06-16,0.8
1983-06-17,0.05
1983-06-20,-0.09
1983-06-21,0.42
1983-06-22,0.52
1983-06-23,-0.04
1983-06-24,0.64
1983-06-27,-1.26
1983-06-28,-2.42
1983-06-29,0.15
1983-06-30,1.02
1983-07-01,0.883
1983-07-05,-0.947
1983-07-06,0.733
1983-07-07,0.243
1983-07-08,0.193
1983-07-11,0.163
1983-07-12,-1.277
1983-07-13,-0.597
1983-07-14,0.373
1983-07-15,-0.517
1983-07-18,-0.757
1983-07-19,0.213
1983-07-20,1.133
1983-07-21,0.283
1983-07-22,0.313
1983-07-25,0.063
1983-07-26,0.243
1983-07-27,-1.177
1983-07-28,-1.167
1983-07-29,-1.567
1983-08-01,-1.053
1983-08-02,-0.303
1983-08-03,-0.173
1983-08-04,-1.273
1983-08-05,0.257
1983-08-08,-1.383
1983-08-09,-0.733
1983-08-10,0.437
1983-08-11,0.157
1983-08-12,0.627
1983-08-15,0.377
1983-08-16,-0.493
1983-08-17,0.307
1983-08-18,0.017
1983-08-19,-0.023
1983-08-22,-0.073
1983-08-23,-0.723
1983-08-24,-0.643
1983-08-25,-0.583
1983-08-26,-0.023
1983-08-29,-0.443
1983-08-30,0.057
1983-08-31,0.267
1983-09-01,0.044
1983-09-02,0.574
1983-09-06,0.624
1983-09-07,0.184
1983-09-08,0.214
1983-09-09,0.104
1983-09-12,-0.436
1983-09-13,-0.836
1983-09-14,-0.046
1983-09-15,-0.286
1983-09-16,0.154
1983-09-19,-0.096
1983-09-20,1.154
1983-09-21,-0.116
1983-09-22,0.154
1983-09-23,-0.076
1983-09-26,0.084
1983-09-27,-0.876
1983-09-28,-0.336
1983-09-29,-0.176
1983-09-30,-0.476
1983-10-03,-0.646
1983-10-04,-0.066
1983-10-05,0.154
1983-10-06,0.244
1983-10-07,0.404
1983-10-10,-0.016
1983-10-11,-0.496
1983-10-12,-0.726
1983-10-13,-0.406
1983-10-14,0.004
1983-10-17,-0.196
1983-10-18,-1.346
1983-10-19,-1.276
1983-10-20,0.044
1983-10-21,-0.286
1983-10-24,-0.746
1983-10-25,0.104
1983-10-26,-0.346
1983-10-27,-0.346
1983-10-28,-0.366
1983-10-31,-0.496
1983-11-01,-0.803
1983-11-02,0.247
1983-11-03,-0.123
1983-11-04,-0.333
1983-11-07,-0.463
1983-11-08,-0.543
1983-11-09,0.117
1983-11-10,0.377
1983-11-11,0.707
1983-11-14,0.597
1983-11-15,0.037
1983-11-16,0.067
1983-11-17,0.277
1983-11-18,0.177
1983-11-21,0.267
1983-11-22,0.267
1983-11-23,0.117
1983-11-25,0.297
1983-11-28,-0.133
1983-11-29,0.507
1983-11-30,0.117
1983-12-01,-0.064
1983-12-02,-0.234
1983-12-05,-0.434
1983-12-06,-0.214
1983-12-07,-0.024
1983-12-08,-0.394
1983-12-09,-0.094
1983-12-12,-0.324
1983-12-13,-0.284
1983-12-14,-0.534
1983-12-15,-0.444
1983-12-16,0.036
1983-12-19,-0.144
1983-12-20,-0.384
1983-12-21,0.016
1983-12-22,0.116
1983-12-23,0.176
1983-12-27,-0.094
1983-12-28,-0.254
1983-12-29,0.066
1983-12-30,0.606
1984-01-03,0.024
1984-01-04,0.944
1984-01-05,1.134
1984-01-06,0.944
1984-01-09,0.144
1984-01-10,0.044
1984-01-11,0.104
1984-01-12,0.194
1984-01-13,-0.136
1984-01-16,-0.226
1984-01-17,0.104
1984-01-18,0.144
1984-01-19,-0.086
1984-01-20,-0.196
1984-01-23,-0.866
1984-01-24,-0.256
1984-01-25,-0.136
1984-01-26,-0.176
1984-01-27,-0.356
1984-01-30,-0.906
1984-01-31,-0.456
1984-02-01,-0.556
1984-02-02,-0.066
1984-02-03,-0.656
1984-02-06,-1.596
1984-02-07,-0.836
1984-02-08,-0.936
1984-02-09,-1.206
1984-02-10,0.404
1984-02-13,-1.096
1984-02-14,0.104
1984-02-15,-0.056
1984-02-16,-0.286
1984-02-17,0.064
1984-02-21,-0.506
1984-02-22,-0.196
1984-02-23,-0.546
1984-02-24,1.134
1984-02-27,0.574
1984-02-28,-0.436
1984-02-29,0.364
1984-03-01,0.387
1984-03-02,0.697
1984-03-05,-0.063
1984-03-06,-0.393
1984-03-07,-0.693
1984-03-08,0.117
1984-03-09,-0.113
1984-03-12,0.017
1984-03-13,0.197
1984-03-14,-0.123
1984-03-15,0.067
1984-03-16,0.567
1984-03-19,-0.563
1984-03-20,0.177
1984-03-21,0.017
1984-03-22,-0.403
1984-03-23,-0.163
1984-03-26,-0.323
1984-03-27,-0.133
1984-03-28,0.267
1984-03-29,0.087
1984-03-30,0.107
1984-04-02,-0.361
1984-04-03,-0.431
1984-04-04,-0.191
1984-04-05,-0.831
1984-04-06,-0.561
1984-04-09,-0.631
1984-04-10,0.009
1984-04-11,-0.281
1984-04-12,-0.061
1984-04-13,0.219
1984-04-16,-0.021
1984-04-17,0.129
1984-04-18,-0.141
1984-04-19,-0.071
1984-04-23,-0.341
1984-04-24,0.019
1984-04-25,0.049
1984-04-26,0.289
1984-04-27,0.049
1984-04-30,-0.121
1984-05-01,0.345
1984-05-02,0.465
1984-05-03,0.115
1984-05-04,-0.245
1984-05-07,-0.215
1984-05-08,0.095
1984-05-09,-0.175
1984-05-10,-0.005
1984-05-11,-0.425
1984-05-14,-0.515
1984-05-15,-0.145
1984-05-16,-0.075
1984-05-17,-0.595
1984-05-18,-0.495
1984-05-21,-0.515
1984-05-22,-0.855
1984-05-23,-0.455
1984-05-24,-1.155
1984-05-25,-0.105
1984-05-29,-0.695
1984-05-30,-0.465
1984-05-31,0.055
1984-06-01,0.614
1984-06-04,0.584
1984-06-05,-0.186
1984-06-06,0.344
1984-06-07,0.174
1984-06-08,0.164
1984-06-11,-0.686
1984-06-12,-0.436
1984-06-13,-0.016
1984-06-14,-0.476
1984-06-15,-0.146
1984-06-18,0.164
1984-06-19,0.124
1984-06-20,-0.116
1984-06-21,0.154
1984-06-22,0.284
1984-06-25,-0.076
1984-06-26,-0.416
1984-06-27,-0.556
1984-06-28,0.254
1984-06-29,0.434
1984-07-02,-0.529
1984-07-03,0.051
1984-07-05,-0.189
1984-07-06,-0.369
1984-07-09,-0.219
1984-07-10,-0.199
1984-07-11,-0.599
1984-07-12,-0.449
1984-07-13,0.271
1984-07-16,-0.489
1984-07-17,0.001
1984-07-18,-0.359
1984-07-19,-0.439
1984-07-20,-0.469
1984-07-23,-1.129
1984-07-24,-0.829
1984-07-25,-0.529
1984-07-26,0.281
1984-07-27,0.361
1984-07-30,-0.409
1984-07-31,-0.129
1984-08-01,0.764
1984-08-02,1.344
1984-08-03,2.324
1984-08-06,0.954
1984-08-07,-0.186
1984-08-08,-0.316
1984-08-09,0.414
1984-08-10,0.464
1984-08-13,-0.386
1984-08-14,-0.086
1984-08-15,-0.356
1984-08-16,0.104
1984-08-17,0.014
1984-08-20,-0.066
1984-08-21,0.674
1984-08-22,0.054
1984-08-23,0.004
1984-08-24,0.404
1984-08-27,-0.316
1984-08-28,0.204
1984-08-29,0.284
1984-08-30,0.124
1984-08-31,0.254
1984-09-04,-0.495
1984-09-05,-0.245
1984-09-06,0.345
1984-09-07,-0.125
1984-09-10,-0.365
1984-09-11,0.195
1984-09-12,-0.135
1984-09-13,0.565
1984-09-14,0.515
1984-09-17,-0.075
1984-09-18,-0.315
1984-09-19,0.005
1984-09-20,-0.015
1984-09-21,-0.035
1984-09-24,-0.405
1984-09-25,-0.425
1984-09-26,-0.115
1984-09-27,0.035
1984-09-28,-0.025
1984-10-01,-0.713
1984-10-02,-0.543
1984-10-03,-0.663
1984-10-04,-0.023
1984-10-05,0.077
1984-10-08,-0.303
1984-10-09,-0.383
1984-10-10,-0.513
1984-10-11,0.287
1984-10-12,0.407
1984-10-15,0.027
1984-10-16,-0.143
1984-10-17,-0.083
1984-10-18,0.317
1984-10-19,0.317
1984-10-22,-0.423
1984-10-23,-0.213
1984-10-24,-0.123
1984-10-25,-0.203
1984-10-26,-0.243
1984-10-29,-0.293
1984-10-30,0.187
1984-10-31,-0.123
1984-11-01,0.015
1984-11-02,0.045
1984-11-05,-0.015
1984-11-06,0.145
1984-11-07,-0.315
1984-11-08,-0.015
1984-11-09,0.095
1984-11-12,-0.245
1984-11-13,-0.565
1984-11-14,-0.325
1984-11-15,-0.245
1984-11-16,-0.595
1984-11-19,-0.975
1984-11-20,-0.215
1984-11-21,-0.105
1984-11-23,0.525
1984-11-26,-0.395
1984-11-27,-0.095
1984-11-28,-0.285
1984-11-29,-0.635
1984-11-30,-0.365
1984-12-03,-0.782
1984-12-04,-0.322
1984-12-05,-0.712
1984-12-06,-0.172
1984-12-07,-0.012
1984-12-10,-0.372
1984-12-11,-0.112
1984-12-12,0.038
1984-12-13,-0.072
1984-12-14,0.328
1984-12-17,-0.352
1984-12-18,0.958
1984-12-19,0.328
1984-12-20,-0.172
1984-12-21,-0.092
1984-12-24,0.528
1984-12-26,0.038
1984-12-27,-0.292
1984-12-28,0.068
1984-12-31,0.618
1985-01-02,0.071
1985-01-03,0.161
1985-01-04,0.121
1985-01-07,0.161
1985-01-08,0.191
1985-01-09,0.531
1985-01-10,0.831
1985-01-11,0.521
1985-01-14,0.911
1985-01-15,0.621
1985-01-16,0.851
1985-01-17,0.651
1985-01-18,0.701
1985-01-21,1.281
1985-01-22,0.401
1985-01-23,0.711
1985-01-24,0.431
1985-01-25,0.421
1985-01-28,0.501
1985-01-29,0.481
1985-01-30,0.751
1985-01-31,0.211
1985-02-01,0.18
1985-02-04,0.68
1985-02-05,0.51
1985-02-06,0.5
1985-02-07,1.0
1985-02-08,0.84
1985-02-11,-0.07
1985-02-12,0.11
1985-02-13,0.89
1985-02-14,0.11
1985-02-15,-0.04
1985-02-19,-0.19
1985-02-20,0.11
1985-02-21,-0.18
1985-02-22,-0.17
1985-02-25,-0.63
1985-02-26,0.15
1985-02-27,-0.16
1985-02-28,0.01
1985-03-01,0.811
1985-03-04,-0.069
1985-03-05,0.191
1985-03-06,-0.229
1985-03-07,-0.379
1985-03-08,-0.139
1985-03-11,-0.469
1985-03-12,-0.089
1985-03-13,-0.649
1985-03-14,-0.239
1985-03-15,0.071
1985-03-18,-0.549
1985-03-19,0.291
1985-03-20,-0.069
1985-03-21,-0.049
1985-03-22,-0.099
1985-03-25,-0.469
1985-03-26,-0.309
1985-03-27,0.121
1985-03-28,0.111
1985-03-29,0.281
1985-04-01,-0.044
1985-04-02,-0.194
1985-04-03,-0.434
1985-04-04,-0.054
1985-04-08,-0.484
1985-04-09,-0.144
1985-04-10,0.256
1985-04-11,0.346
1985-04-12,0.046
1985-04-15,0.186
1985-04-16,0.106
1985-04-17,0.176
1985-04-18,-0.084
1985-04-19,-0.024
1985-04-22,-0.254
1985-04-23,0.076
1985-04-24,-0.024
1985-04-25,-0.004
1985-04-26,-0.014
1985-04-29,-0.554
1985-04-30,-0.564
1985-05-01,-0.27
1985-05-02,-0.19
1985-05-03,0.23
1985-05-06,-0.06
1985-05-07,0.15
1985-05-08,-0.03
1985-05-09,0.51
1985-05-10,0.85
1985-05-13,0.03
1985-05-14,-0.21
1985-05-15,0.03
1985-05-16,0.44
1985-05-17,0.35
1985-05-20,0.48
1985-05-21,-0.12
1985-05-22,-0.39
1985-05-23,-0.01
1985-05-24,0.22
1985-05-28,-0.45
1985-05-29,-0.17
1985-05-30,0.02
1985-05-31,0.28
1985-06-03,-0.148
1985-06-04,0.112
1985-06-05,0.212
1985-06-06,0.062
1985-06-07,-0.208
1985-06-10,-0.198
1985-06-11,-0.018
1985-06-12,-0.158
1985-06-13,-0.698
1985-06-14,0.312
1985-06-17,-0.228
1985-06-18,0.022
1985-06-19,0.082
1985-06-20,-0.108
1985-06-21,0.182
1985-06-24,0.052
1985-06-25,0.332
1985-06-26,0.012
1985-06-27,0.522
1985-06-28,0.362
1985-07-01,-0.088
1985-07-02,0.012
1985-07-03,0.122
1985-07-05,0.392
1985-07-08,-0.288
1985-07-09,-0.228
1985-07-10,0.302
1985-07-11,0.372
1985-07-12,0.352
1985-07-15,-0.108
1985-07-16,0.412
1985-07-17,0.452
1985-07-18,-0.058
1985-07-19,0.422
1985-07-22,-0.058
1985-07-23,-0.108
1985-07-24,-0.218
1985-07-25,0.292
1985-07-26,0.302
1985-07-29,-0.578
1985-07-30,-0.128
1985-07-31,0.202
1985-08-01,0.475
1985-08-02,0.175
1985-08-05,-0.615
1985-08-06,-0.655
1985-08-07,-0.555
1985-08-08,0.365
1985-08-09,0.095
1985-08-12,-0.305
1985-08-13,-0.205
1985-08-14,0.135
1985-08-15,0.095
1985-08-16,-0.275
1985-08-19,-0.245
1985-08-20,-0.075
1985-08-21,0.095
1985-08-22,-0.265
1985-08-23,0.135
1985-08-26,-0.195
1985-08-27,0.055
1985-08-28,0.235
1985-08-29,0.085
1985-08-30,0.415
1985-09-03,-0.662
1985-09-04,-0.512
1985-09-05,-0.002
1985-09-06,0.208
1985-09-09,-0.322
1985-09-10,-0.482
1985-09-11,-0.752
1985-09-12,-0.552
1985-09-13,-0.712
1985-09-16,-0.542
1985-09-17,-1.282
1985-09-18,-0.602
1985-09-19,0.688
1985-09-20,0.008
1985-09-23,0.208
1985-09-24,-0.392
1985-09-25,-0.472
1985-09-26,-0.612
1985-09-30,-0.102
1985-10-01,0.332
1985-10-02,-0.018
1985-10-03,-0.038
1985-10-04,-0.138
1985-10-07,-0.318
1985-10-08,-0.398
1985-10-09,0.032
1985-10-10,-0.018
1985-10-11,0.242
1985-10-14,0.292
1985-10-15,-0.018
1985-10-16,0.412
1985-10-17,0.292
1985-10-18,0.182
1985-10-21,-0.288
1985-10-22,0.032
1985-10-23,-0.008
1985-10-24,0.112
1985-10-25,-0.138
1985-10-28,-0.228
1985-10-29,0.232
1985-10-30,0.082
1985-10-31,0.032
1985-11-01,0.31
1985-11-04,-0.15
1985-11-05,0.12
1985-11-06,0.14
1985-11-07,0.15
1985-11-08,0.65
1985-11-11,0.31
1985-11-12,0.31
1985-11-13,-0.06
1985-11-14,0.4
1985-11-15,0.32
1985-11-18,-0.21
1985-11-19,0.11
1985-11-20,-0.01
1985-11-21,0.55
1985-11-22,0.49
1985-11-25,-0.33
1985-11-26,-0.01
1985-11-27,0.4
1985-11-29,0.35
1985-12-02,-0.371
1985-12-03,0.089
1985-12-04,0.759
1985-12-05,0.449
1985-12-06,-0.291
1985-12-09,-0.061
1985-12-10,-0.181
1985-12-11,0.119
1985-12-12,0.499
1985-12-13,0.859
1985-12-16,0.059
1985-12-17,-0.661
1985-12-18,-0.451
1985-12-19,0.049
1985-12-20,0.329
1985-12-23,-0.231
1985-12-24,-0.191
1985-12-26,0.249
1985-12-27,0.439
1985-12-30,0.029
1985-12-31,0.959
1986-01-02,0.635
1986-01-03,0.535
1986-01-06,0.325
1986-01-07,0.995
1986-01-08,-0.545
1986-01-09,-1.335
1986-01-10,0.465
1986-01-13,0.235
1986-01-14,0.615
1986-01-15,0.585
1986-01-16,0.445
1986-01-17,0.335
1986-01-20,-0.015
1986-01-21,-0.445
1986-01-22,-0.425
1986-01-23,0.365
1986-01-24,0.455
1986-01-27,0.255
1986-01-28,0.285
1986-01-29,-0.135
1986-01-30,0.025
1986-01-31,0.565
1986-02-03,0.142
1986-02-04,-0.338
1986-02-05,-0.138
1986-02-06,0.402
1986-02-07,0.512
1986-02-10,0.262
1986-02-11,0.082
1986-02-12,0.252
1986-02-13,0.482
1986-02-14,0.612
1986-02-18,0.422
1986-02-19,-0.108
1986-02-20,0.312
1986-02-21,0.742
1986-02-24,0.002
1986-02-25,-0.068
1986-02-26,0.422
1986-02-27,0.722
1986-02-28,0.532
1986-03-03,0.27
1986-03-04,0.4
1986-03-05,-0.24
1986-03-06,0.67
1986-03-07,0.28
1986-03-10,0.17
1986-03-11,0.65
1986-03-12,0.36
1986-03-13,0.06
1986-03-14,0.35
1986-03-17,-0.53
1986-03-18,0.33
1986-03-19,-0.07
1986-03-20,0.31
1986-03-21,0.38
1986-03-24,-0.48
1986-03-25,-0.48
1986-03-26,0.29
1986-03-27,0.63
1986-03-31,0.1
1986-04-01,-0.544
1986-04-02,-0.084
1986-04-03,0.036
1986-04-04,-0.284
1986-04-07,-0.604
1986-04-08,0.686
1986-04-09,0.206
1986-04-10,0.436
1986-04-11,0.346
1986-04-14,0.566
1986-04-15,-0.004
1986-04-16,1.016
1986-04-17,0.636
1986-04-18,0.196
1986-04-21,0.286
1986-04-22,-0.064
1986-04-23,-0.224
1986-04-24,0.406
1986-04-25,0.206
1986-04-28,-0.244
1986-04-29,-0.544
1986-04-30,-1.094
1986-05-01,-0.223
1986-05-02,0.327
1986-05-05,0.407
1986-05-06,0.037
1986-05-07,-0.213
1986-05-08,0.587
1986-05-09,0.667
1986-05-12,-0.303
1986-05-13,-0.283
1986-05-14,0.137
1986-05-15,-0.363
1986-05-16,-0.153
1986-05-19,-0.173
1986-05-20,0.197
1986-05-21,0.057
1986-05-22,0.627
1986-05-23,0.557
1986-05-27,0.317
1986-05-28,0.337
1986-05-29,0.037
1986-05-30,0.327
1986-06-02,-0.105
1986-06-03,0.175
1986-06-04,-0.095
1986-06-05,0.285
1986-06-06,0.185
1986-06-09,-1.045
1986-06-10,-0.025
1986-06-11,0.485
1986-06-12,0.395
1986-06-13,0.655
1986-06-16,-0.355
1986-06-17,-0.335
1986-06-18,-0.375
1986-06-19,-0.035
1986-06-20,-0.295
1986-06-23,-0.445
1986-06-24,0.325
1986-06-25,0.335
1986-06-26,0.285
1986-06-27,0.255
1986-06-30,0.315
1986-07-01,0.336
1986-07-02,0.246
1986-07-03,0.226
1986-07-07,-1.784
1986-07-08,-2.184
1986-07-09,0.286
1986-07-10,-0.014
1986-07-11,0.256
1986-07-14,-1.134
1986-07-15,-1.304
1986-07-16,0.036
1986-07-17,0.076
1986-07-18,-0.234
1986-07-21,-0.474
1986-07-22,-0.294
1986-07-23,-0.254
1986-07-24,-0.594
1986-07-25,0.206
1986-07-28,-0.994
1986-07-29,-0.694
1986-07-30,-0.674
1986-07-31,-0.074
1986-08-01,-0.132
1986-08-04,-0.852
1986-08-05,0.108
1986-08-06,-0.262
1986-08-07,-0.072
1986-08-08,-0.072
1986-08-11,0.248
1986-08-12,0.258
1986-08-13,0.338
1986-08-14,0.308
1986-08-15,0.108
1986-08-18,-0.182
1986-08-19,-0.302
1986-08-20,0.088
1986-08-21,-0.102
1986-08-22,0.148
1986-08-25,-0.422
1986-08-26,0.008
1986-08-27,-0.062
1986-08-28,0.038
1986-08-29,0.378
1986-09-02,-0.401
1986-09-03,-0.471
1986-09-04,0.579
1986-09-05,-0.171
1986-09-08,-0.701
1986-09-09,-0.641
1986-09-10,-0.481
1986-09-11,-2.831
1986-09-12,-1.311
1986-09-15,-0.401
1986-09-16,-0.591
1986-09-17,0.239
1986-09-18,0.209
1986-09-19,0.279
1986-09-22,0.229
1986-09-23,0.199
1986-09-24,0.199
1986-09-25,-0.581
1986-09-26,0.159
1986-09-29,-0.741
1986-09-30,0.369
1986-10-01,0.43
1986-10-02,0.1
1986-10-03,-0.09
1986-10-06,-0.11
1986-10-07,-0.31
1986-10-08,-0.02
1986-10-09,0.06
1986-10-10,-0.07
1986-10-13,0.03
1986-10-14,-0.28
1986-10-15,0.49
1986-10-16,-0.03
1986-10-17,-0.08
1986-10-20,-0.31
1986-10-21,-0.07
1986-10-22,-0.03
1986-10-23,0.3
1986-10-24,0.14
1986-10-27,-0.2
1986-10-28,-0.04
1986-10-29,0.15
1986-10-30,0.49
1986-10-31,0.38
1986-11-03,-0.011
1986-11-04,0.049
1986-11-05,-0.031
1986-11-06,-0.041
1986-11-07,0.209
1986-11-10,-0.201
1986-11-11,0.199
1986-11-12,-0.101
1986-11-13,-0.271
1986-11-14,0.129
1986-11-17,-0.511
1986-11-18,-1.001
1986-11-19,-0.681
1986-11-20,0.279
1986-11-21,0.259
1986-11-24,-0.141
1986-11-25,-0.141
1986-11-26,-0.021
1986-11-28,0.309
1986-12-01,-0.712
1986-12-02,0.278
1986-12-03,0.028
1986-12-04,-0.112
1986-12-05,0.028
1986-12-08,-0.732
1986-12-09,-0.442
1986-12-10,-0.162
1986-12-11,-0.382
1986-12-12,-0.432
1986-12-15,-0.552
1986-12-16,-0.492
1986-12-17,-0.252
1986-12-18,-0.272
1986-12-19,0.208
1986-12-22,-0.622
1986-12-23,-0.562
1986-12-24,0.478
1986-12-26,0.188
1986-12-29,-0.532
1986-12-30,-0.292
1986-12-31,0.748
1987-01-02,1.8
1987-01-05,1.45
1987-01-06,0.94
1987-01-07,1.3
1987-01-08,1.01
1987-01-09,0.85
1987-01-12,1.25
1987-01-13,0.46
1987-01-14,0.64
1987-01-15,0.62
1987-01-16,-0.4
1987-01-19,0.15
1987-01-20,-0.09
1987-01-21,-0.43
1987-01-22,0.34
1987-01-23,-0.41
1987-01-26,-0.73
1987-01-27,0.22
1987-01-28,0.24
1987-01-29,0.22
1987-01-30,0.29
1987-02-02,0.557
1987-02-03,0.557
1987-02-04,1.087
1987-02-05,0.697
1987-02-06,0.497
1987-02-09,0.087
1987-02-10,-0.283
1987-02-11,0.847
1987-02-12,0.417
1987-02-13,0.547
1987-02-17,0.987
1987-02-18,-0.033
1987-02-19,0.057
1987-02-20,0.267
1987-02-23,-0.453
1987-02-24,0.237
1987-02-25,0.417
1987-02-26,0.287
1987-02-27,0.587
1987-03-02,0.169
1987-03-03,0.019
1987-03-04,0.529
1987-03-05,0.309
1987-03-06,0.299
1987-03-09,-0.311
1987-03-10,0.309
1987-03-11,0.329
1987-03-12,0.409
1987-03-13,0.409
1987-03-16,-0.121
1987-03-17,0.539
1987-03-18,0.269
1987-03-19,0.199
1987-03-20,0.339
1987-03-23,-0.071
1987-03-24,-0.031
1987-03-25,-0.101
1987-03-26,0.389
1987-03-27,-0.071
1987-03-30,-1.561
1987-03-31,0.549
1987-04-01,-0.321
1987-04-02,0.579
1987-04-03,0.939
1987-04-06,0.159
1987-04-07,-0.371
1987-04-08,0.099
1987-04-09,-0.531
1987-04-10,-0.001
1987-04-13,-1.211
1987-04-14,-2.071
1987-04-15,0.359
1987-04-16,0.669
1987-04-20,-0.121
1987-04-21,-0.361
1987-04-22,0.099
1987-04-23,-0.101
1987-04-24,-0.431
1987-04-27,-0.871
1987-04-28,0.339
1987-04-29,0.249
1987-04-30,0.569
1987-05-01,0.081
1987-05-04,-0.169
1987-05-05,0.281
1987-05-06,0.201
1987-05-07,0.261
1987-05-08,0.341
1987-05-11,0.141
1987-05-12,-0.229
1987-05-13,0.161
1987-05-14,0.081
1987-05-15,-0.349
1987-05-18,-0.859
1987-05-19,-0.699
1987-05-20,-0.649
1987-05-21,0.261
1987-05-22,-0.129
1987-05-26,0.131
1987-05-27,0.051
1987-05-28,0.161
1987-05-29,0.491
1987-06-01,-0.162
1987-06-02,-0.112
1987-06-03,0.278
1987-06-04,0.188
1987-06-05,0.318
1987-06-08,0.038
1987-06-09,0.148
1987-06-10,0.018
1987-06-11,0.058
1987-06-12,0.378
1987-06-15,-0.122
1987-06-16,-0.002
1987-06-17,0.058
1987-06-18,0.248
1987-06-19,0.138
1987-06-22,0.028
1987-06-23,-0.282
1987-06-24,-0.022
1987-06-25,0.278
1987-06-26,-0.122
1987-06-29,0.128
1987-06-30,-0.172
1987-07-01,-0.011
1987-07-02,0.269
1987-07-06,-0.261
1987-07-07,0.319
1987-07-08,0.139
1987-07-09,0.069
1987-07-10,0.249
1987-07-13,-0.161
1987-07-14,0.359
1987-07-15,0.139
1987-07-16,0.289
1987-07-17,0.299
1987-07-20,-0.411
1987-07-21,-0.291
1987-07-22,-0.201
1987-07-23,-0.081
1987-07-24,0.109
1987-07-27,-0.051
1987-07-28,0.259
1987-07-29,0.109
1987-07-30,0.289
1987-07-31,0.109
1987-08-03,-0.232
1987-08-04,-0.272
1987-08-05,0.288
1987-08-06,0.318
1987-08-07,0.338
1987-08-10,0.098
1987-08-11,-0.062
1987-08-12,-0.232
1987-08-13,0.028
1987-08-14,0.098
1987-08-17,-0.152
1987-08-18,-0.832
1987-08-19,0.058
1987-08-20,0.668
1987-08-21,0.248
1987-08-24,-0.162
1987-08-25,0.178
1987-08-26,-0.062
1987-08-27,0.058
1987-08-28,-0.072
1987-08-31,0.248
1987-09-01,-0.021
1987-09-02,-0.511
1987-09-03,0.139
1987-09-04,0.019
1987-09-08,-1.671
1987-09-09,0.229
1987-09-10,0.639
1987-09-11,0.449
1987-09-14,-0.191
1987-09-15,-0.491
1987-09-16,-0.151
1987-09-17,-0.091
1987-09-18,0.199
1987-09-21,-0.441
1987-09-22,-0.281
1987-09-23,0.219
1987-09-24,0.129
1987-09-25,0.029
1987-09-28,-0.001
1987-09-29,-0.301
1987-09-30,0.429
1987-10-01,0.023
1987-10-02,0.173
1987-10-05,0.093
1987-10-06,-0.737
1987-10-07,-0.517
1987-10-08,-0.637
1987-10-09,-0.187
1987-10-12,-0.877
1987-10-13,-0.137
1987-10-14,-1.107
1987-10-15,-0.927
1987-10-16,-3.137
1987-10-19,-10.247
1987-10-20,-9.327
1987-10-21,5.733
1987-10-22,-3.637
1987-10-23,-2.107
1987-10-26,-7.717
1987-10-27,-1.937
1987-10-28,-2.887
1987-10-29,1.853
1987-10-30,5.503
1987-11-02,0.933
1987-11-03,-1.227
1987-11-04,-0.307
1987-11-05,0.813
1987-11-06,0.743
1987-11-09,-1.207
1987-11-10,-1.457
1987-11-11,0.393
1987-11-12,1.213
1987-11-13,0.233
1987-11-16,-0.207
1987-11-17,-1.267
1987-11-18,0.093
1987-11-19,-0.897
1987-11-20,-0.427
1987-11-23,-0.527
1987-11-24,0.273
1987-11-25,0.163
1987-11-27,-0.117
1987-11-30,-2.867
1987-12-01,-0.348
1987-12-02,-0.308
1987-12-03,-1.308
1987-12-04,-1.768
1987-12-07,-0.588
1987-12-08,-0.168
1987-12-09,0.472
1987-12-10,-0.418
1987-12-11,0.352
1987-12-14,0.822
1987-12-15,0.632
1987-12-16,1.382
1987-12-17,0.482
1987-12-18,1.312
1987-12-21,0.182
1987-12-22,-0.498
1987-12-23,0.882
1987-12-24,0.932
1987-12-28,-1.768
1987-12-29,-0.458
1987-12-30,0.472
1987-12-31,0.972
1988-01-04,2.435
1988-01-05,2.355
1988-01-06,1.015
1988-01-07,0.935
1988-01-08,-1.305
1988-01-11,-1.445
1988-01-12,-0.705
1988-01-13,0.315
1988-01-14,0.355
1988-01-15,1.275
1988-01-18,0.175
1988-01-19,0.245
1988-01-20,-1.225
1988-01-21,0.035
1988-01-22,1.045
1988-01-25,0.195
1988-01-26,0.005
1988-01-27,0.175
1988-01-28,0.375
1988-01-29,0.625
1988-02-01,0.507
1988-02-02,-0.103
1988-02-03,-0.253
1988-02-04,-0.173
1988-02-05,0.467
1988-02-08,0.147
1988-02-09,-0.263
1988-02-10,0.727
1988-02-11,0.307
1988-02-12,0.717
1988-02-16,-0.133
1988-02-17,0.187
1988-02-18,0.687
1988-02-19,0.007
1988-02-22,0.367
1988-02-23,0.017
1988-02-24,0.417
1988-02-25,0.867
1988-02-26,-0.133
1988-02-29,1.197
1988-03-01,0.051
1988-03-02,0.471
1988-03-03,0.191
1988-03-04,0.581
1988-03-07,0.201
1988-03-08,0.651
1988-03-09,1.031
1988-03-10,-0.649
1988-03-11,0.021
1988-03-14,0.151
1988-03-15,0.121
1988-03-16,0.311
1988-03-17,0.291
1988-03-18,0.381
1988-03-21,-0.429
1988-03-22,0.301
1988-03-23,0.241
1988-03-24,-0.469
1988-03-25,-0.559
1988-03-28,-0.789
1988-03-29,0.731
1988-03-30,-0.309
1988-03-31,1.291
1988-04-04,-0.633
1988-04-05,0.207
1988-04-06,0.657
1988-04-07,0.027
1988-04-08,0.797
1988-04-11,-0.233
1988-04-12,0.357
1988-04-13,0.017
1988-04-14,-1.533
1988-04-15,-0.163
1988-04-18,0.147
1988-04-19,0.487
1988-04-20,-0.573
1988-04-21,-0.103
1988-04-22,0.117
1988-04-25,0.167
1988-04-26,0.497
1988-04-27,-0.033
1988-04-28,0.087
1988-04-29,0.367
1988-05-02,-0.054
1988-05-03,0.136
1988-05-04,0.126
1988-05-05,-0.204
1988-05-06,0.176
1988-05-09,-0.794
1988-05-10,0.156
1988-05-11,-1.504
1988-05-12,0.156
1988-05-13,0.386
1988-05-16,-0.084
1988-05-17,0.026
1988-05-18,-1.084
1988-05-19,-0.324
1988-05-20,0.176
1988-05-23,-0.234
1988-05-24,-0.204
1988-05-25,-0.004
1988-05-26,0.466
1988-05-27,-0.364
1988-05-31,0.196
1988-06-01,0.498
1988-06-02,-0.102
1988-06-03,0.508
1988-06-06,0.628
1988-06-07,-0.472
1988-06-08,0.518
1988-06-09,0.598
1988-06-10,0.108
1988-06-13,0.128
1988-06-14,0.218
1988-06-15,0.138
1988-06-16,-0.042
1988-06-17,-0.032
1988-06-20,0.228
1988-06-21,0.058
1988-06-22,0.218
1988-06-23,0.208
1988-06-24,0.108
1988-06-27,-0.232
1988-06-28,0.158
1988-06-29,0.038
1988-06-30,1.068
1988-07-01,0.085
1988-07-05,-0.345
1988-07-06,0.035
1988-07-07,0.235
1988-07-08,-0.145
1988-07-11,-0.025
1988-07-12,-0.005
1988-07-13,-0.175
1988-07-14,0.245
1988-07-15,0.355
1988-07-18,0.095
1988-07-19,-0.405
1988-07-20,0.205
1988-07-21,-0.205
1988-07-22,-0.305
1988-07-25,-0.195
1988-07-26,0.055
1988-07-27,-0.395
1988-07-28,-0.045
1988-07-29,0.515
1988-08-01,0.234
1988-08-02,-0.036
1988-08-03,-0.146
1988-08-04,0.284
1988-08-05,-0.056
1988-08-08,-0.126
1988-08-09,-0.806
1988-08-10,-1.076
1988-08-11,-0.176
1988-08-12,0.094
1988-08-15,-0.946
1988-08-16,0.024
1988-08-17,-0.126
1988-08-18,0.184
1988-08-19,0.204
1988-08-22,-0.786
1988-08-23,-0.216
1988-08-24,0.434
1988-08-25,-0.366
1988-08-26,0.094
1988-08-29,0.104
1988-08-30,0.084
1988-08-31,0.264
1988-09-01,-0.559
1988-09-02,0.571
1988-09-06,-0.069
1988-09-07,0.171
1988-09-08,-0.009
1988-09-09,0.361
1988-09-12,-0.159
1988-09-13,0.061
1988-09-14,0.201
1988-09-15,-0.149
1988-09-16,0.241
1988-09-19,-0.029
1988-09-20,-0.239
1988-09-21,-0.019
1988-09-22,-0.079
1988-09-23,0.301
1988-09-26,-0.709
1988-09-27,-0.169
1988-09-28,0.001
1988-09-29,0.231
1988-09-30,0.561
1988-10-03,-0.739
1988-10-04,0.011
1988-10-05,0.141
1988-10-06,-0.019
1988-10-07,-0.129
1988-10-10,0.001
1988-10-11,-0.349
1988-10-12,-0.099
1988-10-13,-0.239
1988-10-14,0.011
1988-10-17,-0.059
1988-10-18,0.131
1988-10-19,-0.169
1988-10-20,0.251
1988-10-21,0.231
1988-10-24,-0.299
1988-10-25,-0.119
1988-10-26,-0.259
1988-10-27,-0.689
1988-10-28,0.291
1988-10-31,-0.169
1988-11-01,-0.247
1988-11-02,-0.277
1988-11-03,0.193
1988-11-04,-0.447
1988-11-07,-0.957
1988-11-08,0.273
1988-11-09,-0.487
1988-11-10,0.143
1988-11-11,-0.697
1988-11-14,-0.647
1988-11-15,-0.217
1988-11-16,-1.047
1988-11-17,-0.347
1988-11-18,-0.077
1988-11-21,-0.687
1988-11-22,-0.107
1988-11-23,0.153
1988-11-25,0.023
1988-11-28,-0.357
1988-11-29,0.183
1988-11-30,0.623
1988-12-01,0.2
1988-12-02,-0.17
1988-12-05,0.03
1988-12-06,0.13
1988-12-07,0.03
1988-12-08,-0.17
1988-12-09,0.09
1988-12-12,-0.32
1988-12-13,-0.28
1988-12-14,-0.01
1988-12-15,-0.03
1988-12-16,0.47
1988-12-19,-0.14
1988-12-20,-0.02
1988-12-21,-0.15
1988-12-22,0.38
1988-12-23,0.24
1988-12-27,-0.29
1988-12-28,-0.13
1988-12-29,0.46
1988-12-30,1.1
1989-01-03,-0.076
1989-01-04,0.724
1989-01-05,0.454
1989-01-06,0.824
1989-01-09,0.024
1989-01-10,-0.256
1989-01-11,0.244
1989-01-12,0.284
1989-01-13,0.084
1989-01-16,0.114
1989-01-17,-0.126
1989-01-18,0.634
1989-01-19,0.104
1989-01-20,0.194
1989-01-23,-0.216
1989-01-24,0.194
1989-01-25,0.314
1989-01-26,0.244
1989-01-27,0.144
1989-01-30,0.024
1989-01-31,0.314
1989-02-01,0.218
1989-02-02,0.198
1989-02-03,0.458
1989-02-06,-0.262
1989-02-07,0.438
1989-02-08,0.038
1989-02-09,-0.152
1989-02-10,-0.582
1989-02-13,-0.452
1989-02-14,0.208
1989-02-15,0.198
1989-02-16,0.368
1989-02-17,0.328
1989-02-21,-0.162
1989-02-22,-0.882
1989-02-23,-0.002
1989-02-24,-0.502
1989-02-27,-0.202
1989-02-28,0.428
1989-03-01,-0.13
1989-03-02,0.36
1989-03-03,0.41
1989-03-06,0.28
1989-03-07,0.16
1989-03-08,0.21
1989-03-09,0.24
1989-03-10,0.26
1989-03-13,-0.34
1989-03-14,0.07
1989-03-15,0.2
1989-03-16,0.33
1989-03-17,-1.23
1989-03-20,-0.86
1989-03-21,0.45
1989-03-22,0.05
1989-03-23,0.04
1989-03-27,-0.1
1989-03-28,0.46
1989-03-29,0.21
1989-03-30,-0.2
1989-03-31,0.42
1989-04-03,0.046
1989-04-04,-0.324
1989-04-05,0.126
1989-04-06,0.056
1989-04-07,0.156
1989-04-10,-0.064
1989-04-11,0.256
1989-04-12,0.366
1989-04-13,-0.414
1989-04-14,0.586
1989-04-17,-0.104
1989-04-18,0.396
1989-04-19,0.156
1989-04-20,0.036
1989-04-21,0.366
1989-04-24,-0.164
1989-04-25,0.136
1989-04-26,-0.044
1989-04-27,0.406
1989-04-28,0.076
1989-05-01,-0.166
1989-05-02,0.194
1989-05-03,0.024
1989-05-04,0.174
1989-05-05,0.274
1989-05-08,-0.266
1989-05-09,-0.156
1989-05-10,0.194
1989-05-11,0.124
1989-05-12,0.444
1989-05-15,-0.126
1989-05-16,-0.016
1989-05-17,0.374
1989-05-18,0.214
1989-05-19,0.254
1989-05-22,-0.176
1989-05-23,-0.316
1989-05-24,0.134
1989-05-25,0.264
1989-05-26,0.444
1989-05-30,-0.306
1989-05-31,0.554
1989-06-01,0.178
1989-06-02,0.318
1989-06-05,-0.302
1989-06-06,-0.072
1989-06-07,0.348
1989-06-08,0.218
1989-06-09,0.008
1989-06-12,0.148
1989-06-13,-0.172
1989-06-14,-0.042
1989-06-15,-0.342
1989-06-16,0.088
1989-06-19,-0.162
1989-06-20,-0.252
1989-06-21,-0.232
1989-06-22,0.348
1989-06-23,0.258
1989-06-26,-0.132
1989-06-27,0.238
1989-06-28,-0.632
1989-06-29,-1.252
1989-06-30,-0.392
1989-07-03,0.045
1989-07-05,-0.125
1989-07-06,0.575
1989-07-07,0.275
1989-07-10,-0.045
1989-07-11,0.085
1989-07-12,0.285
1989-07-13,0.225
1989-07-14,0.145
1989-07-17,-0.035
1989-07-18,-0.065
1989-07-19,0.315
1989-07-20,-0.035
1989-07-21,0.235
1989-07-24,-0.395
1989-07-25,-0.075
1989-07-26,0.355
1989-07-27,0.315
1989-07-28,-0.175
1989-07-31,-0.055
1989-08-01,-0.312
1989-08-02,0.028
1989-08-03,0.388
1989-08-04,-0.142
1989-08-07,0.168
1989-08-08,0.058
1989-08-09,0.098
1989-08-10,0.138
1989-08-11,-0.032
1989-08-14,-0.442
1989-08-15,0.208
1989-08-16,-0.042
1989-08-17,0.018
1989-08-18,0.208
1989-08-21,-0.502
1989-08-22,-0.292
1989-08-23,0.508
1989-08-24,0.638
1989-08-25,0.028
1989-08-28,-0.062
1989-08-29,-0.082
1989-08-30,0.208
1989-08-31,0.398
1989-09-01,0.297
1989-09-05,-0.223
1989-09-06,-0.483
1989-09-07,0.267
1989-09-08,0.557
1989-09-11,-0.603
1989-09-12,0.047
1989-09-13,0.107
1989-09-14,-0.333
1989-09-15,-0.203
1989-09-18,-0.253
1989-09-19,-0.063
1989-09-20,-0.233
1989-09-21,0.107
1989-09-22,-0.013
1989-09-25,-0.503
1989-09-26,0.147
1989-09-27,-0.153
1989-09-28,0.327
1989-09-29,0.427
1989-10-02,0.159
1989-10-03,0.119
1989-10-04,-0.021
1989-10-05,0.119
1989-10-06,0.129
1989-10-09,0.019
1989-10-10,-0.251
1989-10-11,-0.411
1989-10-12,-0.001
1989-10-13,-2.641
1989-10-16,-2.801
1989-10-17,0.129
1989-10-18,0.749
1989-10-19,1.059
1989-10-20,0.079
1989-10-23,-0.491
1989-10-24,-1.371
1989-10-25,0.409
1989-10-26,-0.621
1989-10-27,-0.581
1989-10-30,-0.411
1989-10-31,0.149
1989-11-01,0.137
1989-11-02,-0.103
1989-11-03,0.137
1989-11-06,-0.963
1989-11-07,-0.313
1989-11-08,0.577
1989-11-09,-0.283
1989-11-10,0.227
1989-11-13,-0.283
1989-11-14,-0.313
1989-11-15,-0.083
1989-11-16,0.127
1989-11-17,0.227
1989-11-20,-0.633
1989-11-21,-0.443
1989-11-22,0.247
1989-11-24,0.117
1989-11-27,-0.343
1989-11-28,0.127
1989-11-29,-0.203
1989-11-30,0.107
1989-12-01,0.06
1989-12-04,-0.24
1989-12-05,-0.34
1989-12-06,0.11
1989-12-07,-0.29
1989-12-08,0.15
1989-12-11,-0.38
1989-12-12,-0.41
1989-12-13,0.17
1989-12-14,-0.87
1989-12-15,0.0
1989-12-18,-1.15
1989-12-19,-1.0
1989-12-20,-0.12
1989-12-21,0.29
1989-12-22,0.45
1989-12-26,-0.21
1989-12-27,-0.13
1989-12-28,-0.02
1989-12-29,1.23
1990-01-02,0.954
1990-01-03,0.714
1990-01-04,-0.236
1990-01-05,0.034
1990-01-08,0.304
1990-01-09,-0.046
1990-01-10,-0.366
1990-01-11,0.004
1990-01-12,-1.706
1990-01-15,-0.386
1990-01-16,-0.416
1990-01-17,0.204
1990-01-18,-0.276
1990-01-19,0.404
1990-01-22,-1.186
1990-01-23,-0.366
1990-01-24,-1.586
1990-01-25,-0.096
1990-01-26,-0.546
1990-01-29,-0.766
1990-01-30,-1.266
1990-01-31,0.364
1990-02-01,0.11
1990-02-02,0.56
1990-02-05,0.21
1990-02-06,0.15
1990-02-07,0.36
1990-02-08,0.01
1990-02-09,0.32
1990-02-12,-0.2
1990-02-13,-0.22
1990-02-14,-0.15
1990-02-15,0.47
1990-02-16,0.13
1990-02-20,-0.82
1990-02-21,-0.81
1990-02-22,0.5
1990-02-23,-0.34
1990-02-26,-0.19
1990-02-27,0.23
1990-02-28,0.26
1990-03-01,-0.039
1990-03-02,0.561
1990-03-05,-0.089
1990-03-06,0.581
1990-03-07,-0.049
1990-03-08,0.501
1990-03-09,0.011
1990-03-12,-0.109
1990-03-13,-0.069
1990-03-14,0.291
1990-03-15,0.311
1990-03-16,0.391
1990-03-19,-0.309
1990-03-20,-0.129
1990-03-21,-0.099
1990-03-22,-0.659
1990-03-23,0.381
1990-03-26,0.071
1990-03-27,0.131
1990-03-28,-0.229
1990-03-29,-0.149
1990-03-30,0.051
1990-04-02,-0.754
1990-04-03,0.446
1990-04-04,-0.264
1990-04-05,0.106
1990-04-06,-0.144
1990-04-09,-0.144
1990-04-10,0.016
1990-04-11,0.016
1990-04-12,0.196
1990-04-16,-0.254
1990-04-17,-0.224
1990-04-18,-0.444
1990-04-19,-0.174
1990-04-20,-0.404
1990-04-23,-0.974
1990-04-24,-0.054
1990-04-25,0.216
1990-04-26,0.316
1990-04-27,-0.234
1990-04-30,-0.144
1990-05-01,-0.071
1990-05-02,-0.041
1990-05-03,0.079
1990-05-04,0.319
1990-05-07,0.149
1990-05-08,0.079
1990-05-09,-0.011
1990-05-10,0.289
1990-05-11,0.569
1990-05-14,0.209
1990-05-15,-0.441
1990-05-16,0.109
1990-05-17,0.359
1990-05-18,0.379
1990-05-21,0.339
1990-05-22,0.239
1990-05-23,0.109
1990-05-24,0.189
1990-05-25,-0.081
1990-05-29,0.309
1990-05-30,0.179
1990-05-31,0.089
1990-06-01,0.44
1990-06-04,0.34
1990-06-05,-0.25
1990-06-06,-0.07
1990-06-07,0.23
1990-06-08,-0.28
1990-06-11,0.0
1990-06-12,0.52
1990-06-13,0.27
1990-06-14,-0.08
1990-06-15,0.41
1990-06-18,-1.16
1990-06-19,0.0
1990-06-20,0.07
1990-06-21,-0.01
1990-06-22,-0.13
1990-06-25,-0.52
1990-06-26,-0.08
1990-06-27,0.05
1990-06-28,0.31
1990-06-29,0.57
1990-07-02,-0.322
1990-07-03,0.168
1990-07-05,-0.432
1990-07-06,0.168
1990-07-09,-0.322
1990-07-10,-0.342
1990-07-11,0.148
1990-07-12,0.198
1990-07-13,0.218
1990-07-16,-0.172
1990-07-17,-0.572
1990-07-18,-0.172
1990-07-19,-0.352
1990-07-20,0.008
1990-07-23,-2.132
1990-07-24,-0.162
1990-07-25,0.338
1990-07-26,0.218
1990-07-27,-0.422
1990-07-30,-0.632
1990-07-31,-0.212
1990-08-01,-0.718
1990-08-02,-1.028
1990-08-03,-2.048
1990-08-06,-2.548
1990-08-07,-0.008
1990-08-08,0.562
1990-08-09,0.462
1990-08-10,-0.508
1990-08-13,-0.708
1990-08-14,0.362
1990-08-15,0.092
1990-08-16,-1.118
1990-08-17,-1.558
1990-08-20,-0.758
1990-08-21,-1.848
1990-08-22,-1.098
1990-08-23,-3.468
1990-08-24,0.372
1990-08-27,1.362
1990-08-28,0.172
1990-08-29,0.302
1990-08-30,-0.298
1990-08-31,0.282
1990-09-04,-0.491
1990-09-05,0.289
1990-09-06,-0.351
1990-09-07,0.209
1990-09-10,-0.131
1990-09-11,-0.161
1990-09-12,0.049
1990-09-13,-0.591
1990-09-14,-0.291
1990-09-17,-0.481
1990-09-18,-0.541
1990-09-19,-0.201
1990-09-20,-0.921
1990-09-21,-0.601
1990-09-24,-2.121
1990-09-25,-0.391
1990-09-26,-0.981
1990-09-27,-1.501
1990-09-28,-0.241
1990-10-01,0.35
1990-10-02,0.16
1990-10-03,-0.23
1990-10-04,-0.18
1990-10-05,-0.75
1990-10-08,-0.2
1990-10-09,-1.2
1990-10-10,-1.2
1990-10-11,-1.67
1990-10-12,-0.08
1990-10-15,-0.55
1990-10-16,-0.56
1990-10-17,-0.62
1990-10-18,0.4
1990-10-19,0.74
1990-10-22,-0.65
1990-10-23,0.41
1990-10-24,-0.08
1990-10-25,-0.04
1990-10-26,-0.52
1990-10-29,-0.77
1990-10-30,-0.39
1990-10-31,-0.23
1990-11-01,-0.027
1990-11-02,0.263
1990-11-05,-0.007
1990-11-06,-0.107
1990-11-07,-0.717
1990-11-08,-0.207
1990-11-09,0.233
1990-11-12,0.553
1990-11-13,0.043
1990-11-14,0.203
1990-11-15,0.153
1990-11-16,0.013
1990-11-19,-0.187
1990-11-20,-0.567
1990-11-21,0.013
1990-11-23,0.393
1990-11-26,-0.627
1990-11-27,0.523
1990-11-28,0.303
1990-11-29,-0.007
1990-11-30,0.883
1990-12-03,-0.41
1990-12-04,0.1
1990-12-05,0.75
1990-12-06,0.3
1990-12-07,-0.04
1990-12-10,-0.45
1990-12-11,-0.41
1990-12-12,0.13
1990-12-13,-0.08
1990-12-14,-0.43
1990-12-17,-0.93
1990-12-18,-0.06
1990-12-19,0.0
1990-12-20,0.18
1990-12-21,-0.16
1990-12-24,-0.05
1990-12-26,-0.29
1990-12-27,-0.44
1990-12-28,-0.35
1990-12-31,0.83
1991-01-02,0.717
1991-01-03,-0.283
1991-01-04,0.007
1991-01-07,-0.893
1991-01-08,-0.653
1991-01-09,-0.303
1991-01-10,0.177
1991-01-11,-0.013
1991-01-14,-1.843
1991-01-15,-0.283
1991-01-16,0.327
1991-01-17,2.067
1991-01-18,-0.023
1991-01-21,-0.143
1991-01-22,0.637
1991-01-23,0.877
1991-01-24,1.037
1991-01-25,0.997
1991-01-28,0.697
1991-01-29,0.817
1991-01-30,1.397
1991-01-31,1.307
1991-02-01,0.965
1991-02-04,1.565
1991-02-05,1.345
1991-02-06,1.125
1991-02-07,0.015
1991-02-08,0.845
1991-02-11,0.945
1991-02-12,0.305
1991-02-13,0.795
1991-02-14,0.385
1991-02-15,0.775
1991-02-19,-0.015
1991-02-20,-0.445
1991-02-21,0.775
1991-02-22,0.715
1991-02-25,0.495
1991-02-26,-0.355
1991-02-27,0.595
1991-02-28,0.825
1991-03-01,0.538
1991-03-04,1.358
1991-03-05,1.268
1991-03-06,0.628
1991-03-07,0.328
1991-03-08,0.708
1991-03-11,-0.112
1991-03-12,-0.242
1991-03-13,0.688
1991-03-14,0.448
1991-03-15,-0.052
1991-03-18,0.218
1991-03-19,-0.612
1991-03-20,0.438
1991-03-21,0.428
1991-03-22,0.478
1991-03-25,0.368
1991-03-26,0.788
1991-03-27,0.598
1991-03-28,0.498
1991-04-01,-0.094
1991-04-02,0.906
1991-04-03,0.926
1991-04-04,0.656
1991-04-05,0.346
1991-04-08,-0.114
1991-04-09,-0.034
1991-04-10,-0.124
1991-04-11,0.706
1991-04-12,0.496
1991-04-15,-0.064
1991-04-16,0.426
1991-04-17,0.506
1991-04-18,-0.054
1991-04-19,-0.244
1991-04-22,-1.134
1991-04-23,0.246
1991-04-24,0.426
1991-04-25,-0.154
1991-04-26,-0.064
1991-04-29,-0.734
1991-04-30,-0.774
1991-05-01,0.599
1991-05-02,0.309
1991-05-03,0.339
1991-05-06,-0.181
1991-05-07,0.249
1991-05-08,0.339
1991-05-09,0.459
1991-05-10,-0.501
1991-05-13,-0.111
1991-05-14,-0.731
1991-05-15,-1.221
1991-05-16,0.489
1991-05-17,0.049
1991-05-20,-0.141
1991-05-21,0.129
1991-05-22,0.129
1991-05-23,0.249
1991-05-24,0.449
1991-05-28,0.029
1991-05-29,0.299
1991-05-30,0.529
1991-05-31,0.359
1991-06-03,-0.051
1991-06-04,-0.141
1991-06-05,0.199
1991-06-06,-0.021
1991-06-07,-0.311
1991-06-10,-0.331
1991-06-11,-0.141
1991-06-12,-1.161
1991-06-13,0.119
1991-06-14,0.339
1991-06-17,-0.241
1991-06-18,-0.291
1991-06-19,-0.651
1991-06-20,-0.171
1991-06-21,0.219
1991-06-24,-1.341
1991-06-25,-0.291
1991-06-26,-0.421
1991-06-27,0.449
1991-06-28,-0.271
1991-07-01,0.138
1991-07-02,0.008
1991-07-03,-0.422
1991-07-05,0.078
1991-07-08,-0.232
1991-07-09,0.118
1991-07-10,0.308
1991-07-11,0.078
1991-07-12,0.378
1991-07-15,0.258
1991-07-16,-0.102
1991-07-17,0.328
1991-07-18,0.308
1991-07-19,0.368
1991-07-22,-0.232
1991-07-23,-0.302
1991-07-24,-0.192
1991-07-25,0.068
1991-07-26,0.148
1991-07-29,-0.272
1991-07-30,0.378
1991-07-31,0.428
1991-08-01,-0.061
1991-08-02,-0.091
1991-08-05,-0.121
1991-08-06,-0.031
1991-08-07,0.179
1991-08-08,-0.061
1991-08-09,0.059
1991-08-12,-0.161
1991-08-13,0.219
1991-08-14,0.049
1991-08-15,0.159
1991-08-16,-0.141
1991-08-19,-2.781
1991-08-20,0.679
1991-08-21,1.589
1991-08-22,0.379
1991-08-23,0.549
1991-08-26,0.229
1991-08-27,-0.141
1991-08-28,0.479
1991-08-29,0.239
1991-08-30,0.189
1991-09-03,-0.463
1991-09-04,-0.463
1991-09-05,0.057
1991-09-06,0.187
1991-09-09,0.017
1991-09-10,-0.773
1991-09-11,-0.063
1991-09-12,0.277
1991-09-13,-0.013
1991-09-16,-0.093
1991-09-17,-0.003
1991-09-18,0.077
1991-09-19,0.607
1991-09-20,0.587
1991-09-23,-0.323
1991-09-24,0.037
1991-09-25,0.147
1991-09-26,0.317
1991-09-27,0.137
1991-09-30,0.087
1991-10-01,-0.078
1991-10-02,-0.168
1991-10-03,-0.308
1991-10-04,-0.228
1991-10-07,-0.608
1991-10-08,0.082
1991-10-09,-0.128
1991-10-10,-0.128
1991-10-11,0.252
1991-10-14,0.402
1991-10-15,0.332
1991-10-16,0.582
1991-10-17,-0.018
1991-10-18,0.612
1991-10-21,-0.058
1991-10-22,0.192
1991-10-23,0.102
1991-10-24,-0.668
1991-10-25,0.062
1991-10-28,0.112
1991-10-29,0.172
1991-10-30,0.462
1991-10-31,0.902
1991-11-01,0.17
1991-11-04,-0.21
1991-11-05,-0.06
1991-11-06,0.43
1991-11-07,0.66
1991-11-08,0.16
1991-11-11,0.2
1991-11-12,0.41
1991-11-13,0.12
1991-11-14,0.29
1991-11-15,-2.25
1991-11-18,-0.29
1991-11-19,-2.26
1991-11-20,1.0
1991-11-21,0.76
1991-11-22,-0.52
1991-11-25,-0.53
1991-11-26,-0.5
1991-11-27,0.16
1991-11-29,0.69
1991-12-02,-0.688
1991-12-03,-0.078
1991-12-04,0.132
1991-12-05,-0.228
1991-12-06,0.292
1991-12-09,-0.728
1991-12-10,-0.528
1991-12-11,-0.458
1991-12-12,0.482
1991-12-13,0.492
1991-12-16,0.102
1991-12-17,-0.478
1991-12-18,0.022
1991-12-19,-0.518
1991-12-20,0.042
1991-12-23,0.182
1991-12-24,0.592
1991-12-26,0.802
1991-12-27,0.692
1991-12-30,0.762
1991-12-31,1.552
1992-01-02,0.375
1992-01-03,1.295
1992-01-06,1.455
1992-01-07,0.805
1992-01-08,0.885
1992-01-09,1.565
1992-01-10,0.575
1992-01-13,0.985
1992-01-14,1.105
1992-01-15,1.105
1992-01-16,0.395
1992-01-17,0.705
1992-01-20,0.775
1992-01-21,-1.235
1992-01-22,1.095
1992-01-23,0.635
1992-01-24,0.825
1992-01-27,0.445
1992-01-28,0.385
1992-01-29,-0.475
1992-01-30,0.765
1992-01-31,0.625
1992-02-03,0.365
1992-02-04,0.595
1992-02-05,0.435
1992-02-06,0.845
1992-02-07,0.505
1992-02-10,0.015
1992-02-11,0.175
1992-02-12,0.685
1992-02-13,0.095
1992-02-14,0.395
1992-02-18,-0.525
1992-02-19,-0.865
1992-02-20,0.885
1992-02-21,0.025
1992-02-24,-0.355
1992-02-25,-0.555
1992-02-26,0.875
1992-02-27,0.455
1992-02-28,0.675
1992-03-02,0.615
1992-03-03,0.335
1992-03-04,-0.225
1992-03-05,-0.625
1992-03-06,-0.465
1992-03-09,-0.185
1992-03-10,0.585
1992-03-11,-0.405
1992-03-12,-0.155
1992-03-13,0.355
1992-03-16,-0.275
1992-03-17,0.315
1992-03-18,0.385
1992-03-19,-0.065
1992-03-20,0.235
1992-03-23,-0.315
1992-03-24,-0.315
1992-03-25,0.225
1992-03-26,-0.115
1992-03-27,-0.915
1992-03-30,-0.305
1992-03-31,-0.035
1992-04-01,-0.655
1992-04-02,-0.605
1992-04-03,-0.465
1992-04-06,-0.115
1992-04-07,-1.745
1992-04-08,-1.715
1992-04-09,1.345
1992-04-10,0.605
1992-04-13,-0.125
1992-04-14,0.565
1992-04-15,0.045
1992-04-16,-0.675
1992-04-20,-1.385
1992-04-21,-0.575
1992-04-22,0.095
1992-04-23,0.085
1992-04-24,0.115
1992-04-27,-0.725
1992-04-28,-0.685
1992-04-29,0.365
1992-04-30,0.665
1992-05-01,0.096
1992-05-04,0.176
1992-05-05,0.276
1992-05-06,0.066
1992-05-07,0.216
1992-05-08,0.066
1992-05-11,-0.014
1992-05-12,-0.064
1992-05-13,-0.224
1992-05-14,-0.474
1992-05-15,-0.254
1992-05-18,-0.234
1992-05-19,-0.044
1992-05-20,0.096
1992-05-21,0.056
1992-05-22,0.226
1992-05-26,-0.614
1992-05-27,0.006
1992-05-28,0.086
1992-05-29,0.496
1992-06-01,-0.135
1992-06-02,0.125
1992-06-03,0.035
1992-06-04,-0.085
1992-06-05,-0.045
1992-06-08,-0.395
1992-06-09,-1.025
1992-06-10,-0.245
1992-06-11,-0.555
1992-06-12,0.305
1992-06-15,-0.595
1992-06-16,-0.475
1992-06-17,-1.515
1992-06-18,-0.875
1992-06-19,0.565
1992-06-22,-1.335
1992-06-23,0.195
1992-06-24,-0.035
1992-06-25,-0.125
1992-06-26,0.375
1992-06-29,0.145
1992-06-30,0.605
1992-07-01,0.486
1992-07-02,0.276
1992-07-06,-0.314
1992-07-07,-0.404
1992-07-08,-0.264
1992-07-09,0.336
1992-07-10,0.526
1992-07-13,0.076
1992-07-14,0.286
1992-07-15,0.346
1992-07-16,-0.084
1992-07-17,-0.274
1992-07-20,-0.734
1992-07-21,0.226
1992-07-22,-0.484
1992-07-23,0.236
1992-07-24,0.046
1992-07-27,0.156
1992-07-28,0.366
1992-07-29,0.456
1992-07-30,0.166
1992-07-31,0.706
1992-08-03,-0.052
1992-08-04,0.048
1992-08-05,-0.002
1992-08-06,-0.302
1992-08-07,0.008
1992-08-10,-0.392
1992-08-11,-0.322
1992-08-12,-0.152
1992-08-13,-0.022
1992-08-14,0.618
1992-08-17,-0.622
1992-08-18,-0.352
1992-08-19,-0.332
1992-08-20,-0.272
1992-08-21,-0.292
1992-08-24,-1.192
1992-08-25,-0.252
1992-08-26,-0.062
1992-08-27,0.318
1992-08-28,0.148
1992-08-31,-0.042
1992-09-01,0.008
1992-09-02,0.288
1992-09-03,0.848
1992-09-04,-0.492
1992-09-08,-0.402
1992-09-09,0.148
1992-09-10,0.398
1992-09-11,0.028
1992-09-14,0.258
1992-09-15,-0.422
1992-09-16,0.298
1992-09-17,-0.242
1992-09-18,0.308
1992-09-21,-0.272
1992-09-22,-0.132
1992-09-23,-0.262
1992-09-24,0.328
1992-09-25,-0.482
1992-09-28,-0.322
1992-09-29,0.048
1992-09-30,0.608
1992-10-01,-0.53
1992-10-02,-0.41
1992-10-05,-1.8
1992-10-06,0.46
1992-10-07,-0.1
1992-10-08,0.52
1992-10-09,-0.26
1992-10-12,0.15
1992-10-13,0.0
1992-10-14,-0.13
1992-10-15,0.21
1992-10-16,-0.09
1992-10-19,0.29
1992-10-20,0.37
1992-10-21,0.47
1992-10-22,0.19
1992-10-23,0.28
1992-10-26,-0.11
1992-10-27,0.08
1992-10-28,0.53
1992-10-29,0.51
1992-10-30,0.47
1992-11-02,0.108
1992-11-03,0.048
1992-11-04,-0.052
1992-11-05,0.608
1992-11-06,0.328
1992-11-09,0.608
1992-11-10,0.488
1992-11-11,0.948
1992-11-12,0.288
1992-11-13,0.668
1992-11-16,0.038
1992-11-17,-0.212
1992-11-18,0.308
1992-11-19,0.308
1992-11-20,0.558
1992-11-23,0.178
1992-11-24,0.238
1992-11-25,0.768
1992-11-27,0.408
1992-11-30,0.378
1992-12-01,0.047
1992-12-02,0.287
1992-12-03,0.647
1992-12-04,0.697
1992-12-07,0.387
1992-12-08,0.227
1992-12-09,-0.083
1992-12-10,-0.343
1992-12-11,0.217
1992-12-14,0.017
1992-12-15,-0.443
1992-12-16,-0.393
1992-12-17,0.287
1992-12-18,0.497
1992-12-21,-0.033
1992-12-22,-0.033
1992-12-23,0.327
1992-12-24,0.497
1992-12-28,-0.403
1992-12-29,0.007
1992-12-30,0.627
1992-12-31,1.477
1993-01-04,0.208
1993-01-05,0.338
1993-01-06,0.878
1993-01-07,0.268
1993-01-08,-0.362
1993-01-11,0.518
1993-01-12,0.168
1993-01-13,0.318
1993-01-14,0.668
1993-01-15,0.628
1993-01-18,0.668
1993-01-19,0.258
1993-01-20,0.638
1993-01-21,0.538
1993-01-22,0.578
1993-01-25,0.768
1993-01-26,0.178
1993-01-27,-0.562
1993-01-28,0.168
1993-01-29,0.468
1993-02-01,0.178
1993-02-02,0.458
1993-02-03,0.358
1993-02-04,0.228
1993-02-05,-0.292
1993-02-08,-0.022
1993-02-09,-0.632
1993-02-10,0.008
1993-02-11,0.548
1993-02-12,-0.182
1993-02-16,-2.872
1993-02-17,-1.012
1993-02-18,0.218
1993-02-19,0.448
1993-02-22,-0.822
1993-02-23,-0.452
1993-02-24,0.618
1993-02-25,0.348
1993-02-26,0.688
1993-03-01,0.049
1993-03-02,0.239
1993-03-03,0.419
1993-03-04,-0.071
1993-03-05,0.439
1993-03-08,0.379
1993-03-09,0.159
1993-03-10,0.359
1993-03-11,0.379
1993-03-12,-0.081
1993-03-15,0.249
1993-03-16,0.109
1993-03-17,-0.171
1993-03-18,0.149
1993-03-19,-0.301
1993-03-22,-0.601
1993-03-23,0.109
1993-03-24,-0.151
1993-03-25,0.389
1993-03-26,0.339
1993-03-29,0.219
1993-03-30,0.029
1993-03-31,0.689
1993-04-01,-0.061
1993-04-02,-0.991
1993-04-05,-0.271
1993-04-06,-0.551
1993-04-07,-0.081
1993-04-08,0.179
1993-04-12,-0.031
1993-04-13,0.449
1993-04-14,0.019
1993-04-15,-0.021
1993-04-16,0.239
1993-04-19,-0.371
1993-04-20,-0.531
1993-04-21,0.179
1993-04-22,0.209
1993-04-23,-0.021
1993-04-26,-1.381
1993-04-27,-0.001
1993-04-28,0.239
1993-04-29,0.249
1993-04-30,0.699
1993-05-03,0.239
1993-05-04,0.359
1993-05-05,0.569
1993-05-06,0.219
1993-05-07,0.179
1993-05-10,0.289
1993-05-11,0.029
1993-05-12,0.139
1993-05-13,-0.131
1993-05-14,0.079
1993-05-17,-0.251
1993-05-18,-0.311
1993-05-19,0.269
1993-05-20,0.279
1993-05-21,0.149
1993-05-24,0.019
1993-05-25,0.009
1993-05-26,0.369
1993-05-27,0.419
1993-05-28,0.199
1993-06-01,0.118
1993-06-02,0.378
1993-06-03,0.078
1993-06-04,0.498
1993-06-07,-0.192
1993-06-08,-0.722
1993-06-09,0.248
1993-06-10,-0.232
1993-06-11,0.438
1993-06-14,-0.242
1993-06-15,0.058
1993-06-16,-0.082
1993-06-17,0.298
1993-06-18,-0.092
1993-06-21,-0.292
1993-06-22,-0.272
1993-06-23,-0.152
1993-06-24,0.108
1993-06-25,0.348
1993-06-28,0.268
1993-06-29,0.128
1993-06-30,0.358
1993-07-01,0.209
1993-07-02,0.129
1993-07-06,-0.101
1993-07-07,-0.021
1993-07-08,0.369
1993-07-09,0.269
1993-07-12,0.009
1993-07-13,0.119
1993-07-14,0.489
1993-07-15,0.059
1993-07-16,-0.111
1993-07-19,-0.271
1993-07-20,-0.071
1993-07-21,-0.311
1993-07-22,-0.291
1993-07-23,0.169
1993-07-26,-0.081
1993-07-27,-0.061
1993-07-28,-0.071
1993-07-29,0.229
1993-07-30,0.349
1993-08-02,0.079
1993-08-03,0.069
1993-08-04,0.049
1993-08-05,-0.191
1993-08-06,0.239
1993-08-09,-0.001
1993-08-10,-0.011
1993-08-11,0.449
1993-08-12,-0.111
1993-08-13,0.169
1993-08-16,-0.051
1993-08-17,0.079
1993-08-18,0.189
1993-08-19,0.339
1993-08-20,0.269
1993-08-23,-0.211
1993-08-24,0.419
1993-08-25,0.209
1993-08-26,0.009
1993-08-27,0.319
1993-08-30,0.139
1993-08-31,0.939
1993-09-01,0.128
1993-09-02,0.118
1993-09-03,0.608
1993-09-07,-0.722
1993-09-08,-1.042
1993-09-09,0.558
1993-09-10,0.598
1993-09-13,-0.102
1993-09-14,-0.652
1993-09-15,0.658
1993-09-16,-0.012
1993-09-17,0.548
1993-09-20,-0.162
1993-09-21,-1.252
1993-09-22,0.978
1993-09-23,0.478
1993-09-24,0.578
1993-09-27,0.338
1993-09-28,0.258
1993-09-29,0.328
1993-09-30,1.288
1993-10-01,-0.051
1993-10-04,0.149
1993-10-05,-0.011
1993-10-06,0.599
1993-10-07,0.229
1993-10-08,0.309
1993-10-11,0.389
1993-10-12,0.309
1993-10-13,0.529
1993-10-14,0.539
1993-10-15,0.839
1993-10-18,-0.311
1993-10-19,-0.691
1993-10-20,-0.111
1993-10-21,0.009
1993-10-22,0.409
1993-10-25,-0.221
1993-10-26,0.029
1993-10-27,0.269
1993-10-28,0.499
1993-10-29,1.039
1993-11-01,-0.122
1993-11-02,0.208
1993-11-03,-0.782
1993-11-04,-0.952
1993-11-05,-0.362
1993-11-08,0.398
1993-11-09,0.208
1993-11-10,0.698
1993-11-11,0.348
1993-11-12,0.198
1993-11-15,-0.322
1993-11-16,-0.682
1993-11-17,-0.592
1993-11-18,-0.332
1993-11-19,-0.412
1993-11-22,-1.762
1993-11-23,0.378
1993-11-24,0.378
1993-11-26,0.358
1993-11-29,-0.402
1993-11-30,0.308
1993-12-01,0.16
1993-12-02,0.11
1993-12-03,0.1
1993-12-06,-0.26
1993-12-07,-0.14
1993-12-08,-0.15
1993-12-09,-0.15
1993-12-10,0.22
1993-12-13,-0.52
1993-12-14,-0.88
1993-12-15,-0.17
1993-12-16,-0.02
1993-12-17,0.11
1993-12-20,-0.39
1993-12-21,-0.46
1993-12-22,-0.21
1993-12-23,0.07
1993-12-27,0.18
1993-12-28,-0.09
1993-12-29,0.41
1993-12-30,0.37
1993-12-31,1.56
1994-01-03,0.088
1994-01-04,0.708
1994-01-05,0.488
1994-01-06,0.408
1994-01-07,0.648
1994-01-10,0.058
1994-01-11,-0.102
1994-01-12,0.148
1994-01-13,0.208
1994-01-14,0.758
1994-01-17,-0.292
1994-01-18,0.208
1994-01-19,-0.092
1994-01-20,0.148
1994-01-21,0.598
1994-01-24,-0.132
1994-01-25,-0.342
1994-01-26,0.508
1994-01-27,0.168
1994-01-28,0.348
1994-01-31,0.628
1994-02-01,-0.471
1994-02-02,0.139
1994-02-03,-0.061
1994-02-04,-1.951
1994-02-07,-0.281
1994-02-08,0.549
1994-02-09,0.459
1994-02-10,0.099
1994-02-11,-0.241
1994-02-14,0.069
1994-02-15,0.139
1994-02-16,0.519
1994-02-17,-0.231
1994-02-18,-0.101
1994-02-22,-0.221
1994-02-23,0.089
1994-02-24,-0.891
1994-02-25,0.289
1994-02-28,1.099
1994-03-01,-0.622
1994-03-02,-0.862
1994-03-03,0.138
1994-03-04,0.568
1994-03-07,0.228
1994-03-08,0.158
1994-03-09,0.168
1994-03-10,-0.222
1994-03-11,0.378
1994-03-14,0.228
1994-03-15,0.238
1994-03-16,0.338
1994-03-17,0.398
1994-03-18,0.208
1994-03-21,-0.342
1994-03-22,0.088
1994-03-23,0.328
1994-03-24,-0.952
1994-03-25,0.288
1994-03-28,-1.292
1994-03-29,-1.722
1994-03-30,-1.982
1994-03-31,-0.622
1994-04-04,-2.314
1994-04-05,2.346
1994-04-06,0.396
1994-04-07,0.596
1994-04-08,-0.174
1994-04-11,-0.394
1994-04-12,-0.534
1994-04-13,-0.994
1994-04-14,0.066
1994-04-15,-0.184
1994-04-18,-0.744
1994-04-19,-0.764
1994-04-20,-0.814
1994-04-21,0.416
1994-04-22,0.326
1994-04-25,0.406
1994-04-26,0.246
1994-04-28,0.046
1994-04-29,0.576
1994-05-02,0.115
1994-05-03,0.225
1994-05-04,0.205
1994-05-05,0.155
1994-05-06,-0.745
1994-05-09,-0.685
1994-05-10,0.065
1994-05-11,-0.625
1994-05-12,0.125
1994-05-13,-0.055
1994-05-16,-0.585
1994-05-17,-0.365
1994-05-18,0.345
1994-05-19,0.465
1994-05-20,0.075
1994-05-23,-0.165
1994-05-24,0.065
1994-05-25,0.155
1994-05-26,0.135
1994-05-27,0.405
1994-05-31,-0.045
1994-06-01,-0.284
1994-06-02,0.406
1994-06-03,0.256
1994-06-06,0.196
1994-06-07,-0.214
1994-06-08,-0.284
1994-06-09,-0.084
1994-06-10,0.356
1994-06-13,0.016
1994-06-14,0.006
1994-06-15,0.126
1994-06-16,-0.194
1994-06-17,-0.174
1994-06-20,-1.134
1994-06-21,-0.894
1994-06-22,0.326
1994-06-23,-0.754
1994-06-24,-0.984
1994-06-27,-0.314
1994-06-28,-0.414
1994-06-29,0.246
1994-06-30,1.426
1994-07-01,-0.374
1994-07-05,-0.494
1994-07-06,-0.124
1994-07-07,0.126
1994-07-08,-0.104
1994-07-11,-0.274
1994-07-12,0.076
1994-07-13,0.296
1994-07-14,0.486
1994-07-15,0.676
1994-07-18,-0.274
1994-07-19,0.116
1994-07-20,-0.244
1994-07-21,0.076
1994-07-22,0.236
1994-07-25,-0.214
1994-07-26,-0.084
1994-07-27,0.006
1994-07-28,-0.144
1994-07-29,0.616
1994-08-01,-0.236
1994-08-02,-0.026
1994-08-03,0.064
1994-08-04,-0.106
1994-08-05,-0.176
1994-08-08,-0.076
1994-08-09,0.074
1994-08-10,-0.016
1994-08-11,-0.026
1994-08-12,0.384
1994-08-15,-0.246
1994-08-16,-0.056
1994-08-17,0.514
1994-08-18,0.014
1994-08-19,0.354
1994-08-22,0.084
1994-08-23,0.364
1994-08-24,0.294
1994-08-25,0.184
1994-08-26,0.334
1994-08-29,-0.106
1994-08-30,0.214
1994-08-31,0.444
1994-09-01,-0.147
1994-09-02,0.493
1994-09-06,-0.047
1994-09-07,0.163
1994-09-08,0.383
1994-09-09,-0.157
1994-09-12,-0.117
1994-09-13,0.473
1994-09-14,0.373
1994-09-15,0.373
1994-09-16,-0.087
1994-09-19,0.193
1994-09-20,-0.527
1994-09-21,-0.657
1994-09-22,0.073
1994-09-23,-0.047
1994-09-26,-0.357
1994-09-27,-0.167
1994-09-28,0.263
1994-09-29,-0.207
1994-09-30,0.863
1994-10-03,-0.408
1994-10-04,-1.038
1994-10-05,-0.608
1994-10-06,0.262
1994-10-07,0.282
1994-10-10,0.392
1994-10-11,0.172
1994-10-12,0.152
1994-10-13,0.222
1994-10-14,0.262
1994-10-17,-0.008
1994-10-18,-0.198
1994-10-19,0.432
1994-10-20,-0.468
1994-10-21,0.182
1994-10-24,-0.508
1994-10-25,-0.498
1994-10-26,0.152
1994-10-27,0.392
1994-10-28,0.652
1994-10-31,0.352
1994-11-01,-0.748
1994-11-02,-0.008
1994-11-03,0.282
1994-11-04,-0.128
1994-11-07,-0.598
1994-11-08,0.082
1994-11-09,-0.128
1994-11-10,-0.158
1994-11-11,0.062
1994-11-14,-0.158
1994-11-15,-0.118
1994-11-16,-0.048
1994-11-17,-0.228
1994-11-18,-0.308
1994-11-21,-0.818
1994-11-22,-1.458
1994-11-23,-0.928
1994-11-25,0.622
1994-11-28,-0.218
1994-11-29,0.052
1994-11-30,0.722
1994-12-01,-1.171
1994-12-02,0.189
1994-12-05,-0.201
1994-12-06,-0.651
1994-12-07,-0.651
1994-12-08,-1.321
1994-12-09,-0.491
1994-12-12,-0.461
1994-12-13,0.019
1994-12-14,0.309
1994-12-15,0.279
1994-12-16,0.309
1994-12-19,-0.291
1994-12-20,0.199
1994-12-21,0.069
1994-12-22,0.109
1994-12-23,0.299
1994-12-27,0.079
1994-12-28,-0.481
1994-12-29,0.209
1994-12-30,0.879
1995-01-03,0.08
1995-01-04,0.41
1995-01-05,0.24
1995-01-06,0.45
1995-01-09,0.3
1995-01-10,0.18
1995-01-11,-0.03
1995-01-12,0.17
1995-01-13,0.51
1995-01-16,0.42
1995-01-17,0.33
1995-01-18,0.21
1995-01-19,-0.3
1995-01-20,-0.01
1995-01-23,-0.49
1995-01-24,0.21
1995-01-25,-0.09
1995-01-26,-0.03
1995-01-27,0.09
1995-01-30,-0.38
1995-01-31,0.29
1995-02-01,-0.031
1995-02-02,0.289
1995-02-03,0.549
1995-02-06,0.249
1995-02-07,0.049
1995-02-08,0.299
1995-02-09,0.219
1995-02-10,0.379
1995-02-13,0.109
1995-02-14,0.199
1995-02-15,-0.011
1995-02-16,0.229
1995-02-17,-0.171
1995-02-21,-0.231
1995-02-22,0.079
1995-02-23,-0.011
1995-02-24,0.589
1995-02-27,-1.241
1995-02-28,0.249
1995-03-01,0.04
1995-03-02,-0.05
1995-03-03,0.37
1995-03-06,-0.34
1995-03-07,-0.78
1995-03-08,0.16
1995-03-09,0.0
1995-03-10,0.49
1995-03-13,0.11
1995-03-14,0.19
1995-03-15,0.11
1995-03-16,0.36
1995-03-17,0.18
1995-03-20,-0.05
1995-03-21,-0.33
1995-03-22,-0.08
1995-03-23,0.21
1995-03-24,0.52
1995-03-27,0.12
1995-03-28,0.16
1995-03-29,-0.18
1995-03-30,0.07
1995-03-31,0.29
1995-04-03,-0.023
1995-04-04,-0.073
1995-04-05,0.097
1995-04-06,0.247
1995-04-07,-0.023
1995-04-10,0.227
1995-04-11,-0.033
1995-04-12,0.287
1995-04-13,0.687
1995-04-17,-0.183
1995-04-18,-0.223
1995-04-19,-0.263
1995-04-20,0.217
1995-04-21,0.397
1995-04-24,0.417
1995-04-25,-0.003
1995-04-26,0.197
1995-04-27,0.207
1995-04-28,0.317
1995-05-01,0.036
1995-05-02,0.046
1995-05-03,0.146
1995-05-04,-0.614
1995-05-05,0.036
1995-05-08,0.406
1995-05-09,0.196
1995-05-10,-0.174
1995-05-11,0.196
1995-05-12,0.366
1995-05-15,0.176
1995-05-16,-0.094
1995-05-17,0.156
1995-05-18,-0.344
1995-05-19,0.106
1995-05-22,0.486
1995-05-23,0.436
1995-05-24,0.196
1995-05-25,0.086
1995-05-26,-0.084
1995-05-30,-0.554
1995-05-31,0.536
1995-06-01,0.089
1995-06-02,0.249
1995-06-05,0.609
1995-06-06,0.329
1995-06-07,0.219
1995-06-08,0.519
1995-06-09,-0.021
1995-06-12,0.419
1995-06-13,0.429
1995-06-14,0.279
1995-06-15,0.459
1995-06-16,0.409
1995-06-19,0.469
1995-06-20,0.149
1995-06-21,0.299
1995-06-22,0.719
1995-06-23,-0.041
1995-06-26,-0.611
1995-06-27,0.139
1995-06-28,0.069
1995-06-29,0.319
1995-06-30,1.409
1995-07-03,0.027
1995-07-05,-0.063
1995-07-06,0.327
1995-07-07,0.807
1995-07-10,0.427
1995-07-11,0.207
1995-07-12,0.877
1995-07-13,0.487
1995-07-14,0.397
1995-07-17,0.087
1995-07-18,-0.473
1995-07-19,-1.873
1995-07-20,0.727
1995-07-21,0.447
1995-07-24,0.597
1995-07-25,0.497
1995-07-26,0.297
1995-07-27,0.407
1995-07-28,0.347
1995-07-31,0.157
1995-08-01,-0.16
1995-08-02,-0.05
1995-08-03,0.0
1995-08-04,0.4
1995-08-07,0.23
1995-08-08,0.18
1995-08-09,0.2
1995-08-10,0.36
1995-08-11,0.02
1995-08-14,0.22
1995-08-15,0.08
1995-08-16,0.43
1995-08-17,0.51
1995-08-18,0.65
1995-08-21,-0.1
1995-08-22,0.24
1995-08-23,0.23
1995-08-24,0.02
1995-08-25,0.37
1995-08-28,-0.17
1995-08-29,-0.59
1995-08-30,0.53
1995-08-31,0.51
1995-09-01,0.248
1995-09-05,0.068
1995-09-06,0.318
1995-09-07,0.608
1995-09-08,0.718
1995-09-11,0.178
1995-09-12,0.528
1995-09-13,0.328
1995-09-14,0.358
1995-09-15,-0.232
1995-09-18,-0.492
1995-09-19,0.018
1995-09-20,0.378
1995-09-21,-0.162
1995-09-22,-0.262
1995-09-25,-0.352
1995-09-26,-0.342
1995-09-27,-1.332
1995-09-28,0.628
1995-09-29,0.658
1995-10-02,-0.891
1995-10-03,-0.891
1995-10-04,-0.851
1995-10-05,-0.141
1995-10-06,0.249
1995-10-09,-1.451
1995-10-10,-1.041
1995-10-11,0.729
1995-10-12,0.599
1995-10-13,0.549
1995-10-16,-0.101
1995-10-17,-0.161
1995-10-18,0.089
1995-10-19,0.099
1995-10-20,0.139
1995-10-23,-0.581
1995-10-24,-0.071
1995-10-25,-0.771
1995-10-26,-1.031
1995-10-27,-0.181
1995-10-30,-0.001
1995-10-31,0.139
1995-11-01,-0.18
1995-11-02,0.37
1995-11-03,0.44
1995-11-06,-0.02
1995-11-07,-0.43
1995-11-08,0.26
1995-11-09,0.15
1995-11-10,0.18
1995-11-13,-0.33
1995-11-14,-0.64
1995-11-15,-0.09
1995-11-16,0.18
1995-11-17,0.2
1995-11-20,-0.2
1995-11-21,-0.71
1995-11-22,0.07
1995-11-24,0.27
1995-11-27,-0.27
1995-11-28,0.05
1995-11-29,0.08
1995-11-30,0.75
1995-12-01,0.476
1995-12-04,0.336
1995-12-05,-0.174
1995-12-06,-0.284
1995-12-07,-0.164
1995-12-08,0.286
1995-12-11,-0.274
1995-12-12,-0.364
1995-12-13,0.166
1995-12-14,-0.204
1995-12-15,-0.334
1995-12-18,-2.014
1995-12-19,0.396
1995-12-20,0.446
1995-12-21,0.606
1995-12-22,0.606
1995-12-26,0.116
1995-12-27,0.026
1995-12-28,-0.364
1995-12-29,1.076
1996-01-02,0.471
1996-01-03,0.591
1996-01-04,-0.619
1996-01-05,0.491
1996-01-08,0.481
1996-01-09,-1.049
1996-01-10,-0.999
1996-01-11,0.651
1996-01-12,-0.029
1996-01-15,-0.549
1996-01-16,-0.169
1996-01-17,-0.039
1996-01-18,0.421
1996-01-19,0.261
1996-01-22,0.371
1996-01-23,0.021
1996-01-24,0.341
1996-01-25,0.211
1996-01-26,0.331
1996-01-29,0.231
1996-01-30,0.241
1996-01-31,0.431
1996-02-01,0.33
1996-02-02,0.29
1996-02-05,0.16
1996-02-06,-0.01
1996-02-07,-0.01
1996-02-08,0.51
1996-02-09,0.28
1996-02-12,-0.05
1996-02-13,-0.27
1996-02-14,0.18
1996-02-15,0.34
1996-02-16,0.26
1996-02-20,-0.83
1996-02-21,0.66
1996-02-22,0.68
1996-02-23,0.0
1996-02-26,-0.13
1996-02-27,-0.16
1996-02-28,0.35
1996-02-29,-0.01
1996-03-01,0.241
1996-03-04,-0.039
1996-03-05,0.191
1996-03-06,0.081
1996-03-07,0.081
1996-03-08,-2.289
1996-03-11,0.831
1996-03-12,-0.239
1996-03-13,0.611
1996-03-14,0.801
1996-03-15,0.411
1996-03-18,0.301
1996-03-19,-0.009
1996-03-20,0.081
1996-03-21,0.411
1996-03-22,0.431
1996-03-25,-0.499
1996-03-26,-0.269
1996-03-27,0.201
1996-03-28,0.041
1996-03-29,1.101
1996-04-01,0.058
1996-04-02,0.248
1996-04-03,0.618
1996-04-04,0.228
1996-04-08,-1.192
1996-04-09,0.278
1996-04-10,0.068
1996-04-11,-0.252
1996-04-12,0.428
1996-04-15,0.788
1996-04-16,0.468
1996-04-17,0.158
1996-04-18,0.558
1996-04-19,0.408
1996-04-22,0.648
1996-04-23,0.488
1996-04-24,0.288
1996-04-25,0.808
1996-04-26,0.708
1996-04-29,0.368
1996-04-30,0.328
1996-05-01,0.881
1996-05-02,-0.439
1996-05-03,0.741
1996-05-06,0.611
1996-05-07,-0.569
1996-05-08,-0.629
1996-05-09,0.831
1996-05-10,0.771
1996-05-13,0.661
1996-05-14,0.621
1996-05-15,0.281
1996-05-16,0.561
1996-05-17,0.851
1996-05-20,0.741
1996-05-21,0.151
1996-05-22,0.661
1996-05-23,0.411
1996-05-24,0.831
1996-05-28,-0.669
1996-05-29,-0.589
1996-05-30,0.661
1996-05-31,0.731
1996-06-03,-0.22
1996-06-04,0.45
1996-06-05,0.42
1996-06-06,-0.9
1996-06-07,-0.52
1996-06-10,0.03
1996-06-11,-0.07
1996-06-12,0.2
1996-06-13,-0.29
1996-06-14,-0.36
1996-06-17,-0.61
1996-06-18,-1.93
1996-06-19,-0.56
1996-06-20,-1.03
1996-06-21,0.45
1996-06-24,0.37
1996-06-25,-0.78
1996-06-26,-1.43
1996-06-27,0.11
1996-06-28,1.44
1996-07-01,0.34
1996-07-02,0.04
1996-07-03,-0.17
1996-07-05,-0.97
1996-07-08,-0.94
1996-07-09,-0.05
1996-07-10,-1.12
1996-07-11,-2.39
1996-07-12,-0.21
1996-07-15,-2.62
1996-07-16,-1.78
1996-07-17,2.2
1996-07-18,1.25
1996-07-19,0.03
1996-07-22,-1.2
1996-07-23,-1.66
1996-07-24,-2.17
1996-07-25,0.92
1996-07-26,0.82
1996-07-29,-0.56
1996-07-30,-0.25
1996-07-31,0.68
1996-08-01,0.131
1996-08-02,0.891
1996-08-05,-0.239
1996-08-06,0.131
1996-08-07,0.351
1996-08-08,0.111
1996-08-09,0.081
1996-08-12,-0.069
1996-08-13,-0.429
1996-08-14,0.251
1996-08-15,0.031
1996-08-16,0.391
1996-08-19,-0.099
1996-08-20,-0.029
1996-08-21,-0.029
1996-08-22,0.551
1996-08-23,0.131
1996-08-26,-0.129
1996-08-27,0.321
1996-08-28,0.341
1996-08-29,-0.119
1996-08-30,0.341
1996-09-03,-0.662
1996-09-04,0.138
1996-09-05,-0.312
1996-09-06,0.558
1996-09-09,0.238
1996-09-10,-0.102
1996-09-11,0.178
1996-09-12,0.198
1996-09-13,0.358
1996-09-16,0.038
1996-09-17,-0.182
1996-09-18,0.228
1996-09-19,0.048
1996-09-20,0.208
1996-09-23,-0.092
1996-09-24,-0.062
1996-09-25,0.178
1996-09-26,0.238
1996-09-27,0.398
1996-09-30,0.078
1996-10-01,-0.288
1996-10-02,0.242
1996-10-03,-0.028
1996-10-04,0.152
1996-10-07,-0.188
1996-10-08,-0.128
1996-10-09,-0.138
1996-10-10,0.122
1996-10-11,0.172
1996-10-14,0.002
1996-10-15,-0.348
1996-10-16,-0.168
1996-10-17,-0.068
1996-10-18,0.062
1996-10-21,-0.478
1996-10-22,-0.778
1996-10-23,-0.358
1996-10-24,0.192
1996-10-25,-0.008
1996-10-28,-0.558
1996-10-29,-0.698
1996-10-30,-0.208
1996-10-31,0.432
1996-11-01,-0.31
1996-11-04,-0.57
1996-11-05,0.0
1996-11-06,0.31
1996-11-07,0.17
1996-11-08,0.1
1996-11-11,0.15
1996-11-12,-0.25
1996-11-13,0.09
1996-11-14,0.06
1996-11-15,0.27
1996-11-18,-0.51
1996-11-19,-0.15
1996-11-20,0.03
1996-11-21,-0.08
1996-11-22,0.6
1996-11-25,0.38
1996-11-26,-0.49
1996-11-27,0.45
1996-11-29,0.72
1996-12-02,-0.312
1996-12-03,0.308
1996-12-04,-0.052
1996-12-05,0.408
1996-12-06,-0.902
1996-12-09,0.738
1996-12-10,0.278
1996-12-11,-0.962
1996-12-12,0.118
1996-12-13,-0.242
1996-12-16,-0.452
1996-12-17,-0.382
1996-12-18,0.408
1996-12-19,0.398
1996-12-20,0.038
1996-12-23,-0.462
1996-12-24,0.188
1996-12-26,-0.012
1996-12-27,-0.032
1996-12-30,-0.252
1996-12-31,1.098
1997-01-02,-0.2
1997-01-03,1.18
1997-01-06,0.51
1997-01-07,0.78
1997-01-08,0.5
1997-01-09,0.63
1997-01-10,0.38
1997-01-13,0.1
1997-01-14,0.33
1997-01-15,-0.13
1997-01-16,0.27
1997-01-17,0.38
1997-01-20,0.24
1997-01-21,-0.03
1997-01-22,0.25
1997-01-23,0.12
1997-01-24,-0.3
1997-01-27,-0.29
1997-01-28,0.25
1997-01-29,0.21
1997-01-30,0.22
1997-01-31,0.4
1997-02-03,0.09
1997-02-04,-0.13
1997-02-05,-0.36
1997-02-06,-0.06
1997-02-07,0.18
1997-02-10,-0.48
1997-02-11,-0.31
1997-02-12,0.51
1997-02-13,0.24
1997-02-14,0.0
1997-02-18,0.17
1997-02-19,0.13
1997-02-20,-0.72
1997-02-21,0.15
1997-02-24,0.0
1997-02-25,0.18
1997-02-26,-0.54
1997-02-27,-0.28
1997-02-28,-0.51
1997-03-03,-0.181
1997-03-04,0.069
1997-03-05,0.439
1997-03-06,-0.011
1997-03-07,-0.021
1997-03-10,0.279
1997-03-11,-0.011
1997-03-12,-0.361
1997-03-13,-0.781
1997-03-14,0.049
1997-03-17,-0.771
1997-03-18,-0.531
1997-03-19,-1.291
1997-03-20,0.199
1997-03-21,0.089
1997-03-24,-0.571
1997-03-25,-0.071
1997-03-26,0.289
1997-03-27,-0.741
1997-03-31,-0.991
1997-04-01,-0.81
1997-04-02,-0.72
1997-04-03,-0.44
1997-04-04,0.34
1997-04-07,0.64
1997-04-08,0.0
1997-04-09,0.19
1997-04-10,-0.11
1997-04-11,-1.14
1997-04-14,-0.49
1997-04-15,0.04
1997-04-16,0.14
1997-04-17,0.0
1997-04-18,0.13
1997-04-21,-0.92
1997-04-22,-0.15
1997-04-23,-0.32
1997-04-24,0.2
1997-04-25,-0.02
1997-04-28,-0.43
1997-04-29,0.24
1997-04-30,0.03
1997-05-01,0.307
1997-05-02,1.087
1997-05-05,0.757
1997-05-06,0.317
1997-05-07,0.107
1997-05-08,0.017
1997-05-09,0.807
1997-05-12,0.417
1997-05-13,0.107
1997-05-14,0.367
1997-05-15,0.057
1997-05-16,0.207
1997-05-19,-0.043
1997-05-20,0.267
1997-05-21,0.387
1997-05-22,0.267
1997-05-23,0.647
1997-05-27,0.177
1997-05-28,0.217
1997-05-29,0.337
1997-05-30,0.377
1997-06-02,0.412
1997-06-03,0.182
1997-06-04,0.262
1997-06-05,0.412
1997-06-06,0.562
1997-06-09,0.132
1997-06-10,-0.008
1997-06-11,0.132
1997-06-12,0.072
1997-06-13,0.162
1997-06-16,0.102
1997-06-17,0.052
1997-06-18,0.152
1997-06-19,0.422
1997-06-20,0.372
1997-06-23,0.012
1997-06-24,0.412
1997-06-25,0.082
1997-06-26,-0.158
1997-06-27,0.422
1997-06-30,0.522
1997-07-01,0.181
1997-07-02,0.091
1997-07-03,0.341
1997-07-07,-0.229
1997-07-08,0.181
1997-07-09,-0.119
1997-07-10,0.371
1997-07-11,0.671
1997-07-14,0.221
1997-07-15,0.701
1997-07-16,0.141
1997-07-17,-0.029
1997-07-18,-0.189
1997-07-21,-0.059
1997-07-22,0.351
1997-07-23,0.251
1997-07-24,0.181
1997-07-25,0.331
1997-07-28,0.291
1997-07-29,-0.039
1997-07-30,0.311
1997-07-31,0.371
1997-08-01,0.1
1997-08-04,0.29
1997-08-05,0.54
1997-08-06,0.71
1997-08-07,0.22
1997-08-08,-0.52
1997-08-11,-0.07
1997-08-12,-0.08
1997-08-13,0.12
1997-08-14,0.26
1997-08-15,-0.28
1997-08-18,-0.09
1997-08-19,0.51
1997-08-20,0.7
1997-08-21,0.04
1997-08-22,-0.45
1997-08-25,0.51
1997-08-26,0.27
1997-08-27,0.56
1997-08-28,0.19
1997-08-29,0.23
1997-09-02,1.039
1997-09-03,0.309
1997-09-04,0.439
1997-09-05,0.709
1997-09-08,0.629
1997-09-09,0.669
1997-09-10,0.159
1997-09-11,0.209
1997-09-12,0.779
1997-09-15,0.229
1997-09-16,0.349
1997-09-17,0.139
1997-09-18,0.459
1997-09-19,0.509
1997-09-22,0.579
1997-09-23,0.209
1997-09-24,0.389
1997-09-25,0.249
1997-09-26,0.479
1997-09-29,0.229
1997-09-30,0.399
1997-10-01,0.132
1997-10-02,0.432
1997-10-03,0.552
1997-10-06,0.632
1997-10-07,0.472
1997-10-08,0.202
1997-10-09,0.442
1997-10-10,0.412
1997-10-13,0.562
1997-10-14,-0.248
1997-10-15,0.022
1997-10-16,-0.788
1997-10-17,-1.448
1997-10-20,0.742
1997-10-21,0.732
1997-10-22,0.142
1997-10-23,-1.688
1997-10-24,-0.048
1997-10-27,-6.048
1997-10-28,1.452
1997-10-29,1.252
1997-10-30,-1.168
1997-10-31,1.032
1997-11-03,0.829
1997-11-04,-0.051
1997-11-05,0.399
1997-11-06,0.049
1997-11-07,-1.331
1997-11-10,-0.081
1997-11-11,-0.281
1997-11-12,-1.831
1997-11-13,-0.441
1997-11-14,0.339
1997-11-17,0.679
1997-11-18,-0.451
1997-11-19,-0.111
1997-11-20,0.179
1997-11-21,0.079
1997-11-24,-1.191
1997-11-25,-0.291
1997-11-26,0.069
1997-11-28,0.369
1997-12-01,-0.042
1997-12-02,-0.572
1997-12-03,-0.142
1997-12-04,-0.032
1997-12-05,0.328
1997-12-08,0.128
1997-12-09,-0.722
1997-12-10,-1.072
1997-12-11,-1.492
1997-12-12,-0.552
1997-12-15,-0.862
1997-12-16,0.138
1997-12-17,0.228
1997-12-18,-0.732
1997-12-19,-0.512
1997-12-22,-0.522
1997-12-23,-0.122
1997-12-24,0.058
1997-12-26,0.068
1997-12-29,-0.192
1997-12-30,0.828
1997-12-31,1.868
1998-01-02,0.279
1998-01-05,0.529
1998-01-06,-0.331
1998-01-07,-0.421
1998-01-08,-0.181
1998-01-09,-1.971
1998-01-12,-1.181
1998-01-13,1.129
1998-01-14,0.429
1998-01-15,-0.161
1998-01-16,0.619
1998-01-20,0.579
1998-01-21,0.019
1998-01-22,-0.411
1998-01-23,0.039
1998-01-26,-0.621
1998-01-27,-0.031
1998-01-28,0.249
1998-01-29,0.299
1998-01-30,0.339
1998-02-02,0.179
1998-02-03,0.149
1998-02-04,0.459
1998-02-05,0.449
1998-02-06,0.499
1998-02-09,0.199
1998-02-10,0.539
1998-02-11,0.139
1998-02-12,0.059
1998-02-13,0.279
1998-02-17,-0.021
1998-02-18,-0.031
1998-02-19,0.199
1998-02-20,0.219
1998-02-23,0.189
1998-02-24,-0.101
1998-02-25,0.449
1998-02-26,0.399
1998-02-27,0.359
1998-03-02,0.042
1998-03-03,-0.118
1998-03-04,0.342
1998-03-05,-0.578
1998-03-06,0.952
1998-03-09,-0.118
1998-03-10,0.342
1998-03-11,0.382
1998-03-12,0.352
1998-03-13,0.392
1998-03-16,0.382
1998-03-17,-0.078
1998-03-18,0.362
1998-03-19,0.362
1998-03-20,0.292
1998-03-23,-0.168
1998-03-24,0.362
1998-03-25,0.062
1998-03-26,0.242
1998-03-27,0.252
1998-03-30,-0.038
1998-03-31,0.652
1998-04-01,0.2
1998-04-02,0.17
1998-04-03,0.06
1998-04-06,-0.25
1998-04-07,-1.06
1998-04-08,0.5
1998-04-09,0.74
1998-04-13,0.0
1998-04-14,0.56
1998-04-15,0.4
1998-04-16,0.11
1998-04-17,0.48
1998-04-20,0.61
1998-04-21,0.84
1998-04-22,0.07
1998-04-23,-0.77
1998-04-24,-0.3
1998-04-27,-2.03
1998-04-28,0.81
1998-04-29,0.56
1998-04-30,0.74
1998-05-01,0.15
1998-05-04,0.34
1998-05-05,-0.32
1998-05-06,-0.15
1998-05-07,-0.3
1998-05-08,0.41
1998-05-11,-0.32
1998-05-12,-0.24
1998-05-13,0.04
1998-05-14,-0.15
1998-05-15,-0.28
1998-05-18,-0.86
1998-05-19,0.02
1998-05-20,-0.29
1998-05-21,-0.34
1998-05-22,-0.25
1998-05-26,-1.61
1998-05-27,-1.56
1998-05-28,0.87
1998-05-29,0.11
1998-06-01,-1.289
1998-06-02,-0.209
1998-06-03,-0.129
1998-06-04,0.101
1998-06-05,0.351
1998-06-08,0.011
1998-06-09,-0.079
1998-06-10,-0.739
1998-06-11,-1.039
1998-06-12,-0.829
1998-06-15,-1.809
1998-06-16,0.461
1998-06-17,0.741
1998-06-18,-0.059
1998-06-19,-0.199
1998-06-22,-0.039
1998-06-23,0.331
1998-06-24,0.291
1998-06-25,0.111
1998-06-26,0.041
1998-06-29,0.171
1998-06-30,0.361
1998-07-01,0.082
1998-07-02,-0.128
1998-07-06,-0.048
1998-07-07,-0.328
1998-07-08,0.042
1998-07-09,-0.018
1998-07-10,-0.058
1998-07-13,-0.268
1998-07-14,0.032
1998-07-15,0.162
1998-07-16,0.092
1998-07-17,0.342
1998-07-20,-0.028
1998-07-21,-0.678
1998-07-22,-0.608
1998-07-23,-1.358
1998-07-24,-0.348
1998-07-27,-1.128
1998-07-28,-1.108
1998-07-29,-0.548
1998-07-30,0.102
1998-07-31,-0.978
1998-08-03,-1.43
1998-08-04,-2.91
1998-08-05,-1.1
1998-08-06,0.82
1998-08-07,1.06
1998-08-10,-0.36
1998-08-11,-2.2
1998-08-12,0.84
1998-08-13,-0.64
1998-08-14,-0.31
1998-08-17,-0.56
1998-08-18,0.38
1998-08-19,-0.36
1998-08-20,-0.69
1998-08-21,-1.31
1998-08-24,-0.81
1998-08-25,-0.61
1998-08-26,-2.2
1998-08-27,-3.43
1998-08-28,-1.66
1998-08-31,-6.0
1998-09-01,0.358
1998-09-02,0.968
1998-09-03,-1.472
1998-09-04,-0.142
1998-09-08,1.668
1998-09-09,-0.852
1998-09-10,-1.662
1998-09-11,0.928
1998-09-14,0.708
1998-09-15,-0.152
1998-09-16,0.768
1998-09-17,-1.102
1998-09-18,0.618
1998-09-21,-0.452
1998-09-22,0.568
1998-09-23,1.238
1998-09-24,-0.602
1998-09-25,-0.022
1998-09-28,-0.052
1998-09-29,-0.332
1998-09-30,-0.182
1998-10-01,-2.745
1998-10-02,-0.085
1998-10-05,-2.475
1998-10-06,-1.315
1998-10-07,-3.105
1998-10-08,-4.185
1998-10-09,1.605
1998-10-12,1.265
1998-10-13,-0.875
1998-10-14,0.455
1998-10-15,1.905
1998-10-16,0.755
1998-10-19,1.175
1998-10-20,1.435
1998-10-21,1.025
1998-10-22,1.135
1998-10-23,1.095
1998-10-26,1.035
1998-10-27,0.505
1998-10-28,0.405
1998-10-29,1.195
1998-10-30,0.835
1998-11-02,1.445
1998-11-03,0.625
1998-11-04,0.895
1998-11-05,0.735
1998-11-06,1.165
1998-11-09,-0.065
1998-11-10,0.185
1998-11-11,0.075
1998-11-12,0.145
1998-11-13,0.275
1998-11-16,-0.005
1998-11-17,-0.365
1998-11-18,0.025
1998-11-19,0.315
1998-11-20,0.345
1998-11-23,0.075
1998-11-24,-0.385
1998-11-25,0.985
1998-11-27,1.705
1998-11-30,-0.825
1998-12-01,-0.487
1998-12-02,-0.297
1998-12-03,-0.837
1998-12-04,0.323
1998-12-07,0.133
1998-12-08,-0.627
1998-12-09,0.143
1998-12-10,-0.597
1998-12-11,-0.247
1998-12-14,-1.467
1998-12-15,0.153
1998-12-16,-0.097
1998-12-17,0.243
1998-12-18,0.533
1998-12-21,-0.147
1998-12-22,-0.287
1998-12-23,0.993
1998-12-24,0.413
1998-12-28,-0.097
1998-12-29,0.443
1998-12-30,-0.037
1998-12-31,2.183
1999-01-04,0.381
1999-01-05,0.771
1999-01-06,1.381
1999-01-07,0.531
1999-01-08,1.051
1999-01-11,1.181
1999-01-12,-0.609
1999-01-13,-0.769
1999-01-14,0.431
1999-01-15,1.091
1999-01-19,0.831
1999-01-20,0.111
1999-01-21,-0.649
1999-01-22,0.021
1999-01-25,0.021
1999-01-26,0.351
1999-01-27,-0.509
1999-01-28,0.141
1999-01-29,0.861
1999-02-01,-0.379
1999-02-02,-0.769
1999-02-03,0.641
1999-02-04,0.131
1999-02-05,-0.419
1999-02-08,-0.009
1999-02-09,-1.799
1999-02-10,-0.619
1999-02-11,0.681
1999-02-12,-0.469
1999-02-16,-0.779
1999-02-17,-1.359
1999-02-18,-0.169
1999-02-19,0.091
1999-02-22,0.071
1999-02-23,-0.049
1999-02-24,-0.419
1999-02-25,-0.229
1999-02-26,0.081
1999-03-01,-0.278
1999-03-02,-0.538
1999-03-03,-0.748
1999-03-04,-0.058
1999-03-05,0.132
1999-03-08,-0.048
1999-03-09,-0.448
1999-03-10,0.312
1999-03-11,0.082
1999-03-12,-0.088
1999-03-15,-0.138
1999-03-16,-0.328
1999-03-17,-0.198
1999-03-18,0.292
1999-03-19,-0.538
1999-03-22,-0.268
1999-03-23,-1.348
1999-03-24,0.182
1999-03-25,0.832
1999-03-26,0.112
1999-03-29,0.172
1999-03-30,-0.418
1999-03-31,-0.748
1999-04-01,0.192
1999-04-05,-0.038
1999-04-06,-0.318
1999-04-07,0.342
1999-04-08,0.832
1999-04-09,1.002
1999-04-12,0.942
1999-04-13,1.442
1999-04-14,-0.888
1999-04-15,0.172
1999-04-16,0.882
1999-04-19,-2.118
1999-04-20,0.372
1999-04-21,1.512
1999-04-22,0.622
1999-04-23,0.652
1999-04-26,0.932
1999-04-27,0.542
1999-04-28,-0.098
1999-04-29,0.152
1999-04-30,0.282
1999-05-03,0.163
1999-05-04,-0.637
1999-05-05,-0.127
1999-05-06,0.093
1999-05-07,0.653
1999-05-10,0.573
1999-05-11,0.483
1999-05-12,1.063
1999-05-13,0.653
1999-05-14,-0.397
1999-05-17,0.003
1999-05-18,0.203
1999-05-19,0.533
1999-05-20,0.993
1999-05-21,0.553
1999-05-24,-0.717
1999-05-25,-1.417
1999-05-26,-0.597
1999-05-27,-0.167
1999-05-28,0.883
1999-06-01,-0.558
1999-06-02,-0.658
1999-06-03,0.272
1999-06-04,0.372
1999-06-07,0.732
1999-06-08,-0.278
1999-06-09,0.292
1999-06-10,-0.078
1999-06-11,-0.248
1999-06-14,-1.258
1999-06-15,-0.798
1999-06-16,0.812
1999-06-17,0.462
1999-06-18,0.782
1999-06-21,0.492
1999-06-22,-0.248
1999-06-23,0.152
1999-06-24,-0.018
1999-06-25,0.382
1999-06-28,0.312
1999-06-29,0.722
1999-06-30,1.752
1999-07-01,0.352
1999-07-02,0.802
1999-07-06,0.322
1999-07-07,0.372
1999-07-08,0.242
1999-07-09,0.772
1999-07-12,0.472
1999-07-13,-0.028
1999-07-14,0.582
1999-07-15,0.512
1999-07-16,0.252
1999-07-19,0.092
1999-07-20,-1.068
1999-07-21,0.202
1999-07-22,-0.318
1999-07-23,-0.298
1999-07-26,-1.038
1999-07-27,0.192
1999-07-28,-0.218
1999-07-29,-0.618
1999-07-30,0.332
1999-08-02,-0.468
1999-08-03,-1.118
1999-08-04,-1.248
1999-08-05,-0.728
1999-08-06,0.002
1999-08-09,-0.408
1999-08-10,-1.288
1999-08-11,0.502
1999-08-12,0.142
1999-08-13,0.512
1999-08-16,0.172
1999-08-17,0.032
1999-08-18,0.112
1999-08-19,0.062
1999-08-20,0.562
1999-08-23,0.252
1999-08-24,-0.188
1999-08-25,0.212
1999-08-26,-0.128
1999-08-27,0.402
1999-08-30,-0.568
1999-08-31,-0.018
1999-09-01,0.132
1999-09-02,-0.108
1999-09-03,0.792
1999-09-07,0.022
1999-09-08,0.002
1999-09-09,0.232
1999-09-10,0.492
1999-09-13,-0.008
1999-09-14,-0.308
1999-09-15,-0.088
1999-09-16,-0.198
1999-09-17,0.312
1999-09-20,-0.348
1999-09-21,-0.968
1999-09-22,0.172
1999-09-23,-0.908
1999-09-24,-0.548
1999-09-27,0.032
1999-09-28,-0.888
1999-09-29,-0.748
1999-09-30,0.022
1999-10-01,0.352
1999-10-04,0.062
1999-10-05,-0.318
1999-10-06,0.102
1999-10-07,-0.138
1999-10-08,0.472
1999-10-11,0.312
1999-10-12,-0.428
1999-10-13,-0.898
1999-10-14,-0.188
1999-10-15,-1.248
1999-10-18,-0.868
1999-10-19,0.312
1999-10-20,0.482
1999-10-21,-0.638
1999-10-22,0.452
1999-10-25,-0.228
1999-10-26,0.512
1999-10-27,0.112
1999-10-28,0.372
1999-10-29,0.392
1999-11-01,0.143
1999-11-02,0.373
1999-11-03,0.943
1999-11-04,0.493
1999-11-05,0.433
1999-11-08,0.783
1999-11-09,0.183
1999-11-10,0.643
1999-11-11,0.683
1999-11-12,0.763
1999-11-15,1.243
1999-11-16,0.653
1999-11-17,-0.297
1999-11-18,0.953
1999-11-19,0.563
1999-11-22,0.493
1999-11-23,-0.687
1999-11-24,0.973
1999-11-26,1.873
1999-11-29,0.183
1999-11-30,-0.247
1999-12-01,0.34
1999-12-02,0.65
1999-12-03,0.17
1999-12-06,0.58
1999-12-07,0.32
1999-12-08,1.02
1999-12-09,0.24
1999-12-10,1.22
1999-12-13,0.75
1999-12-14,-0.98
1999-12-15,-0.6
1999-12-16,0.34
1999-12-17,0.05
1999-12-20,0.11
1999-12-21,0.4
1999-12-22,0.44
1999-12-23,0.97
1999-12-27,-0.06
1999-12-28,0.95
1999-12-29,1.54
1999-12-30,1.17
1999-12-31,2.12
2000-01-03,0.519
2000-01-04,-2.291
2000-01-05,1.499
2000-01-06,0.789
2000-01-07,1.769
2000-01-10,2.399
2000-01-11,-1.121
2000-01-12,-0.391
2000-01-13,1.269
2000-01-14,1.139
2000-01-18,2.879
2000-01-19,1.439
2000-01-20,0.729
2000-01-21,2.459
2000-01-24,0.289
2000-01-25,0.599
2000-01-26,0.379
2000-01-27,-0.901
2000-01-28,-2.261
2000-01-31,-1.341
2000-02-01,1.138
2000-02-02,1.488
2000-02-03,1.378
2000-02-04,0.988
2000-02-07,2.168
2000-02-08,1.768
2000-02-09,0.398
2000-02-10,2.278
2000-02-11,0.718
2000-02-14,1.248
2000-02-15,0.188
2000-02-16,1.868
2000-02-17,2.948
2000-02-18,0.088
2000-02-22,-0.432
2000-02-23,1.098
2000-02-24,-0.032
2000-02-25,1.058
2000-02-28,1.718
2000-02-29,3.428
2000-03-01,2.74
2000-03-02,1.06
2000-03-03,2.12
2000-03-06,1.51
2000-03-07,-1.98
2000-03-08,-0.52
2000-03-09,1.72
2000-03-10,-0.11
2000-03-13,-1.78
2000-03-14,-3.96
2000-03-15,-2.59
2000-03-16,-0.09
2000-03-17,0.69
2000-03-20,-4.02
2000-03-21,-1.97
2000-03-22,3.17
2000-03-23,1.24
2000-03-24,-0.58
2000-03-27,-0.4
2000-03-28,-2.07
2000-03-29,-3.8
2000-03-30,-4.45
2000-03-31,3.43
2000-04-03,-5.524
2000-04-04,-4.974
2000-04-05,1.066
2000-04-06,3.136
2000-04-07,1.616
2000-04-10,-3.424
2000-04-11,-3.254
2000-04-12,-5.554
2000-04-13,-3.124
2000-04-14,-9.614
2000-04-17,-1.994
2000-04-18,7.616
2000-04-19,2.146
2000-04-20,0.486
2000-04-24,-2.984
2000-04-25,2.786
2000-04-26,-0.024
2000-04-27,0.726
2000-04-28,2.176
2000-05-01,2.587
2000-05-02,-1.553
2000-05-03,-2.213
2000-05-04,0.677
2000-05-05,1.007
2000-05-08,-0.933
2000-05-09,-1.923
2000-05-10,-3.643
2000-05-11,1.597
2000-05-12,0.737
2000-05-15,0.547
2000-05-16,0.907
2000-05-17,-0.433
2000-05-18,-0.773
2000-05-19,-1.893
2000-05-22,-2.493
2000-05-23,-2.173
2000-05-24,-2.023
2000-05-25,-0.783
2000-05-26,-0.823
2000-05-30,2.197
2000-05-31,0.167
2000-06-01,2.852
2000-06-02,3.562
2000-06-05,1.932
2000-06-06,1.622
2000-06-07,1.332
2000-06-08,0.522
2000-06-09,2.182
2000-06-12,-0.188
2000-06-13,-0.518
2000-06-14,-0.458
2000-06-15,-0.568
2000-06-16,0.182
2000-06-19,1.172
2000-06-20,0.062
2000-06-21,1.172
2000-06-22,-1.078
2000-06-23,-0.018
2000-06-26,1.002
2000-06-27,-0.408
2000-06-28,1.312
2000-06-29,0.592
2000-06-30,0.462
2000-07-03,0.816
2000-07-05,-0.314
2000-07-06,0.036
2000-07-07,0.056
2000-07-10,0.096
2000-07-11,-0.024
2000-07-12,0.586
2000-07-13,0.106
2000-07-14,0.746
2000-07-17,0.556
2000-07-18,0.126
2000-07-19,-0.194
2000-07-20,-0.124
2000-07-21,-0.474
2000-07-24,-0.764
2000-07-25,-0.424
2000-07-26,-0.644
2000-07-27,-1.074
2000-07-28,-1.384
2000-07-31,0.036
2000-08-01,-0.502
2000-08-02,-0.262
2000-08-03,-0.572
2000-08-04,0.428
2000-08-07,0.048
2000-08-08,0.238
2000-08-09,-0.002
2000-08-10,-0.252
2000-08-11,0.178
2000-08-14,0.138
2000-08-15,0.158
2000-08-16,-0.222
2000-08-17,0.368
2000-08-18,0.178
2000-08-21,0.038
2000-08-22,0.088
2000-08-23,0.208
2000-08-24,0.228
2000-08-25,0.508
2000-08-28,0.628
2000-08-29,0.378
2000-08-30,0.528
2000-08-31,0.638
2000-09-01,0.665
2000-09-05,0.155
2000-09-06,-0.025
2000-09-07,0.455
2000-09-08,-0.245
2000-09-11,-0.255
2000-09-12,-0.405
2000-09-13,-0.095
2000-09-14,0.275
2000-09-15,-0.115
2000-09-18,-1.365
2000-09-19,-0.135
2000-09-20,-0.445
2000-09-21,-0.185
2000-09-22,-0.805
2000-09-25,-0.505
2000-09-26,-0.845
2000-09-27,-0.945
2000-09-28,0.615
2000-09-29,0.575
2000-10-02,-1.035
2000-10-03,-0.555
2000-10-04,-0.905
2000-10-05,-0.255
2000-10-06,-1.295
2000-10-09,-0.925
2000-10-10,-0.785
2000-10-11,-1.645
2000-10-12,-1.715
2000-10-13,0.955
2000-10-16,-0.065
2000-10-17,-1.285
2000-10-18,-0.935
2000-10-19,1.145
2000-10-20,0.625
2000-10-23,0.525
2000-10-24,-0.015
2000-10-25,-0.695
2000-10-26,-0.315
2000-10-27,0.385
2000-10-30,-0.235
2000-10-31,1.055
2000-11-01,-0.054
2000-11-02,0.576
2000-11-03,0.546
2000-11-06,0.346
2000-11-07,0.166
2000-11-08,-0.574
2000-11-09,-0.924
2000-11-10,-0.734
2000-11-13,-1.344
2000-11-14,0.616
2000-11-15,-0.244
2000-11-16,-0.534
2000-11-17,-0.234
2000-11-20,-1.324
2000-11-21,-0.954
2000-11-22,-1.334
2000-11-24,0.626
2000-11-27,-0.644
2000-11-28,-1.274
2000-11-29,-1.254
2000-11-30,-1.394
2000-12-01,0.465
2000-12-04,-0.975
2000-12-05,1.045
2000-12-06,-0.525
2000-12-07,-0.415
2000-12-08,1.015
2000-12-11,0.325
2000-12-12,-0.325
2000-12-13,-0.195
2000-12-14,-0.755
2000-12-15,-0.875
2000-12-18,-0.965
2000-12-19,-1.095
2000-12-20,-2.795
2000-12-21,-0.405
2000-12-22,0.995
2000-12-26,-0.615
2000-12-27,0.285
2000-12-28,1.265
2000-12-29,1.855
2001-01-02,0.274
2001-01-03,2.404
2001-01-04,1.504
2001-01-05,0.354
2001-01-08,-0.566
2001-01-09,1.384
2001-01-10,1.064
2001-01-11,1.454
2001-01-12,1.064
2001-01-16,1.394
2001-01-17,0.614
2001-01-18,0.204
2001-01-19,0.824
2001-01-22,0.494
2001-01-23,0.674
2001-01-24,0.644
2001-01-25,0.164
2001-01-26,0.304
2001-01-29,0.494
2001-01-30,0.774
2001-01-31,0.074
2001-02-01,0.28
2001-02-02,-0.05
2001-02-05,0.13
2001-02-06,0.16
2001-02-07,-0.23
2001-02-08,-0.23
2001-02-09,-0.48
2001-02-12,0.08
2001-02-13,0.1
2001-02-14,-0.08
2001-02-15,0.48
2001-02-16,-0.45
2001-02-20,-0.48
2001-02-21,-1.17
2001-02-22,-1.01
2001-02-23,-0.85
2001-02-26,0.96
2001-02-27,-0.36
2001-02-28,-0.36
2001-03-01,-0.659
2001-03-02,0.211
2001-03-05,0.461
2001-03-06,0.371
2001-03-07,0.501
2001-03-08,0.261
2001-03-09,-0.599
2001-03-12,-1.799
2001-03-13,-0.039
2001-03-14,-1.399
2001-03-15,0.081
2001-03-16,-0.689
2001-03-19,-0.139
2001-03-20,-0.229
2001-03-21,-0.989
2001-03-22,-1.149
2001-03-23,1.131
2001-03-26,0.421
2001-03-27,1.271
2001-03-28,-0.729
2001-03-29,0.151
2001-03-30,2.101
2001-04-02,-1.77
2001-04-03,-2.43
2001-04-04,-0.48
2001-04-05,1.18
2001-04-06,-0.43
2001-04-09,-0.11
2001-04-10,1.04
2001-04-11,0.44
2001-04-12,0.48
2001-04-16,0.12
2001-04-17,0.26
2001-04-18,0.77
2001-04-19,0.35
2001-04-20,0.28
2001-04-23,-0.01
2001-04-24,0.3
2001-04-25,0.61
2001-04-26,0.74
2001-04-27,0.71
2001-04-30,0.62
2001-05-01,0.435
2001-05-02,0.485
2001-05-03,-0.095
2001-05-04,0.695
2001-05-07,0.415
2001-05-08,0.485
2001-05-09,0.535
2001-05-10,0.375
2001-05-11,0.415
2001-05-14,0.235
2001-05-15,0.385
2001-05-16,0.465
2001-05-17,0.685
2001-05-18,0.585
2001-05-21,0.675
2001-05-22,0.425
2001-05-23,-0.065
2001-05-24,0.385
2001-05-25,0.455
2001-05-29,-0.065
2001-05-30,-0.615
2001-05-31,0.785
2001-06-01,0.407
2001-06-04,0.697
2001-06-05,0.437
2001-06-06,0.007
2001-06-07,0.167
2001-06-08,0.177
2001-06-11,-0.153
2001-06-12,-0.073
2001-06-13,0.247
2001-06-14,-0.873
2001-06-15,-0.433
2001-06-18,-0.683
2001-06-19,-0.323
2001-06-20,-0.373
2001-06-21,0.237
2001-06-22,0.237
2001-06-25,0.207
2001-06-26,0.107
2001-06-27,0.187
2001-06-28,0.287
2001-06-29,1.357
2001-07-02,0.456
2001-07-03,0.386
2001-07-05,-0.534
2001-07-06,-0.704
2001-07-09,0.096
2001-07-10,-0.854
2001-07-11,-0.544
2001-07-12,0.706
2001-07-13,0.346
2001-07-16,-0.314
2001-07-17,0.246
2001-07-18,-0.534
2001-07-19,0.576
2001-07-20,-0.064
2001-07-23,-0.214
2001-07-24,-0.784
2001-07-25,-0.064
2001-07-26,0.246
2001-07-27,0.416
2001-07-30,-0.104
2001-07-31,0.126
2001-08-01,0.357
2001-08-02,0.047
2001-08-03,0.227
2001-08-06,-0.293
2001-08-07,-0.063
2001-08-08,-0.703
2001-08-09,-0.453
2001-08-10,-0.183
2001-08-13,-0.133
2001-08-14,-0.013
2001-08-15,-0.573
2001-08-16,-0.393
2001-08-17,-0.223
2001-08-20,-0.453
2001-08-21,-0.413
2001-08-22,0.027
2001-08-23,-0.123
2001-08-24,0.527
2001-08-27,-0.053
2001-08-28,-0.543
2001-08-29,-0.293
2001-08-30,-0.653
2001-08-31,0.717
2001-09-04,-0.608
2001-09-05,-0.868
2001-09-06,-1.048
2001-09-07,-0.738
2001-09-10,-0.818
2001-09-17,-3.108
2001-09-18,-0.718
2001-09-19,-2.598
2001-09-20,-2.658
2001-09-21,-1.838
2001-09-24,2.212
2001-09-25,0.132
2001-09-26,-0.818
2001-09-27,-0.678
2001-09-28,2.162
2001-10-01,-0.7
2001-10-02,0.21
2001-10-03,1.05
2001-10-04,0.72
2001-10-05,0.16
2001-10-08,0.01
2001-10-09,-0.19
2001-10-10,0.56
2001-10-11,0.69
2001-10-12,0.33
2001-10-15,0.14
2001-10-16,0.7
2001-10-17,0.1
2001-10-18,-0.4
2001-10-19,0.24
2001-10-22,0.71
2001-10-23,-0.23
2001-10-24,0.34
2001-10-25,0.77
2001-10-26,0.82
2001-10-29,-0.01
2001-10-30,-0.72
2001-10-31,1.2
2001-11-01,0.232
2001-11-02,0.012
2001-11-05,0.112
2001-11-06,0.262
2001-11-07,0.152
2001-11-08,0.302
2001-11-09,0.352
2001-11-12,-0.008
2001-11-13,0.412
2001-11-14,0.052
2001-11-15,0.212
2001-11-16,0.442
2001-11-19,0.632
2001-11-20,-0.078
2001-11-21,0.372
2001-11-23,0.642
2001-11-26,0.172
2001-11-27,0.352
2001-11-28,-0.338
2001-11-29,0.552
2001-11-30,0.422
2001-12-03,-0.357
2001-12-04,0.563
2001-12-05,0.903
2001-12-06,0.683
2001-12-07,0.553
2001-12-10,-0.087
2001-12-11,0.233
2001-12-12,0.363
2001-12-13,-0.187
2001-12-14,0.203
2001-12-17,-0.317
2001-12-18,0.273
2001-12-19,0.213
2001-12-20,-0.757
2001-12-21,0.253
2001-12-24,0.583
2001-12-26,0.433
2001-12-27,0.523
2001-12-28,0.863
2001-12-31,1.413
2002-01-02,0.603
2002-01-03,1.013
2002-01-04,1.093
2002-01-07,0.533
2002-01-08,0.543
2002-01-09,0.523
2002-01-10,-0.007
2002-01-11,0.043
2002-01-14,-0.707
2002-01-15,-0.087
2002-01-16,-0.597
2002-01-17,0.343
2002-01-18,-0.207
2002-01-22,-0.947
2002-01-23,0.373
2002-01-24,0.683
2002-01-25,0.353
2002-01-28,-0.107
2002-01-29,-0.737
2002-01-30,0.043
2002-01-31,1.423
2002-02-01,-0.137
2002-02-04,-1.277
2002-02-05,-1.127
2002-02-06,-0.887
2002-02-07,-0.797
2002-02-08,0.493
2002-02-11,0.623
2002-02-12,0.023
2002-02-13,0.323
2002-02-14,-0.157
2002-02-15,-0.407
2002-02-19,-1.027
2002-02-20,-0.277
2002-02-21,-0.437
2002-02-22,-0.077
2002-02-25,0.213
2002-02-26,0.313
2002-02-27,0.273
2002-02-28,0.313
2002-03-01,0.383
2002-03-04,0.783
2002-03-05,0.283
2002-03-06,0.873
2002-03-07,0.273
2002-03-08,0.753
2002-03-11,0.743
2002-03-12,0.313
2002-03-13,-0.067
2002-03-14,0.223
2002-03-15,0.323
2002-03-18,0.403
2002-03-19,0.323
2002-03-20,-0.207
2002-03-21,0.523
2002-03-22,0.283
2002-03-25,-0.247
2002-03-26,0.263
2002-03-27,0.453
2002-03-28,0.843
2002-04-01,0.173
2002-04-02,-0.087
2002-04-03,-0.437
2002-04-04,-0.057
2002-04-05,0.143
2002-04-08,0.193
2002-04-09,0.093
2002-04-10,0.573
2002-04-11,-0.387
2002-04-12,0.583
2002-04-15,0.133
2002-04-16,1.063
2002-04-17,0.633
2002-04-18,0.343
2002-04-19,0.503
2002-04-22,-0.307
2002-04-23,-0.177
2002-04-24,0.023
2002-04-25,-0.357
2002-04-26,-0.727
2002-04-29,-0.767
2002-04-30,0.633
2002-05-01,0.183
2002-05-02,0.083
2002-05-03,0.143
2002-05-06,-0.507
2002-05-07,-0.287
2002-05-08,0.903
2002-05-09,-0.337
2002-05-10,-0.337
2002-05-13,-0.127
2002-05-14,1.043
2002-05-15,-0.067
2002-05-16,0.283
2002-05-17,0.373
2002-05-20,-0.177
2002-05-21,-0.347
2002-05-22,-0.327
2002-05-23,0.333
2002-05-24,0.203
2002-05-28,-0.117
2002-05-29,-0.027
2002-05-30,-0.137
2002-05-31,0.863
2002-06-03,-1.516
2002-06-04,-0.896
2002-06-05,0.104
2002-06-06,-0.716
2002-06-07,-0.156
2002-06-10,-0.176
2002-06-11,-0.276
2002-06-12,-0.476
2002-06-13,-0.306
2002-06-14,-0.546
2002-06-17,0.914
2002-06-18,0.184
2002-06-19,-1.096
2002-06-20,0.294
2002-06-21,-0.176
2002-06-24,-0.446
2002-06-25,-0.186
2002-06-26,-1.006
2002-06-27,1.234
2002-06-28,0.954
2002-07-01,-1.437
2002-07-02,-2.237
2002-07-03,-0.667
2002-07-05,1.423
2002-07-08,-0.937
2002-07-09,-0.427
2002-07-10,-1.277
2002-07-11,-0.647
2002-07-12,-0.177
2002-07-15,-1.397
2002-07-16,0.203
2002-07-17,0.493
2002-07-18,-1.237
2002-07-19,-1.607
2002-07-22,-1.997
2002-07-23,-2.987
2002-07-24,0.323
2002-07-25,-0.417
2002-07-26,0.823
2002-07-29,2.313
2002-07-30,0.073
2002-07-31,-0.257
2002-08-01,-0.896
2002-08-02,-1.356
2002-08-05,-1.516
2002-08-06,1.174
2002-08-07,0.074
2002-08-08,0.214
2002-08-09,-0.286
2002-08-12,0.044
2002-08-13,-0.886
2002-08-14,0.594
2002-08-15,0.034
2002-08-16,0.464
2002-08-19,0.634
2002-08-20,-0.276
2002-08-21,1.314
2002-08-22,1.174
2002-08-23,-0.706
2002-08-26,0.914
2002-08-27,-0.926
2002-08-28,-1.246
2002-08-29,-0.026
2002-08-30,0.724
2002-09-03,-2.067
2002-09-04,0.423
2002-09-05,-0.997
2002-09-06,0.883
2002-09-09,-0.267
2002-09-10,0.073
2002-09-11,0.273
2002-09-12,-0.687
2002-09-13,0.263
2002-09-16,-0.607
2002-09-17,-0.847
2002-09-18,-0.717
2002-09-19,-1.127
2002-09-20,-0.227
2002-09-23,-1.597
2002-09-24,-1.077
2002-09-25,0.943
2002-09-26,0.263
2002-09-27,-0.997
2002-09-30,-0.247
2002-10-01,-0.146
2002-10-02,-0.576
2002-10-03,-0.006
2002-10-04,-1.136
2002-10-07,-1.676
2002-10-08,-0.966
2002-10-09,-1.936
2002-10-10,0.314
2002-10-11,1.184
2002-10-14,0.084
2002-10-15,1.844
2002-10-16,-0.116
2002-10-17,1.874
2002-10-18,0.254
2002-10-21,0.614
2002-10-22,-0.066
2002-10-23,0.984
2002-10-24,0.474
2002-10-25,0.804
2002-10-28,0.024
2002-10-29,-0.286
2002-10-30,1.094
2002-10-31,0.744
2002-11-01,1.114
2002-11-04,1.354
2002-11-05,0.104
2002-11-06,1.154
2002-11-07,-0.396
2002-11-08,-0.206
2002-11-11,-1.326
2002-11-12,0.814
2002-11-13,-0.016
2002-11-14,1.084
2002-11-15,0.044
2002-11-18,0.144
2002-11-19,0.064
2002-11-20,1.144
2002-11-21,1.484
2002-11-22,0.474
2002-11-25,1.464
2002-11-26,0.094
2002-11-27,1.664
2002-11-29,0.534
2002-12-02,0.225
2002-12-03,-1.005
2002-12-04,-0.545
2002-12-05,-0.495
2002-12-06,0.315
2002-12-09,-1.595
2002-12-10,0.265
2002-12-11,0.045
2002-12-12,0.215
2002-12-13,-0.915
2002-12-16,0.415
2002-12-17,-0.355
2002-12-18,-1.195
2002-12-19,-0.375
2002-12-20,0.105
2002-12-23,0.125
2002-12-24,0.115
2002-12-26,0.245
2002-12-27,-0.435
2002-12-30,-0.535
2002-12-31,1.275
2003-01-02,1.035
2003-01-03,0.375
2003-01-06,1.045
2003-01-07,0.325
2003-01-08,-0.285
2003-01-09,1.185
2003-01-10,0.425
2003-01-13,0.535
2003-01-14,0.545
2003-01-15,-0.245
2003-01-16,0.085
2003-01-17,-0.745
2003-01-21,-0.495
2003-01-22,-0.425
2003-01-23,0.345
2003-01-24,-0.995
2003-01-27,-1.315
2003-01-28,0.915
2003-01-29,-0.005
2003-01-30,-0.705
2003-01-31,0.335
2003-02-03,-0.105
2003-02-04,-0.405
2003-02-05,-0.005
2003-02-06,-0.465
2003-02-07,-0.605
2003-02-10,-0.115
2003-02-11,0.045
2003-02-12,-0.775
2003-02-13,-0.735
2003-02-14,0.525
2003-02-18,0.975
2003-02-19,-0.045
2003-02-20,0.405
2003-02-21,0.735
2003-02-24,-0.595
2003-02-25,-0.045
2003-02-26,-0.375
2003-02-27,0.215
2003-02-28,0.135
2003-03-03,-0.215
2003-03-04,-0.335
2003-03-05,-0.225
2003-03-06,-0.375
2003-03-07,-0.215
2003-03-10,-0.915
2003-03-11,-0.355
2003-03-12,-0.245
2003-03-13,1.085
2003-03-14,-0.015
2003-03-17,0.805
2003-03-18,0.405
2003-03-19,0.275
2003-03-20,0.165
2003-03-21,0.855
2003-03-24,-1.235
2003-03-25,0.955
2003-03-26,0.155
2003-03-27,0.605
2003-03-28,0.415
2003-03-31,0.125
2003-04-01,0.395
2003-04-02,1.175
2003-04-03,0.545
2003-04-04,0.045
2003-04-07,0.315
2003-04-08,-0.435
2003-04-09,-0.015
2003-04-10,0.235
2003-04-11,0.195
2003-04-14,0.565
2003-04-15,0.375
2003-04-16,0.035
2003-04-17,0.905
2003-04-21,0.715
2003-04-22,0.865
2003-04-23,0.915
2003-04-24,0.285
2003-04-25,0.005
2003-04-28,0.965
2003-04-29,0.405
2003-04-30,0.485
2003-05-01,0.506
2003-05-02,1.096
2003-05-05,0.956
2003-05-06,0.516
2003-05-07,0.416
2003-05-08,0.166
2003-05-09,1.056
2003-05-12,1.046
2003-05-13,0.636
2003-05-14,0.626
2003-05-15,0.646
2003-05-16,0.146
2003-05-19,-0.764
2003-05-20,-0.374
2003-05-21,0.266
2003-05-22,0.806
2003-05-23,0.766
2003-05-27,1.766
2003-05-28,0.616
2003-05-29,0.796
2003-05-30,1.496
2003-06-02,0.285
2003-06-03,0.175
2003-06-04,1.465
2003-06-05,1.245
2003-06-06,0.155
2003-06-09,-0.315
2003-06-10,0.885
2003-06-11,0.965
2003-06-12,1.065
2003-06-13,-0.445
2003-06-16,0.665
2003-06-17,0.335
2003-06-18,0.405
2003-06-19,-0.875
2003-06-20,-0.265
2003-06-23,-1.425
2003-06-24,0.215
2003-06-25,0.325
2003-06-26,0.595
2003-06-27,-0.145
2003-06-30,-0.055
2003-07-01,0.337
2003-07-02,1.607
2003-07-03,0.047
2003-07-07,1.357
2003-07-08,1.237
2003-07-09,1.127
2003-07-10,-0.253
2003-07-11,1.017
2003-07-14,0.927
2003-07-15,-0.003
2003-07-16,0.087
2003-07-17,-1.783
2003-07-18,0.367
2003-07-21,-0.663
2003-07-22,1.097
2003-07-23,0.377
2003-07-24,-0.273
2003-07-25,0.537
2003-07-28,1.007
2003-07-29,0.327
2003-07-30,-0.323
2003-07-31,0.617
2003-08-01,-0.763
2003-08-04,-0.343
2003-08-05,-0.633
2003-08-06,-0.743
2003-08-07,-0.393
2003-08-08,0.057
2003-08-11,0.607
2003-08-12,0.927
2003-08-13,0.137
2003-08-14,0.627
2003-08-15,0.257
2003-08-18,0.747
2003-08-19,0.937
2003-08-20,0.277
2003-08-21,1.077
2003-08-22,-0.573
2003-08-25,-0.103
2003-08-26,0.247
2003-08-27,0.917
2003-08-28,0.947
2003-08-29,0.697
2003-09-02,1.276
2003-09-03,0.726
2003-09-04,1.046
2003-09-05,0.076
2003-09-08,1.136
2003-09-09,0.146
2003-09-10,-1.234
2003-09-11,1.216
2003-09-12,0.686
2003-09-15,0.306
2003-09-16,1.076
2003-09-17,0.516
2003-09-18,0.806
2003-09-19,0.326
2003-09-22,-0.424
2003-09-23,0.996
2003-09-24,-0.984
2003-09-25,-1.714
2003-09-26,-2.024
2003-09-29,0.486
2003-09-30,-0.164
2003-10-01,1.377
2003-10-02,0.457
2003-10-03,0.807
2003-10-06,1.167
2003-10-07,0.827
2003-10-08,0.057
2003-10-09,0.557
2003-10-10,0.067
2003-10-13,1.157
2003-10-14,1.097
2003-10-15,-0.003
2003-10-16,0.667
2003-10-17,-0.823
2003-10-20,0.037
2003-10-21,0.477
2003-10-22,-1.353
2003-10-23,-0.593
2003-10-24,-0.503
2003-10-27,0.987
2003-10-28,1.267
2003-10-29,0.907
2003-10-30,0.247
2003-10-31,0.137
2003-11-03,1.026
2003-11-04,0.416
2003-11-05,0.526
2003-11-06,0.816
2003-11-07,0.236
2003-11-10,-0.374
2003-11-11,-0.944
2003-11-12,1.346
2003-11-13,0.326
2003-11-14,-0.774
2003-11-17,-1.104
2003-11-18,-0.544
2003-11-19,0.356
2003-11-20,-0.634
2003-11-21,0.246
2003-11-24,1.576
2003-11-25,0.866
2003-11-26,0.626
2003-11-28,0.786
2003-12-01,1.126
2003-12-02,0.436
2003-12-03,-0.974
2003-12-04,-0.264
2003-12-05,-0.504
2003-12-08,0.136
2003-12-09,-1.034
2003-12-10,-1.514
2003-12-11,1.606
2003-12-12,1.016
2003-12-15,-1.174
2003-12-16,-0.304
2003-12-17,-0.004
2003-12-18,1.106
2003-12-19,0.096
2003-12-22,0.106
2003-12-23,0.606
2003-12-24,0.166
2003-12-26,0.546
2003-12-29,1.086
2003-12-30,0.586
2003-12-31,-0.224
2004-01-02,0.547
2004-01-05,1.297
2004-01-06,1.047
2004-01-07,0.737
2004-01-08,0.807
2004-01-09,0.067
2004-01-12,1.177
2004-01-13,0.047
2004-01-14,0.847
2004-01-15,0.477
2004-01-16,1.077
2004-01-20,1.467
2004-01-21,0.257
2004-01-22,-0.503
2004-01-23,0.257
2004-01-26,1.307
2004-01-27,-0.123
2004-01-28,-1.663
2004-01-29,-1.423
2004-01-30,0.397
2004-02-02,-0.073
2004-02-03,-0.083
2004-02-04,-1.873
2004-02-05,-0.103
2004-02-06,1.687
2004-02-09,0.687
2004-02-10,0.767
2004-02-11,0.767
2004-02-12,-0.293
2004-02-13,-0.653
2004-02-17,0.817
2004-02-18,-0.233
2004-02-19,-0.843
2004-02-20,-0.533
2004-02-23,-1.493
2004-02-24,-0.693
2004-02-25,0.777
2004-02-26,0.937
2004-02-27,0.767
2004-03-01,1.086
2004-03-02,-0.324
2004-03-03,0.026
2004-03-04,1.016
2004-03-05,0.256
2004-03-08,-0.634
2004-03-09,-1.064
2004-03-10,-1.794
2004-03-11,-1.294
2004-03-12,1.596
2004-03-15,-1.854
2004-03-16,-0.754
2004-03-17,1.466
2004-03-18,-0.314
2004-03-19,-0.104
2004-03-22,-1.914
2004-03-23,-0.114
2004-03-24,-0.054
2004-03-25,1.186
2004-03-26,0.746
2004-03-29,1.276
2004-03-30,0.686
2004-03-31,0.506
2004-04-01,0.776
2004-04-02,1.326
2004-04-05,1.226
2004-04-06,-0.644
2004-04-07,0.176
2004-04-08,0.276
2004-04-12,0.386
2004-04-13,-1.484
2004-04-14,-0.654
2004-04-15,-0.434
2004-04-16,0.366
2004-04-19,0.736
2004-04-20,-1.454
2004-04-21,0.386
2004-04-22,0.986
2004-04-23,0.196
2004-04-26,-0.234
2004-04-27,-0.244
2004-04-28,-2.164
2004-04-29,-1.894
2004-04-30,-1.604
2004-05-03,-0.083
2004-05-04,0.617
2004-05-05,0.517
2004-05-06,-1.123
2004-05-07,-1.393
2004-05-10,-2.353
2004-05-11,1.207
2004-05-12,-0.233
2004-05-13,-0.073
2004-05-14,-0.573
2004-05-17,-1.633
2004-05-18,0.497
2004-05-19,0.427
2004-05-20,-0.303
2004-05-21,0.557
2004-05-24,0.757
2004-05-25,1.387
2004-05-26,0.737
2004-05-27,0.397
2004-05-28,0.417
2004-06-01,0.436
2004-06-02,0.266
2004-06-03,-0.874
2004-06-04,0.496
2004-06-07,1.026
2004-06-08,-0.094
2004-06-09,-0.914
2004-06-10,0.116
2004-06-14,-1.244
2004-06-15,0.906
2004-06-16,0.346
2004-06-17,-0.164
2004-06-18,-0.404
2004-06-21,-0.314
2004-06-22,0.326
2004-06-23,0.856
2004-06-24,-0.004
2004-06-25,0.536
2004-06-28,-0.634
2004-06-29,0.286
2004-06-30,0.786
2004-07-01,-0.855
2004-07-02,0.145
2004-07-06,-1.295
2004-07-07,-0.355
2004-07-08,-1.645
2004-07-09,0.095
2004-07-12,-0.275
2004-07-13,-0.155
2004-07-14,-0.555
2004-07-15,0.005
2004-07-16,-0.975
2004-07-19,-0.715
2004-07-20,0.925
2004-07-21,-1.445
2004-07-22,-0.695
2004-07-23,-1.035
2004-07-26,-1.175
2004-07-27,1.205
2004-07-28,-0.395
2004-07-29,1.035
2004-07-30,0.965
2004-08-02,-0.425
2004-08-03,-0.885
2004-08-04,-0.355
2004-08-05,-1.205
2004-08-06,-1.825
2004-08-09,-0.785
2004-08-10,1.295
2004-08-11,-0.595
2004-08-12,-1.225
2004-08-13,-0.005
2004-08-16,0.745
2004-08-17,0.355
2004-08-18,1.345
2004-08-19,-0.235
2004-08-20,1.235
2004-08-23,-0.315
2004-08-24,0.085
2004-08-25,0.775
2004-08-26,-0.235
2004-08-27,0.665
2004-08-30,-0.495
2004-08-31,0.615
2004-09-01,0.405
2004-09-02,0.855
2004-09-03,-0.275
2004-09-07,0.625
2004-09-08,-0.335
2004-09-09,0.775
2004-09-10,0.635
2004-09-13,0.385
2004-09-14,-0.025
2004-09-15,-0.195
2004-09-16,0.585
2004-09-17,0.125
2004-09-20,-0.235
2004-09-21,0.595
2004-09-22,-0.915
2004-09-23,-0.205
2004-09-24,0.075
2004-09-27,-0.905
2004-09-28,0.565
2004-09-29,0.675
2004-09-30,0.445
2004-10-01,1.225
2004-10-04,0.475
2004-10-05,-0.075
2004-10-06,0.735
2004-10-07,-0.915
2004-10-08,-0.765
2004-10-11,0.425
2004-10-12,-0.215
2004-10-13,-0.675
2004-10-14,-0.725
2004-10-15,0.275
2004-10-18,0.175
2004-10-19,-0.645
2004-10-20,0.375
2004-10-21,0.515
2004-10-22,-0.575
2004-10-25,0.205
2004-10-26,0.545
2004-10-27,0.815
2004-10-28,0.065
2004-10-29,0.045
2004-11-01,-0.057
2004-11-02,-0.047
2004-11-03,0.833
2004-11-04,0.303
2004-11-05,0.493
2004-11-08,0.003
2004-11-09,0.333
2004-11-10,0.563
2004-11-11,0.863
2004-11-12,0.633
2004-11-15,0.493
2004-11-16,-0.287
2004-11-17,0.763
2004-11-18,0.173
2004-11-19,-0.347
2004-11-22,0.713
2004-11-23,0.493
2004-11-24,0.683
2004-11-26,0.603
2004-11-29,0.513
2004-11-30,-0.077
2004-12-01,0.863
2004-12-02,0.413
2004-12-03,0.033
2004-12-06,-0.017
2004-12-07,-1.257
2004-12-08,0.453
2004-12-09,0.063
2004-12-10,0.413
2004-12-13,0.703
2004-12-14,0.593
2004-12-15,0.553
2004-12-16,-0.087
2004-12-17,0.393
2004-12-20,-0.557
2004-12-21,0.683
2004-12-22,0.413
2004-12-23,0.433
2004-12-27,-0.027
2004-12-28,1.113
2004-12-29,0.093
2004-12-30,0.423
2004-12-31,0.463
2005-01-03,-1.088
2005-01-04,-1.398
2005-01-05,-1.078
2005-01-06,0.172
2005-01-07,-0.468
2005-01-10,0.272
2005-01-11,-0.888
2005-01-12,0.032
2005-01-13,-0.288
2005-01-14,0.862
2005-01-18,0.982
2005-01-19,-0.618
2005-01-20,-1.028
2005-01-21,-0.088
2005-01-24,-1.018
2005-01-25,0.142
2005-01-26,0.742
2005-01-27,0.062
2005-01-28,-0.178
2005-01-31,1.282
2005-02-01,0.731
2005-02-02,0.731
2005-02-03,-0.109
2005-02-04,0.761
2005-02-07,0.261
2005-02-08,0.181
2005-02-09,-1.369
2005-02-10,-0.389
2005-02-11,0.611
2005-02-14,0.151
2005-02-15,-0.089
2005-02-16,0.281
2005-02-17,-0.599
2005-02-18,-0.239
2005-02-22,-1.299
2005-02-23,0.141
2005-02-24,0.351
2005-02-25,0.791
2005-02-28,-0.179
2005-03-01,0.37
2005-03-02,-0.07
2005-03-03,0.07
2005-03-04,0.23
2005-03-07,-0.19
2005-03-08,-0.74
2005-03-09,-0.7
2005-03-10,-0.76
2005-03-11,-0.19
2005-03-14,0.2
2005-03-15,-0.36
2005-03-16,-0.65
2005-03-17,0.06
2005-03-18,-0.4
2005-03-21,-0.23
2005-03-22,-0.24
2005-03-23,-1.01
2005-03-24,0.34
2005-03-28,-0.18
2005-03-29,-1.26
2005-03-30,0.78
2005-03-31,0.51
2005-04-01,-0.57
2005-04-04,-0.11
2005-04-05,-0.02
2005-04-06,0.22
2005-04-07,0.47
2005-04-08,-0.71
2005-04-11,-0.71
2005-04-12,0.22
2005-04-13,-0.99
2005-04-14,-1.34
2005-04-15,-1.52
2005-04-18,-0.2
2005-04-19,1.16
2005-04-20,-0.89
2005-04-21,1.22
2005-04-22,-0.51
2005-04-25,0.25
2005-04-26,-0.74
2005-04-27,-0.41
2005-04-28,-1.39
2005-04-29,0.49
2005-05-02,0.359
2005-05-03,0.039
2005-05-04,0.949
2005-05-05,0.289
2005-05-06,0.379
2005-05-09,0.679
2005-05-10,-0.591
2005-05-11,-0.411
2005-05-12,-0.851
2005-05-13,-0.551
2005-05-16,0.309
2005-05-17,0.169
2005-05-18,1.129
2005-05-19,0.479
2005-05-20,0.139
2005-05-23,0.339
2005-05-24,-0.071
2005-05-25,-0.411
2005-05-26,1.029
2005-05-27,0.479
2005-05-31,0.149
2005-06-01,0.6
2005-06-02,0.41
2005-06-03,-0.34
2005-06-06,0.28
2005-06-07,0.01
2005-06-08,-0.32
2005-06-09,0.66
2005-06-10,0.17
2005-06-13,0.25
2005-06-14,0.59
2005-06-15,0.51
2005-06-16,0.86
2005-06-17,0.15
2005-06-20,-0.13
2005-06-21,-0.02
2005-06-22,0.03
2005-06-23,-0.96
2005-06-24,-0.24
2005-06-27,-0.13
2005-06-28,1.14
2005-06-29,0.27
2005-06-30,-0.05
2005-07-01,0.378
2005-07-05,0.978
2005-07-06,-0.152
2005-07-07,0.138
2005-07-08,1.218
2005-07-11,1.138
2005-07-12,0.238
2005-07-13,-0.052
2005-07-14,-0.252
2005-07-15,0.248
2005-07-18,-0.082
2005-07-19,0.998
2005-07-20,0.958
2005-07-21,-0.352
2005-07-22,0.928
2005-07-25,-0.352
2005-07-26,0.548
2005-07-27,0.058
2005-07-28,0.718
2005-07-29,0.078
2005-08-01,0.377
2005-08-02,0.567
2005-08-03,-0.243
2005-08-04,-0.853
2005-08-05,-0.783
2005-08-08,-0.393
2005-08-09,-0.213
2005-08-10,-0.403
2005-08-11,0.557
2005-08-12,-0.543
2005-08-15,0.317
2005-08-16,-1.113
2005-08-17,-0.123
2005-08-18,-0.333
2005-08-19,0.177
2005-08-22,0.447
2005-08-23,0.177
2005-08-24,-0.053
2005-08-25,0.187
2005-08-26,-0.603
2005-08-29,0.497
2005-08-30,-0.163
2005-08-31,1.197
2005-09-01,0.126
2005-09-02,-0.024
2005-09-06,0.776
2005-09-07,0.486
2005-09-08,-0.114
2005-09-09,0.406
2005-09-12,0.406
2005-09-13,-0.414
2005-09-14,-0.634
2005-09-15,-0.334
2005-09-16,0.616
2005-09-19,-0.434
2005-09-20,-0.354
2005-09-21,-1.204
2005-09-22,-0.194
2005-09-23,0.496
2005-09-26,0.486
2005-09-27,0.146
2005-09-28,-0.474
2005-09-29,0.646
2005-09-30,0.526
2005-10-03,0.427
2005-10-04,-0.313
2005-10-05,-1.923
2005-10-06,-1.213
2005-10-07,0.497
2005-10-10,-0.493
2005-10-11,-0.963
2005-10-12,-1.633
2005-10-13,-0.063
2005-10-14,1.117
2005-10-17,0.147
2005-10-18,-0.673
2005-10-19,0.827
2005-10-20,-0.963
2005-10-21,0.547
2005-10-24,1.107
2005-10-25,-0.093
2005-10-26,-0.463
2005-10-27,-1.713
2005-10-28,0.817
2005-10-31,1.327
2005-11-01,-0.385
2005-11-02,1.135
2005-11-03,0.375
2005-11-04,0.035
2005-11-07,0.415
2005-11-08,-0.345
2005-11-09,0.155
2005-11-10,0.185
2005-11-11,0.305
2005-11-14,-0.285
2005-11-15,-0.915
2005-11-16,-0.425
2005-11-17,1.135
2005-11-18,0.655
2005-11-21,0.705
2005-11-22,0.315
2005-11-23,0.115
2005-11-25,0.145
2005-11-28,-0.965
2005-11-29,-0.085
2005-11-30,0.575
2005-12-01,1.155
2005-12-02,0.115
2005-12-05,-0.245
2005-12-06,0.305
2005-12-07,-0.345
2005-12-08,0.245
2005-12-09,0.445
2005-12-12,0.305
2005-12-13,-0.175
2005-12-14,-0.165
2005-12-15,-0.355
2005-12-16,-0.055
2005-12-19,-0.825
2005-12-20,-0.425
2005-12-21,0.515
2005-12-22,0.635
2005-12-23,0.205
2005-12-27,-0.845
2005-12-28,0.155
2005-12-29,0.055
2005-12-30,0.055
2006-01-03,0.633
2006-01-04,0.813
2006-01-05,0.523
2006-01-06,0.833
2006-01-09,0.753
2006-01-10,0.663
2006-01-11,0.243
2006-01-12,-0.297
2006-01-13,0.433
2006-01-17,-0.277
2006-01-18,-0.077
2006-01-19,1.033
2006-01-20,-0.917
2006-01-23,0.373
2006-01-24,0.923
2006-01-25,-0.007
2006-01-26,1.023
2006-01-27,0.523
2006-01-30,0.303
2006-01-31,0.423
2006-02-01,0.322
2006-02-02,-0.728
2006-02-03,-0.058
2006-02-06,0.382
2006-02-07,-1.108
2006-02-08,0.282
2006-02-09,0.012
2006-02-10,-0.298
2006-02-13,-0.608
2006-02-14,0.802
2006-02-15,0.682
2006-02-16,0.732
2006-02-17,0.062
2006-02-21,-0.358
2006-02-22,0.462
2006-02-23,0.092
2006-02-24,0.572
2006-02-27,0.482
2006-02-28,-0.808
2006-03-01,0.904
2006-03-02,-0.146
2006-03-03,0.104
2006-03-06,-0.516
2006-03-07,-1.296
2006-03-08,-0.156
2006-03-09,-0.246
2006-03-10,0.684
2006-03-13,0.204
2006-03-14,0.594
2006-03-15,0.704
2006-03-16,-0.076
2006-03-17,0.094
2006-03-20,0.254
2006-03-21,-0.686
2006-03-22,0.624
2006-03-23,0.384
2006-03-24,0.954
2006-03-27,0.274
2006-03-28,-0.156
2006-03-29,1.344
2006-03-30,0.184
2006-03-31,0.844
2006-04-03,-0.749
2006-04-04,0.031
2006-04-05,0.361
2006-04-06,0.031
2006-04-07,-0.619
2006-04-10,-0.389
2006-04-11,-1.479
2006-04-12,0.621
2006-04-13,0.581
2006-04-17,-0.139
2006-04-18,1.441
2006-04-19,1.081
2006-04-20,-0.209
2006-04-21,0.071
2006-04-24,-0.459
2006-04-25,0.051
2006-04-26,0.111
2006-04-27,-0.459
2006-04-28,0.061
2006-05-01,-0.25
2006-05-02,0.44
2006-05-03,0.31
2006-05-04,0.48
2006-05-05,0.5
2006-05-08,0.07
2006-05-09,-0.17
2006-05-10,-0.78
2006-05-11,-1.95
2006-05-12,-1.88
2006-05-15,-1.34
2006-05-16,0.19
2006-05-17,-1.25
2006-05-18,-0.56
2006-05-19,0.11
2006-05-22,-1.39
2006-05-23,0.0
2006-05-24,-0.38
2006-05-25,1.38
2006-05-26,0.82
2006-05-30,-1.49
2006-05-31,0.84
2006-06-01,1.562
2006-06-02,0.512
2006-06-05,-1.768
2006-06-06,-0.728
2006-06-07,-0.318
2006-06-08,-0.858
2006-06-09,-0.478
2006-06-12,-2.318
2006-06-13,-1.918
2006-06-14,0.342
2006-06-15,2.732
2006-06-16,-0.828
2006-06-19,-1.258
2006-06-20,-0.168
2006-06-21,1.252
2006-06-22,-0.228
2006-06-23,0.442
2006-06-26,0.502
2006-06-27,-1.338
2006-06-28,0.262
2006-06-29,2.552
2006-06-30,0.652
2006-07-03,0.46
2006-07-05,-0.58
2006-07-06,0.06
2006-07-07,-1.18
2006-07-10,-0.32
2006-07-11,0.45
2006-07-12,-1.14
2006-07-13,-1.79
2006-07-14,-0.91
2006-07-17,-0.93
2006-07-18,0.13
2006-07-19,1.93
2006-07-20,-1.61
2006-07-21,-1.35
2006-07-24,1.51
2006-07-25,0.68
2006-07-26,-0.04
2006-07-27,-0.8
2006-07-28,0.99
2006-07-31,0.48
2006-08-01,-1.128
2006-08-02,0.582
2006-08-03,0.312
2006-08-04,-0.398
2006-08-07,-0.638
2006-08-08,-0.928
2006-08-09,-0.718
2006-08-10,0.312
2006-08-11,-0.888
2006-08-14,-0.008
2006-08-15,1.112
2006-08-16,0.912
2006-08-17,0.692
2006-08-18,0.222
2006-08-21,-0.508
2006-08-22,0.362
2006-08-23,-0.648
2006-08-24,0.202
2006-08-25,0.252
2006-08-28,0.612
2006-08-29,0.872
2006-08-30,0.772
2006-08-31,0.332
2006-09-01,0.19
2006-09-05,0.63
2006-09-06,-1.36
2006-09-07,-0.51
2006-09-08,0.14
2006-09-11,-0.4
2006-09-12,1.25
2006-09-13,0.66
2006-09-14,-0.11
2006-09-15,0.09
2006-09-18,0.1
2006-09-19,-0.29
2006-09-20,0.51
2006-09-21,-0.34
2006-09-22,-0.92
2006-09-25,0.45
2006-09-26,0.18
2006-09-27,0.4
2006-09-28,0.18
2006-09-29,-0.33
2006-10-02,-0.978
2006-10-03,-0.308
2006-10-04,1.322
2006-10-05,1.062
2006-10-06,-0.098
2006-10-09,0.492
2006-10-10,0.252
2006-10-11,-0.288
2006-10-12,1.572
2006-10-13,0.732
2006-10-16,0.772
2006-10-17,-0.278
2006-10-18,0.032
2006-10-19,0.572
2006-10-20,-0.378
2006-10-23,-0.188
2006-10-24,-0.238
2006-10-25,0.362
2006-10-26,0.992
2006-10-27,-0.708
2006-10-30,0.172
2006-10-31,-0.078
2006-11-01,-1.45
2006-11-02,-0.47
2006-11-03,0.5
2006-11-06,0.81
2006-11-07,0.07
2006-11-08,0.64
2006-11-09,-0.64
2006-11-10,0.45
2006-11-13,0.53
2006-11-14,0.92
2006-11-15,0.79
2006-11-16,0.07
2006-11-17,-0.26
2006-11-20,0.1
2006-11-21,0.18
2006-11-22,-0.02
2006-11-24,0.11
2006-11-27,-1.96
2006-11-28,0.28
2006-11-29,1.02
2006-11-30,0.31
2006-12-01,-0.37
2006-12-04,1.07
2006-12-05,0.29
2006-12-06,0.11
2006-12-07,-0.02
2006-12-08,0.1
2006-12-11,0.08
2006-12-12,-0.4
2006-12-13,0.12
2006-12-14,0.53
2006-12-15,-0.11
2006-12-18,-1.04
2006-12-19,-0.02
2006-12-20,0.41
2006-12-21,-0.02
2006-12-22,0.12
2006-12-26,0.51
2006-12-27,1.04
2006-12-28,-0.03
2006-12-29,-0.29
2007-01-03,-0.172
2007-01-04,0.058
2007-01-05,-1.292
2007-01-08,0.148
2007-01-09,-0.042
2007-01-10,0.198
2007-01-11,0.818
2007-01-12,0.648
2007-01-16,0.058
2007-01-17,-0.132
2007-01-18,-1.192
2007-01-19,0.538
2007-01-22,-0.702
2007-01-23,0.528
2007-01-24,0.718
2007-01-25,-0.952
2007-01-26,0.368
2007-01-29,0.708
2007-01-30,0.538
2007-01-31,0.288
2007-02-01,0.73
2007-02-02,0.36
2007-02-05,-0.23
2007-02-06,0.22
2007-02-07,0.36
2007-02-08,0.16
2007-02-09,-0.6
2007-02-12,-0.23
2007-02-13,0.34
2007-02-14,0.12
2007-02-15,0.04
2007-02-16,0.34
2007-02-20,0.95
2007-02-21,0.12
2007-02-22,0.32
2007-02-23,-0.2
2007-02-26,-0.31
2007-02-27,-3.55
2007-02-28,0.31
2007-03-01,-0.659
2007-03-02,-1.369
2007-03-05,-1.729
2007-03-06,2.001
2007-03-07,-0.079
2007-03-08,0.401
2007-03-09,0.241
2007-03-12,0.531
2007-03-13,-1.939
2007-03-14,0.001
2007-03-15,0.711
2007-03-16,-0.409
2007-03-19,0.781
2007-03-20,0.581
2007-03-21,1.091
2007-03-22,0.351
2007-03-23,0.181
2007-03-26,0.171
2007-03-27,-0.529
2007-03-28,-0.529
2007-03-29,0.141
2007-03-30,0.561
2007-04-02,0.118
2007-04-03,0.758
2007-04-04,0.018
2007-04-05,0.438
2007-04-09,0.088
2007-04-10,0.138
2007-04-11,-0.532
2007-04-12,0.648
2007-04-13,0.658
2007-04-16,0.918
2007-04-17,-0.262
2007-04-18,-0.382
2007-04-19,-0.552
2007-04-20,0.868
2007-04-23,-0.142
2007-04-24,-0.112
2007-04-25,0.298
2007-04-26,-0.092
2007-04-27,-0.312
2007-04-30,-1.202
2007-05-01,-0.308
2007-05-02,1.152
2007-05-03,0.072
2007-05-04,0.192
2007-05-07,-0.008
2007-05-08,-0.258
2007-05-09,-0.038
2007-05-10,-1.588
2007-05-11,0.882
2007-05-14,-0.728
2007-05-15,-0.888
2007-05-16,0.342
2007-05-17,-0.218
2007-05-18,0.782
2007-05-21,0.972
2007-05-22,0.702
2007-05-23,-0.228
2007-05-24,-1.098
2007-05-25,0.672
2007-05-29,0.592
2007-05-30,0.342
2007-05-31,0.522
2007-06-01,0.501
2007-06-04,0.241
2007-06-05,-0.439
2007-06-06,-0.539
2007-06-07,-1.299
2007-06-08,0.561
2007-06-11,0.001
2007-06-12,-1.299
2007-06-13,0.941
2007-06-14,0.491
2007-06-15,0.941
2007-06-18,0.241
2007-06-19,0.401
2007-06-20,-1.119
2007-06-21,-0.019
2007-06-22,-0.789
2007-06-25,-0.729
2007-06-26,-0.049
2007-06-27,1.151
2007-06-28,0.181
2007-06-29,-0.129
2007-07-02,0.681
2007-07-03,0.151
2007-07-05,0.081
2007-07-06,0.301
2007-07-09,0.101
2007-07-10,-1.309
2007-07-11,0.091
2007-07-12,1.041
2007-07-13,-0.119
2007-07-16,-0.649
2007-07-17,-0.049
2007-07-18,-0.449
2007-07-19,0.621
2007-07-20,-1.039
2007-07-23,-0.219
2007-07-24,-2.099
2007-07-25,-0.279
2007-07-26,-2.149
2007-07-27,-1.359
2007-07-30,0.131
2007-07-31,-0.219
2007-08-01,-0.778
2007-08-02,0.142
2007-08-03,-2.448
2007-08-06,-0.458
2007-08-07,0.742
2007-08-08,2.372
2007-08-09,-1.118
2007-08-10,-0.388
2007-08-13,-0.558
2007-08-14,-1.598
2007-08-15,-1.108
2007-08-16,0.552
2007-08-17,1.372
2007-08-20,0.032
2007-08-21,0.202
2007-08-22,1.102
2007-08-23,-0.548
2007-08-24,0.732
2007-08-27,-0.398
2007-08-28,-1.548
2007-08-29,1.432
2007-08-30,-0.218
2007-08-31,0.762
2007-09-04,0.643
2007-09-05,-0.827
2007-09-06,0.493
2007-09-07,-1.447
2007-09-10,-0.777
2007-09-11,0.993
2007-09-12,-0.387
2007-09-13,-0.097
2007-09-14,0.313
2007-09-17,-0.947
2007-09-18,2.423
2007-09-19,1.133
2007-09-20,-0.457
2007-09-21,0.443
2007-09-24,-0.527
2007-09-25,-0.387
2007-09-26,0.633
2007-09-27,0.653
2007-09-28,-0.477
2007-10-01,1.396
2007-10-02,0.496
2007-10-03,-0.644
2007-10-04,0.446
2007-10-05,1.246
2007-10-08,-0.124
2007-10-09,0.456
2007-10-10,-0.004
2007-10-11,-1.044
2007-10-12,0.536
2007-10-15,-0.934
2007-10-16,-0.504
2007-10-17,0.116
2007-10-18,-0.014
2007-10-19,-2.434
2007-10-22,0.526
2007-10-23,0.726
2007-10-24,-0.594
2007-10-25,-0.224
2007-10-26,0.966
2007-10-29,0.036
2007-10-30,-0.654
2007-10-31,0.926
2007-11-01,-2.906
2007-11-02,-0.026
2007-11-05,-1.026
2007-11-06,0.494
2007-11-07,-2.646
2007-11-08,-0.076
2007-11-09,-1.056
2007-11-12,-0.436
2007-11-13,1.584
2007-11-14,-0.486
2007-11-15,-1.276
2007-11-16,-0.236
2007-11-19,-2.036
2007-11-20,-0.486
2007-11-21,-1.006
2007-11-23,1.524
2007-11-26,-1.876
2007-11-27,0.004
2007-11-28,2.554
2007-11-29,-0.116
2007-11-30,0.144
2007-12-03,-1.154
2007-12-04,-0.854
2007-12-05,1.196
2007-12-06,2.156
2007-12-07,0.186
2007-12-10,0.236
2007-12-11,-2.014
2007-12-12,0.176
2007-12-13,-0.124
2007-12-14,-1.474
2007-12-17,-2.174
2007-12-18,1.236
2007-12-19,0.326
2007-12-20,0.826
2007-12-21,1.656
2007-12-24,0.806
2007-12-26,0.686
2007-12-27,-2.074
2007-12-28,-0.494
2007-12-31,0.256
2008-01-02,-1.27
2008-01-03,-0.93
2008-01-04,-2.53
2008-01-07,-0.07
2008-01-08,-1.3
2008-01-09,-0.23
2008-01-10,0.95
2008-01-11,-1.81
2008-01-14,0.81
2008-01-15,-1.47
2008-01-16,0.72
2008-01-17,-2.26
2008-01-18,-1.12
2008-01-22,-1.26
2008-01-23,1.82
2008-01-24,0.15
2008-01-25,-0.11
2008-01-28,1.23
2008-01-29,0.29
2008-01-30,-0.4
2008-01-31,1.7
2008-02-01,1.063
2008-02-04,-0.177
2008-02-05,-2.077
2008-02-06,-0.767
2008-02-07,0.633
2008-02-08,-0.527
2008-02-11,0.403
2008-02-12,0.233
2008-02-13,1.933
2008-02-14,-1.717
2008-02-15,-0.977
2008-02-19,0.243
2008-02-20,0.473
2008-02-21,-1.167
2008-02-22,-0.457
2008-02-25,1.133
2008-02-26,1.073
2008-02-27,-0.027
2008-02-28,-0.767
2008-02-29,-1.907
2008-03-03,-0.769
2008-03-04,-0.599
2008-03-05,0.051
2008-03-06,-2.149
2008-03-07,-0.729
2008-03-10,-2.269
2008-03-11,2.851
2008-03-12,-0.459
2008-03-13,0.911
2008-03-14,-1.849
2008-03-17,-1.729
2008-03-18,2.471
2008-03-19,-1.469
2008-03-20,1.321
2008-03-24,1.951
2008-03-25,1.351
2008-03-26,0.091
2008-03-27,-0.479
2008-03-28,-0.989
2008-03-31,0.351
2008-04-01,1.642
2008-04-02,0.232
2008-04-03,-0.118
2008-04-04,0.252
2008-04-07,0.032
2008-04-08,-0.208
2008-04-09,-1.298
2008-04-10,0.572
2008-04-11,-2.048
2008-04-14,-0.408
2008-04-15,0.392
2008-04-16,1.712
2008-04-17,-0.548
2008-04-18,1.292
2008-04-21,-0.148
2008-04-22,-1.858
2008-04-23,0.232
2008-04-24,0.972
2008-04-25,0.302
2008-04-28,0.562
2008-04-29,-0.868
2008-04-30,0.132
2008-05-01,1.002
2008-05-02,-0.238
2008-05-05,-0.188
2008-05-06,0.632
2008-05-07,-1.608
2008-05-08,0.202
2008-05-09,0.132
2008-05-12,1.472
2008-05-13,0.552
2008-05-14,-0.278
2008-05-15,0.462
2008-05-16,-0.028
2008-05-19,-0.038
2008-05-20,-0.168
2008-05-21,-0.858
2008-05-22,0.502
2008-05-23,-0.568
2008-05-27,0.842
2008-05-28,0.222
2008-05-29,0.712
2008-05-30,0.482
2008-06-02,-0.728
2008-06-03,-0.168
2008-06-04,0.322
2008-06-05,1.882
2008-06-06,-1.938
2008-06-09,-0.768
2008-06-10,-0.188
2008-06-11,-1.508
2008-06-12,0.362
2008-06-13,1.422
2008-06-16,0.732
2008-06-17,-0.458
2008-06-18,-0.808
2008-06-19,0.272
2008-06-20,-0.948
2008-06-23,-1.038
2008-06-24,-1.528
2008-06-25,0.382
2008-06-26,-1.458
2008-06-27,-0.428
2008-06-30,-0.918
2008-07-01,-1.287
2008-07-02,-2.107
2008-07-03,-0.417
2008-07-07,-1.807
2008-07-08,2.713
2008-07-09,-1.747
2008-07-10,0.013
2008-07-11,0.163
2008-07-14,-1.727
2008-07-15,-0.757
2008-07-16,3.493
2008-07-17,2.223
2008-07-18,-0.147
2008-07-21,0.743
2008-07-22,2.623
2008-07-23,1.133
2008-07-24,-1.527
2008-07-25,0.933
2008-07-28,-1.867
2008-07-29,1.663
2008-07-30,0.283
2008-07-31,-0.027
2008-08-01,0.384
2008-08-04,-1.386
2008-08-05,1.274
2008-08-06,0.864
2008-08-07,-1.636
2008-08-08,2.244
2008-08-11,2.154
2008-08-12,-0.436
2008-08-13,0.554
2008-08-14,0.694
2008-08-15,-0.256
2008-08-18,-0.946
2008-08-19,-1.666
2008-08-20,-0.206
2008-08-21,-0.626
2008-08-22,1.304
2008-08-25,-1.766
2008-08-26,0.274
2008-08-27,0.574
2008-08-28,1.654
2008-08-29,-0.496
2008-09-02,-0.267
2008-09-03,0.653
2008-09-04,-2.097
2008-09-05,-0.007
2008-09-08,1.133
2008-09-09,-2.377
2008-09-10,0.303
2008-09-11,-0.517
2008-09-12,0.053
2008-09-15,-3.907
2008-09-16,0.933
2008-09-17,-4.417
2008-09-18,5.663
2008-09-19,4.523
2008-09-22,-3.357
2008-09-23,-1.187
2008-09-24,-1.377
2008-09-25,0.503
2008-09-26,-0.557
2008-09-29,-5.357
2008-09-30,1.953
2008-10-01,-0.894
2008-10-02,-3.154
2008-10-03,-2.164
2008-10-06,-5.464
2008-10-07,-4.834
2008-10-08,-2.854
2008-10-09,-7.244
2008-10-10,2.006
2008-10-13,7.936
2008-10-14,-1.304
2008-10-15,-6.474
2008-10-16,4.766
2008-10-17,-1.184
2008-10-20,2.436
2008-10-21,-1.994
2008-10-22,-3.964
2008-10-23,-2.284
2008-10-24,-3.104
2008-10-27,-3.644
2008-10-28,3.126
2008-10-29,1.116
2008-10-30,3.186
2008-10-31,4.606
2008-11-03,0.369
2008-11-04,1.039
2008-11-05,-3.871
2008-11-06,-2.821
2008-11-07,0.419
2008-11-10,-2.331
2008-11-11,-2.061
2008-11-12,-5.791
2008-11-13,5.019
2008-11-14,-4.921
2008-11-17,-1.221
2008-11-18,-1.011
2008-11-19,-6.351
2008-11-20,-5.921
2008-11-21,1.419
2008-11-24,4.349
2008-11-25,0.229
2008-11-26,5.319
2008-11-28,1.939
2008-12-01,-8.63
2008-12-02,4.38
2008-12-03,1.45
2008-12-04,-1.81
2008-12-05,3.04
2008-12-08,3.28
2008-12-09,-2.46
2008-12-10,1.53
2008-12-11,-3.41
2008-12-12,2.6
2008-12-15,-2.56
2008-12-16,4.21
2008-12-17,0.56
2008-12-18,-0.86
2008-12-19,0.08
2008-12-22,-1.2
2008-12-23,-0.86
2008-12-24,0.24
2008-12-26,0.53
2008-12-29,-2.52
2008-12-30,1.67
2008-12-31,4.02
2009-01-02,2.23
2009-01-05,1.15
2009-01-06,2.85
2009-01-07,-2.12
2009-01-08,1.52
2009-01-09,-3.25
2009-01-12,-2.6
2009-01-13,0.25
2009-01-14,-3.56
2009-01-15,0.76
2009-01-16,0.21
2009-01-20,-5.94
2009-01-21,3.71
2009-01-22,-2.6
2009-01-23,-0.54
2009-01-26,1.39
2009-01-27,0.6
2009-01-28,2.7
2009-01-29,-2.76
2009-01-30,-1.44
2009-02-02,1.559
2009-02-03,0.549
2009-02-04,-1.321
2009-02-05,0.889
2009-02-06,2.159
2009-02-09,-0.421
2009-02-10,-3.561
2009-02-11,0.259
2009-02-12,-0.361
2009-02-13,0.259
2009-02-17,-3.601
2009-02-18,-1.261
2009-02-19,-1.621
2009-02-20,-2.421
2009-02-23,-2.921
2009-02-24,3.059
2009-02-25,-2.711
2009-02-26,-1.021
2009-02-27,-1.221
2009-03-02,-5.141
2009-03-03,-1.551
2009-03-04,2.099
2009-03-05,-5.021
2009-03-06,0.599
2009-03-09,-2.071
2009-03-10,5.659
2009-03-11,-0.811
2009-03-12,6.019
2009-03-13,0.779
2009-03-16,-0.111
2009-03-17,3.529
2009-03-18,2.849
2009-03-19,-0.521
2009-03-20,-1.251
2009-03-23,5.749
2009-03-24,-2.651
2009-03-25,2.139
2009-03-26,3.579
2009-03-27,-3.141
2009-03-30,-2.411
2009-03-31,1.949
2009-04-01,1.459
2009-04-02,3.309
2009-04-03,0.869
2009-04-06,-1.261
2009-04-07,-2.001
2009-04-08,1.989
2009-04-09,4.209
2009-04-13,0.269
2009-04-14,-1.921
2009-04-15,1.279
2009-04-16,1.909
2009-04-17,1.089
2009-04-20,-4.301
2009-04-21,3.029
2009-04-22,0.599
2009-04-23,-0.941
2009-04-24,2.179
2009-04-27,-1.151
2009-04-28,1.119
2009-04-29,2.969
2009-04-30,0.019
2009-05-01,0.07
2009-05-04,3.08
2009-05-05,0.14
2009-05-06,1.04
2009-05-07,-1.31
2009-05-08,3.15
2009-05-11,-0.21
2009-05-12,-0.58
2009-05-13,-3.81
2009-05-14,1.54
2009-05-15,-0.63
2009-05-18,3.9
2009-05-19,0.19
2009-05-20,0.03
2009-05-21,-1.68
2009-05-22,0.03
2009-05-26,3.32
2009-05-27,-1.07
2009-05-28,0.64
2009-05-29,1.5
2009-06-01,2.77
2009-06-02,0.49
2009-06-03,-0.34
2009-06-04,2.02
2009-06-05,0.34
2009-06-08,-0.08
2009-06-09,0.63
2009-06-10,-0.8
2009-06-11,1.43
2009-06-12,-0.15
2009-06-15,-2.59
2009-06-16,-1.12
2009-06-17,0.46
2009-06-18,0.28
2009-06-19,0.95
2009-06-22,-3.79
2009-06-23,-0.75
2009-06-24,0.75
2009-06-25,2.74
2009-06-26,3.82
2009-06-29,-1.37
2009-06-30,-0.24
2009-07-01,1.629
2009-07-02,-2.741
2009-07-06,-1.011
2009-07-07,-1.371
2009-07-08,-1.651
2009-07-09,-0.061
2009-07-10,0.349
2009-07-13,1.649
2009-07-14,0.459
2009-07-15,3.009
2009-07-16,0.809
2009-07-17,-0.251
2009-07-20,1.539
2009-07-21,-0.421
2009-07-22,1.399
2009-07-23,2.579
2009-07-24,0.969
2009-07-27,1.089
2009-07-28,0.619
2009-07-29,-0.481
2009-07-30,1.779
2009-07-31,0.269
2009-08-03,2.009
2009-08-04,0.919
2009-08-05,0.129
2009-08-06,-1.311
2009-08-07,2.219
2009-08-10,1.019
2009-08-11,-1.721
2009-08-12,1.709
2009-08-13,0.389
2009-08-14,-1.711
2009-08-17,-2.611
2009-08-18,2.319
2009-08-19,1.039
2009-08-20,0.889
2009-08-21,1.749
2009-08-24,0.359
2009-08-25,0.839
2009-08-26,0.839
2009-08-27,0.269
2009-08-28,-0.871
2009-08-31,-1.051
2009-09-01,-2.66
2009-09-02,0.0
2009-09-03,0.85
2009-09-04,1.62
2009-09-08,0.81
2009-09-09,1.36
2009-09-10,1.62
2009-09-11,0.04
2009-09-14,1.23
2009-09-15,0.86
2009-09-16,1.42
2009-09-17,0.16
2009-09-18,0.39
2009-09-21,-0.13
2009-09-22,0.96
2009-09-23,-0.55
2009-09-24,-2.09
2009-09-25,-0.3
2009-09-28,1.72
2009-09-29,0.07
2009-09-30,-1.05
2009-10-01,-2.86
2009-10-02,-0.89
2009-10-05,1.92
2009-10-06,1.68
2009-10-07,0.37
2009-10-08,0.76
2009-10-09,1.22
2009-10-12,-0.07
2009-10-13,0.15
2009-10-14,1.72
2009-10-15,-0.1
2009-10-16,-0.79
2009-10-19,0.62
2009-10-20,-1.41
2009-10-21,-0.87
2009-10-22,0.52
2009-10-23,-1.85
2009-10-26,-1.89
2009-10-27,-1.56
2009-10-28,-3.79
2009-10-29,1.83
2009-10-30,-2.67
2009-11-02,-0.52
2009-11-03,1.18
2009-11-04,-0.79
2009-11-05,2.9
2009-11-06,-0.28
2009-11-09,1.24
2009-11-10,-1.18
2009-11-11,0.71
2009-11-12,-1.81
2009-11-13,0.85
2009-11-16,1.96
2009-11-17,0.05
2009-11-18,-0.22
2009-11-19,-1.67
2009-11-20,-0.02
2009-11-23,1.23
2009-11-24,-0.12
2009-11-25,-0.14
2009-11-27,-1.9
2009-11-30,0.25
2009-12-01,1.33
2009-12-02,0.85
2009-12-03,-1.0
2009-12-04,1.74
2009-12-07,0.32
2009-12-08,-0.89
2009-12-09,0.37
2009-12-10,-0.88
2009-12-11,0.4
2009-12-14,1.05
2009-12-15,-0.78
2009-12-16,0.5
2009-12-17,-0.91
2009-12-18,1.1
2009-12-21,0.69
2009-12-22,0.53
2009-12-23,1.01
2009-12-24,0.53
2009-12-28,0.18
2009-12-29,0.16
2009-12-30,0.21
2009-12-31,-0.08
2010-01-04,2.46
2010-01-05,-0.04
2010-01-06,-0.2
2010-01-07,1.29
2010-01-08,0.98
2010-01-11,0.67
2010-01-12,-1.43
2010-01-13,1.01
2010-01-14,0.81
2010-01-15,-1.04
2010-01-19,1.43
2010-01-20,-1.32
2010-01-21,-2.01
2010-01-22,-1.36
2010-01-25,-0.13
2010-01-26,-0.57
2010-01-27,0.28
2010-01-28,-0.92
2010-01-29,-0.8
2010-02-01,1.0
2010-02-02,0.75
2010-02-03,-0.18
2010-02-04,-3.02
2010-02-05,0.21
2010-02-08,-0.58
2010-02-09,1.18
2010-02-10,0.02
2010-02-11,1.64
2010-02-12,0.71
2010-02-16,1.61
2010-02-17,0.73
2010-02-18,0.3
2010-02-19,0.14
2010-02-22,0.52
2010-02-23,-0.68
2010-02-24,0.24
2010-02-25,-0.14
2010-02-26,-0.06
2010-03-01,1.73
2010-03-02,0.95
2010-03-03,0.53
2010-03-04,0.6
2010-03-05,1.69
2010-03-08,0.54
2010-03-09,0.22
2010-03-10,0.52
2010-03-11,0.4
2010-03-12,-0.3
2010-03-15,-0.44
2010-03-16,0.71
2010-03-17,0.35
2010-03-18,-0.35
2010-03-19,-1.2
2010-03-22,1.03
2010-03-23,1.31
2010-03-24,-0.41
2010-03-25,-0.42
2010-03-26,0.17
2010-03-29,0.59
2010-03-30,-0.13
2010-03-31,-0.47
2010-04-01,0.519
2010-04-05,2.059
2010-04-06,0.749
2010-04-07,0.069
2010-04-08,0.469
2010-04-09,0.369
2010-04-12,0.719
2010-04-13,0.149
2010-04-14,2.379
2010-04-15,0.719
2010-04-16,-1.271
2010-04-19,-0.401
2010-04-20,1.789
2010-04-21,0.619
2010-04-22,1.289
2010-04-23,1.189
2010-04-26,0.739
2010-04-27,-2.111
2010-04-28,0.259
2010-04-29,1.809
2010-04-30,-1.921
2010-05-03,1.519
2010-05-04,-2.821
2010-05-05,-1.671
2010-05-06,-3.841
2010-05-07,-2.831
2010-05-10,4.869
2010-05-11,1.089
2010-05-12,2.819
2010-05-13,-0.401
2010-05-14,-2.371
2010-05-17,-0.021
2010-05-18,-1.611
2010-05-19,-1.881
2010-05-20,-4.991
2010-05-21,1.049
2010-05-24,-0.471
2010-05-25,-0.891
2010-05-26,0.619
2010-05-27,4.149
2010-05-28,-0.661
2010-06-01,-2.751
2010-06-02,2.349
2010-06-03,0.389
2010-06-04,-4.021
2010-06-07,-3.131
2010-06-08,-1.071
2010-06-09,-0.121
2010-06-10,2.929
2010-06-11,1.479
2010-06-14,0.579
2010-06-15,2.339
2010-06-16,-0.441
2010-06-17,-0.061
2010-06-18,0.339
2010-06-21,-1.351
2010-06-22,-1.581
2010-06-23,-0.171
2010-06-24,-1.301
2010-06-25,1.669
2010-06-28,-0.941
2010-06-29,-3.931
2010-06-30,-0.571
2010-07-01,-1.431
2010-07-02,-0.481
2010-07-06,-1.701
2010-07-07,1.859
2010-07-08,1.209
2010-07-09,1.699
2010-07-12,-0.921
2010-07-13,3.199
2010-07-14,-0.351
2010-07-15,-1.001
2010-07-16,-3.091
2010-07-19,0.169
2010-07-20,1.329
2010-07-21,-1.401
2010-07-22,2.889
2010-07-23,2.119
2010-07-26,1.889
2010-07-27,-0.341
2010-07-28,-0.961
2010-07-29,0.239
2010-07-30,0.619
2010-08-02,1.039
2010-08-03,-0.601
2010-08-04,0.969
2010-08-05,-0.951
2010-08-06,-0.411
2010-08-09,0.819
2010-08-10,-1.871
2010-08-11,-3.761
2010-08-12,-0.331
2010-08-13,-0.811
2010-08-16,0.599
2010-08-17,1.399
2010-08-18,0.069
2010-08-19,-2.501
2010-08-20,-0.061
2010-08-23,-1.631
2010-08-24,-1.221
2010-08-25,1.059
2010-08-26,-0.851
2010-08-27,2.409
2010-08-30,-2.071
2010-08-31,-0.051
2010-09-01,2.889
2010-09-02,0.589
2010-09-03,1.409
2010-09-07,-1.911
2010-09-08,0.869
2010-09-09,0.149
2010-09-10,0.439
2010-09-13,2.079
2010-09-14,-0.371
2010-09-15,0.349
2010-09-16,-0.451
2010-09-17,0.449
2010-09-20,2.489
2010-09-21,-0.541
2010-09-22,-0.911
2010-09-23,-0.561
2010-09-24,2.349
2010-09-27,-0.111
2010-09-28,0.979
2010-09-29,0.359
2010-09-30,0.159
2010-10-01,0.449
2010-10-04,-1.101
2010-10-05,2.499
2010-10-06,0.029
2010-10-07,-0.291
2010-10-08,1.419
2010-10-11,0.149
2010-10-12,0.499
2010-10-13,1.359
2010-10-14,-0.001
2010-10-15,0.029
2010-10-18,1.119
2010-10-19,-2.221
2010-10-20,0.999
2010-10-21,-0.821
2010-10-22,0.509
2010-10-25,0.499
2010-10-26,0.179
2010-10-27,-0.731
2010-10-28,-0.441
2010-10-29,0.469
2010-11-01,-0.841
2010-11-02,1.869
2010-11-03,0.179
2010-11-04,2.289
2010-11-05,0.489
2010-11-08,0.259
2010-11-09,-1.041
2010-11-10,0.939
2010-11-11,-0.531
2010-11-12,-1.471
2010-11-15,0.309
2010-11-16,-1.991
2010-11-17,0.029
2010-11-18,1.529
2010-11-19,0.409
2010-11-22,-0.081
2010-11-23,-1.001
2010-11-24,1.789
2010-11-26,-0.051
2010-11-29,0.169
2010-11-30,-0.711
2010-12-01,1.069
2010-12-02,0.679
2010-12-03,0.419
2010-12-06,0.789
2010-12-07,0.289
2010-12-08,0.109
2010-12-09,0.729
2010-12-10,1.029
2010-12-13,-0.361
2010-12-14,0.009
2010-12-15,-0.271
2010-12-16,1.159
2010-12-17,0.469
2010-12-20,0.449
2010-12-21,1.079
2010-12-22,0.279
2010-12-23,-0.061
2010-12-27,0.679
2010-12-28,-0.101
2010-12-29,0.289
2010-12-30,-0.061
2010-12-31,0.019
2011-01-03,1.73
2011-01-04,-1.08
2011-01-05,1.45
2011-01-06,-0.11
2011-01-07,-0.42
2011-01-10,0.57
2011-01-11,0.86
2011-01-12,1.07
2011-01-13,-0.11
2011-01-14,0.78
2011-01-18,-0.26
2011-01-19,-2.98
2011-01-20,-1.34
2011-01-21,-0.14
2011-01-24,0.84
2011-01-25,-0.05
2011-01-26,1.79
2011-01-27,0.14
2011-01-28,-2.78
2011-01-31,0.66
2011-02-01,1.919
2011-02-02,0.129
2011-02-03,0.119
2011-02-04,0.019
2011-02-07,1.019
2011-02-08,0.459
2011-02-09,-0.381
2011-02-10,0.109
2011-02-11,0.899
2011-02-14,0.229
2011-02-15,-0.641
2011-02-16,0.699
2011-02-17,0.779
2011-02-18,0.159
2011-02-22,-2.541
2011-02-23,-1.371
2011-02-24,0.689
2011-02-25,2.079
2011-02-28,0.049
2011-03-01,-1.43
2011-03-02,0.31
2011-03-03,1.65
2011-03-04,-0.35
2011-03-07,-1.4
2011-03-08,1.43
2011-03-09,-0.45
2011-03-10,-2.64
2011-03-11,0.08
2011-03-14,-0.95
2011-03-15,-1.32
2011-03-16,-1.15
2011-03-17,0.74
2011-03-18,1.36
2011-03-21,2.03
2011-03-22,0.0
2011-03-23,0.57
2011-03-24,0.37
2011-03-25,0.48
2011-03-28,-0.14
2011-03-29,0.83
2011-03-30,0.86
2011-03-31,0.48
2011-04-01,0.06
2011-04-04,0.29
2011-04-05,0.15
2011-04-06,0.21
2011-04-07,-0.38
2011-04-08,-0.97
2011-04-11,-1.24
2011-04-12,-1.48
2011-04-13,-0.04
2011-04-14,0.59
2011-04-15,0.7
2011-04-18,-1.46
2011-04-19,0.12
2011-04-20,1.42
2011-04-21,0.67
2011-04-25,-0.01
2011-04-26,0.73
2011-04-27,0.38
2011-04-28,0.27
2011-04-29,0.26
2011-05-02,-1.43
2011-05-03,-1.39
2011-05-04,-1.38
2011-05-05,-0.58
2011-05-06,0.61
2011-05-09,0.98
2011-05-10,1.57
2011-05-11,-1.52
2011-05-12,0.85
2011-05-13,-1.37
2011-05-16,-1.71
2011-05-17,-0.63
2011-05-18,1.31
2011-05-19,0.01
2011-05-20,-0.36
2011-05-23,-1.4
2011-05-24,-0.49
2011-05-25,1.19
2011-05-26,1.26
2011-05-27,0.82
2011-05-31,1.21
2011-06-01,-2.69
2011-06-02,0.16
2011-06-03,-1.36
2011-06-06,-1.54
2011-06-07,0.38
2011-06-08,-1.25
2011-06-09,0.55
2011-06-10,-1.2
2011-06-13,-0.81
2011-06-14,1.43
2011-06-15,-1.57
2011-06-16,0.55
2011-06-17,-0.03
2011-06-20,0.25
2011-06-21,2.06
2011-06-22,-0.77
2011-06-23,0.31
2011-06-24,0.59
2011-06-27,0.89
2011-06-28,1.1
2011-06-29,-0.16
2011-06-30,0.9
2011-07-01,0.99
2011-07-05,0.03
2011-07-06,0.65
2011-07-07,1.71
2011-07-08,-0.48
2011-07-11,-1.52
2011-07-12,-0.16
2011-07-13,1.01
2011-07-14,-1.39
2011-07-15,0.46
2011-07-18,-1.43
2011-07-19,1.75
2011-07-20,-0.19
2011-07-21,0.98
2011-07-22,-0.32
2011-07-25,-1.25
2011-07-26,-0.73
2011-07-27,-2.64
2011-07-28,0.35
2011-07-29,-0.23
2011-08-01,0.11
2011-08-02,-2.38
2011-08-03,0.68
2011-08-04,-5.09
2011-08-05,-1.6
2011-08-08,-7.86
2011-08-09,5.49
2011-08-10,-5.16
2011-08-11,3.59
2011-08-12,-0.37
2011-08-15,2.59
2011-08-16,-1.99
2011-08-17,0.21
2011-08-18,-4.21
2011-08-19,-1.05
2011-08-22,-0.42
2011-08-23,3.5
2011-08-24,1.2
2011-08-25,-2.53
2011-08-26,1.67
2011-08-29,3.91
2011-08-30,0.21
2011-08-31,-0.56
2011-09-01,-2.34
2011-09-02,-2.8
2011-09-06,-0.64
2011-09-07,3.21
2011-09-08,-1.88
2011-09-09,-2.07
2011-09-12,0.28
2011-09-13,1.43
2011-09-14,1.7
2011-09-15,0.52
2011-09-16,0.41
2011-09-19,-2.0
2011-09-20,-1.58
2011-09-21,-2.57
2011-09-22,-2.87
2011-09-23,1.29
2011-09-26,0.98
2011-09-27,1.62
2011-09-28,-3.35
2011-09-29,1.05
2011-09-30,-1.53
2011-10-03,-5.33
2011-10-04,5.32
2011-10-05,0.9
2011-10-06,1.45
2011-10-07,-2.23
2011-10-10,3.15
2011-10-11,0.77
2011-10-12,1.86
2011-10-13,0.13
2011-10-14,1.5
2011-10-17,-2.94
2011-10-18,2.47
2011-10-19,-1.79
2011-10-20,-0.16
2011-10-21,1.58
2011-10-24,2.34
2011-10-25,-2.55
2011-10-26,1.97
2011-10-27,4.31
2011-10-28,-0.19
2011-10-31,-2.05
2011-11-01,-3.33
2011-11-02,2.6
2011-11-03,1.86
2011-11-04,-1.16
2011-11-07,-0.28
2011-11-08,1.63
2011-11-09,-4.01
2011-11-10,0.62
2011-11-11,1.73
2011-11-14,-1.56
2011-11-15,0.99
2011-11-16,-1.14
2011-11-17,-0.87
2011-11-18,0.32
2011-11-21,-2.08
2011-11-22,-0.78
2011-11-23,-2.79
2011-11-25,-0.89
2011-11-28,3.45
2011-11-29,-0.82
2011-11-30,4.66
2011-12-01,-1.25
2011-12-02,1.07
2011-12-05,1.33
2011-12-06,0.26
2011-12-07,0.2
2011-12-08,-2.82
2011-12-09,2.93
2011-12-12,-1.03
2011-12-13,-1.68
2011-12-14,0.65
2011-12-15,-0.1
2011-12-16,0.21
2011-12-19,-1.94
2011-12-20,3.34
2011-12-21,0.07
2011-12-22,0.74
2011-12-23,0.11
2011-12-27,-0.29
2011-12-28,-1.64
2011-12-29,1.15
2011-12-30,0.26
2012-01-03,1.85
2012-01-04,-0.58
2012-01-05,0.56
2012-01-06,-0.12
2012-01-09,0.44
2012-01-10,1.22
2012-01-11,0.4
2012-01-12,0.54
2012-01-13,-0.76
2012-01-17,0.05
2012-01-18,1.67
2012-01-19,0.27
2012-01-20,0.73
2012-01-23,-0.08
2012-01-24,0.77
2012-01-25,0.93
2012-01-26,-0.24
2012-01-27,0.81
2012-01-30,-0.66
2012-01-31,0.19
2012-02-01,1.92
2012-02-02,0.64
2012-02-03,1.96
2012-02-06,-0.14
2012-02-07,0.01
2012-02-08,0.66
2012-02-09,-0.38
2012-02-10,-1.37
2012-02-13,1.4
2012-02-14,-0.83
2012-02-15,-0.78
2012-02-16,1.6
2012-02-17,0.31
2012-02-21,-0.75
2012-02-22,-0.74
2012-02-23,1.64
2012-02-24,-0.34
2012-02-27,-0.11
2012-02-28,-0.13
2012-02-29,-1.88
2012-03-01,0.24
2012-03-02,-1.6
2012-03-05,0.51
2012-03-06,-1.66
2012-03-07,1.27
2012-03-08,1.13
2012-03-09,1.42
2012-03-12,0.01
2012-03-13,1.88
2012-03-14,-0.72
2012-03-15,0.64
2012-03-16,-0.03
2012-03-19,1.16
2012-03-20,-0.53
2012-03-21,0.21
2012-03-22,-0.68
2012-03-23,1.25
2012-03-26,1.69
2012-03-27,-0.41
2012-03-28,-0.64
2012-03-29,-0.17
2012-03-30,-0.31
2012-04-02,1.34
2012-04-03,-1.09
2012-04-04,-1.61
2012-04-05,-0.03
2012-04-09,-1.66
2012-04-10,-2.02
2012-04-11,1.79
2012-04-12,1.1
2012-04-13,-1.42
2012-04-16,0.76
2012-04-17,1.18
2012-04-18,-1.05
2012-04-19,-0.56
2012-04-20,0.79
2012-04-23,-1.35
2012-04-24,1.39
2012-04-25,1.05
2012-04-26,0.37
2012-04-27,1.07
2012-04-30,-0.93
2012-05-01,-0.44
2012-05-02,0.36
2012-05-03,-1.12
2012-05-04,-1.61
2012-05-07,0.53
2012-05-08,0.27
2012-05-09,-0.41
2012-05-10,0.62
2012-05-11,-0.38
2012-05-14,-1.08
2012-05-15,-0.29
2012-05-16,-0.95
2012-05-17,-1.74
2012-05-18,-0.93
2012-05-21,1.66
2012-05-22,-1.08
2012-05-23,0.34
2012-05-24,0.35
2012-05-25,-0.06
2012-05-29,1.03
2012-05-30,-1.29
2012-05-31,0.37
2012-06-01,-2.44
2012-06-04,0.46
2012-06-05,0.56
2012-06-06,2.05
2012-06-07,-0.29
2012-06-08,1.02
2012-06-11,-1.79
2012-06-12,1.23
2012-06-13,-0.78
2012-06-14,1.39
2012-06-15,1.05
2012-06-18,-0.05
2012-06-19,1.61
2012-06-20,-0.09
2012-06-21,-1.62
2012-06-22,1.39
2012-06-25,-0.99
2012-06-26,0.34
2012-06-27,1.37
2012-06-28,-0.78
2012-06-29,2.51
2012-07-02,1.26
2012-07-03,1.25
2012-07-05,0.1
2012-07-06,-0.78
2012-07-09,-0.22
2012-07-10,-0.84
2012-07-11,-0.02
2012-07-12,-0.37
2012-07-13,1.25
2012-07-16,-0.81
2012-07-17,0.3
2012-07-18,0.29
2012-07-19,-0.92
2012-07-20,-1.0
2012-07-23,-1.56
2012-07-24,-1.26
2012-07-25,0.3
2012-07-26,0.53
2012-07-27,1.88
2012-07-30,-0.82
2012-07-31,-0.38
2012-08-01,-1.97
2012-08-02,-0.28
2012-08-03,2.27
2012-08-06,0.66
2012-08-07,0.49
2012-08-08,-0.46
2012-08-09,0.3
2012-08-10,-0.42
2012-08-13,0.04
2012-08-14,-0.83
2012-08-15,1.03
2012-08-16,1.05
2012-08-17,0.92
2012-08-20,-0.32
2012-08-21,-0.27
2012-08-22,-0.49
2012-08-23,-0.7
2012-08-24,0.71
2012-08-27,0.15
2012-08-28,0.58
2012-08-29,0.47
2012-08-30,-1.1
2012-08-31,0.73
2012-09-04,0.49
2012-09-05,0.07
2012-09-06,1.34
2012-09-07,0.45
2012-09-10,-0.31
2012-09-11,0.55
2012-09-12,0.42
2012-09-13,1.35
2012-09-14,0.63
2012-09-17,-0.05
2012-09-18,0.16
2012-09-19,0.05
2012-09-20,-0.35
2012-09-21,1.19
2012-09-24,-0.26
2012-09-25,-0.98
2012-09-26,-0.35
2012-09-27,0.83
2012-09-28,-0.49
2012-10-01,0.39
2012-10-02,-0.08
2012-10-03,0.49
2012-10-04,0.55
2012-10-05,-0.28
2012-10-08,-0.6
2012-10-09,-1.44
2012-10-10,-0.02
2012-10-11,0.55
2012-10-12,-0.72
2012-10-15,0.54
2012-10-16,0.55
2012-10-17,0.5
2012-10-18,-1.25
2012-10-19,-2.0
2012-10-22,-0.07
2012-10-23,-0.68
2012-10-24,0.03
2012-10-25,0.44
2012-10-26,-0.23
2012-10-31,0.51
2012-11-01,0.57
2012-11-02,-1.41
2012-11-05,0.65
2012-11-06,0.57
2012-11-07,-2.88
2012-11-08,-1.29
2012-11-09,0.13
2012-11-12,-0.26
2012-11-13,-0.65
2012-11-14,-1.99
2012-11-15,-0.92
2012-11-16,0.2
2012-11-19,2.12
2012-11-20,0.07
2012-11-21,0.79
2012-11-23,0.8
2012-11-26,0.59
2012-11-27,0.02
2012-11-28,0.53
2012-11-29,1.26
2012-11-30,0.21
2012-12-03,-0.181
2012-12-04,-0.161
2012-12-05,-0.551
2012-12-06,-0.211
2012-12-07,-0.261
2012-12-10,0.249
2012-12-11,1.199
2012-12-12,-0.541
2012-12-13,-0.281
2012-12-14,0.189
2012-12-17,1.109
2012-12-18,1.139
2012-12-19,-0.021
2012-12-20,0.589
2012-12-21,-0.521
2012-12-24,-0.631
2012-12-26,-0.451
2012-12-27,-0.391
2012-12-28,-0.391
2012-12-31,1.889
2013-01-02,3.08
2013-01-03,-0.13
2013-01-04,0.8
2013-01-07,-0.2
2013-01-08,0.04
2013-01-09,0.54
2013-01-10,0.17
2013-01-11,0.05
2013-01-14,-0.07
2013-01-15,0.28
2013-01-16,-0.47
2013-01-17,0.74
2013-01-18,0.14
2013-01-22,0.84
2013-01-23,-0.27
2013-01-24,0.0
2013-01-25,0.1
2013-01-28,1.04
2013-01-29,0.74
2013-01-30,-1.0
2013-01-31,0.6
2013-02-01,1.08
2013-02-04,-1.23
2013-02-05,1.06
2013-02-06,0.16
2013-02-07,-0.49
2013-02-08,0.35
2013-02-11,0.08
2013-02-12,0.56
2013-02-13,0.03
2013-02-14,0.33
2013-02-15,0.0
2013-02-19,1.05
2013-02-20,-1.59
2013-02-21,-0.55
2013-02-22,0.86
2013-02-25,-1.96
2013-02-26,0.57
2013-02-27,0.66
2013-02-28,-0.13
2013-03-01,0.49
2013-03-04,0.4
2013-03-05,0.77
2013-03-06,0.45
2013-03-07,0.61
2013-03-08,0.83
2013-03-11,0.31
2013-03-12,-0.33
2013-03-13,0.36
2013-03-14,0.6
2013-03-15,-0.27
2013-03-18,-0.04
2013-03-19,-0.19
2013-03-20,0.9
2013-03-21,-0.46
2013-03-22,0.25
2013-03-25,0.23
2013-03-26,0.11
2013-03-27,-0.16
2013-03-28,0.51
2013-04-01,-1.0
2013-04-02,-0.31
2013-04-03,-1.23
2013-04-04,0.39
2013-04-05,-0.08
2013-04-08,0.46
2013-04-09,0.0
2013-04-10,1.75
2013-04-11,0.35
2013-04-12,-0.3
2013-04-15,-3.51
2013-04-16,1.59
2013-04-17,-1.73
2013-04-18,-0.12
2013-04-19,1.23
2013-04-22,0.2
2013-04-23,1.69
2013-04-24,0.28
2013-04-25,0.7
2013-04-26,-0.58
2013-04-29,0.71
2013-04-30,0.42
2013-05-01,-2.46
2013-05-02,1.62
2013-05-03,1.52
2013-05-06,0.69
2013-05-07,0.39
2013-05-08,0.11
2013-05-09,-0.28
2013-05-10,0.62
2013-05-13,0.22
2013-05-14,1.11
2013-05-15,0.22
2013-05-16,-0.22
2013-05-17,0.74
2013-05-20,0.22
2013-05-21,0.04
2013-05-22,-1.25
2013-05-23,0.55
2013-05-24,0.42
2013-05-28,1.24
2013-05-29,-0.76
2013-05-30,0.68
2013-05-31,-0.76
2013-06-03,1.0
2013-06-04,-0.69
2013-06-05,-1.22
2013-06-06,1.11
2013-06-07,0.51
2013-06-10,0.98
2013-06-11,-0.76
2013-06-12,-0.55
2013-06-13,1.27
2013-06-14,-0.96
2013-06-17,0.69
2013-06-18,0.99
2013-06-19,-0.67
2013-06-20,-2.1
2013-06-21,0.62
2013-06-24,-1.45
2013-06-25,0.88
2013-06-26,0.11
2013-06-27,1.5
2013-06-28,0.25
2013-07-01,1.22
2013-07-02,-0.08
2013-07-03,0.34
2013-07-05,1.39
2013-07-08,0.55
2013-07-09,0.46
2013-07-10,0.76
2013-07-11,0.95
2013-07-12,0.14
2013-07-15,0.92
2013-07-16,0.16
2013-07-17,0.15
2013-07-18,0.46
2013-07-19,0.03
2013-07-22,0.65
2013-07-23,-0.07
2013-07-24,-0.42
2013-07-25,1.17
2013-07-26,-0.58
2013-07-29,-0.73
2013-07-30,-0.03
2013-07-31,0.22
2013-08-01,0.93
2013-08-02,-0.07
2013-08-05,0.75
2013-08-06,-0.83
2013-08-07,-0.83
2013-08-08,0.01
2013-08-09,-0.5
2013-08-12,0.17
2013-08-13,-0.03
2013-08-14,-0.24
2013-08-15,-1.78
2013-08-16,-0.17
2013-08-19,-0.94
2013-08-20,1.22
2013-08-21,-0.43
2013-08-22,1.68
2013-08-23,0.33
2013-08-26,0.16
2013-08-27,-2.29
2013-08-28,0.45
2013-08-29,1.08
2013-08-30,-1.4
2013-09-03,0.74
2013-09-04,0.58
2013-09-05,0.46
2013-09-06,0.11
2013-09-09,1.4
2013-09-10,0.69
2013-09-11,-0.05
2013-09-12,-0.48
2013-09-13,0.48
2013-09-16,0.1
2013-09-17,0.75
2013-09-18,0.75
2013-09-19,-0.05
2013-09-20,0.15
2013-09-23,0.1
2013-09-24,0.53
2013-09-25,0.1
2013-09-26,0.32
2013-09-27,-0.24
2013-09-30,0.02
2013-10-01,1.04
2013-10-02,-0.39
2013-10-03,-1.06
2013-10-04,0.92
2013-10-07,-0.71
2013-10-08,-1.83
2013-10-09,-0.24
2013-10-10,2.23
2013-10-11,1.29
2013-10-14,0.42
2013-10-15,-0.64
2013-10-16,1.01
2013-10-17,0.93
2013-10-18,0.83
2013-10-21,-0.23
2013-10-22,0.14
2013-10-23,-0.4
2013-10-24,0.65
2013-10-25,-0.19
2013-10-28,-0.26
2013-10-29,0.4
2013-10-30,-1.4
2013-10-31,-0.44
2013-11-01,-0.66
2013-11-04,1.02
2013-11-05,-0.19
2013-11-06,-0.51
2013-11-07,-1.28
2013-11-08,1.78
2013-11-11,0.06
2013-11-12,-0.18
2013-11-13,0.87
2013-11-14,-0.26
2013-11-15,0.47
2013-11-18,-0.83
2013-11-19,-0.38
2013-11-20,0.1
2013-11-21,1.53
2013-11-22,0.59
2013-11-25,0.54
2013-11-26,0.95
2013-11-27,1.05
2013-11-29,0.71
2013-12-02,-1.29
2013-12-03,-0.42
2013-12-04,-0.11
2013-12-05,-0.27
2013-12-06,0.92
2013-12-09,-0.57
2013-12-10,-0.74
2013-12-11,-1.4
2013-12-12,0.29
2013-12-13,0.44
2013-12-16,1.08
2013-12-17,-0.24
2013-12-18,0.9
2013-12-19,-0.21
2013-12-20,1.89
2013-12-23,1.44
2013-12-24,0.58
2013-12-26,0.11
2013-12-27,-0.04
2013-12-30,0.08
2013-12-31,0.15
2014-01-02,-0.21
2014-01-03,0.69
2014-01-06,-0.28
2014-01-07,1.03
2014-01-08,0.11
2014-01-09,0.07
2014-01-10,0.66
2014-01-13,-1.01
2014-01-14,1.48
2014-01-15,0.76
2014-01-16,0.4
2014-01-17,-0.07
2014-01-21,0.9
2014-01-22,0.5
2014-01-23,-0.76
2014-01-24,-2.32
2014-01-27,-1.71
2014-01-28,1.14
2014-01-29,-1.23
2014-01-30,1.55
2014-01-31,-1.02
2014-02-03,-2.87
2014-02-04,0.5
2014-02-05,-1.25
2014-02-06,0.43
2014-02-07,1.22
2014-02-10,0.9
2014-02-11,0.9
2014-02-12,0.14
2014-02-13,1.19
2014-02-14,-0.1
2014-02-18,1.45
2014-02-19,-1.01
2014-02-20,1.5
2014-02-21,0.18
2014-02-24,0.72
2014-02-25,-0.39
2014-02-26,0.54
2014-02-27,1.04
2014-02-28,-0.62
2014-03-03,-0.01
2014-03-04,2.81
2014-03-05,0.07
2014-03-06,-0.23
2014-03-07,0.17
2014-03-10,0.4
2014-03-11,-1.56
2014-03-12,-0.02
2014-03-13,-1.19
2014-03-14,0.16
2014-03-17,0.42
2014-03-18,1.48
2014-03-19,-0.44
2014-03-20,0.24
2014-03-21,-0.29
2014-03-24,-1.84
2014-03-25,0.07
2014-03-26,-2.16
2014-03-27,-0.21
2014-03-28,-0.35
2014-03-31,1.75
2014-04-01,1.49
2014-04-02,0.32
2014-04-03,-1.31
2014-04-04,-2.66
2014-04-07,-1.45
2014-04-08,0.8
2014-04-09,1.63
2014-04-10,-2.91
2014-04-11,-1.36
2014-04-14,-0.43
2014-04-15,-0.32
2014-04-16,1.29
2014-04-17,0.76
2014-04-21,1.13
2014-04-22,1.3
2014-04-23,-1.19
2014-04-24,-0.27
2014-04-25,-2.29
2014-04-28,-0.65
2014-04-29,0.16
2014-04-30,0.28
2014-05-01,-0.27
2014-05-02,-0.27
2014-05-05,0.04
2014-05-06,-1.8
2014-05-07,-0.79
2014-05-08,-1.7
2014-05-09,0.91
2014-05-12,2.44
2014-05-13,-0.95
2014-05-14,-1.73
2014-05-15,-0.72
2014-05-16,0.4
2014-05-19,1.22
2014-05-20,-1.31
2014-05-21,0.36
2014-05-22,0.99
2014-05-23,1.19
2014-05-27,1.63
2014-05-28,-0.06
2014-05-29,0.47
2014-05-30,-0.59
2014-06-02,-0.91
2014-06-03,-0.65
2014-06-04,0.36
2014-06-05,2.01
2014-06-06,0.91
2014-06-09,1.1
2014-06-10,-0.03
2014-06-11,-0.37
2014-06-12,-0.5
2014-06-13,-0.06
2014-06-16,0.46
2014-06-17,0.97
2014-06-18,0.61
2014-06-19,-0.24
2014-06-20,0.6
2014-06-23,-0.31
2014-06-24,-1.26
2014-06-25,0.81
2014-06-26,-0.03
2014-06-27,0.83
2014-06-30,0.3
2014-07-01,1.25
2014-07-02,0.18
2014-07-03,0.54
2014-07-07,-1.92
2014-07-08,-1.53
2014-07-09,0.05
2014-07-10,-1.09
2014-07-11,0.0
2014-07-14,0.74
2014-07-15,-1.29
2014-07-16,-0.25
2014-07-17,-1.56
2014-07-18,1.49
2014-07-21,-0.47
2014-07-22,0.69
2014-07-23,0.03
2014-07-24,-0.33
2014-07-25,-0.78
2014-07-28,-0.67
2014-07-29,0.0
2014-07-30,0.39
2014-07-31,-1.67
2014-08-01,-0.87
2014-08-04,0.58
2014-08-05,-0.11
2014-08-06,0.65
2014-08-07,-0.76
2014-08-08,0.84
2014-08-11,1.01
2014-08-12,-0.93
2014-08-13,0.61
2014-08-14,0.3
2014-08-15,-0.46
2014-08-18,1.18
2014-08-19,0.2
2014-08-20,-0.64
2014-08-21,0.28
2014-08-22,0.4
2014-08-25,0.34
2014-08-26,0.82
2014-08-27,0.06
2014-08-28,-0.39
2014-08-29,0.74
2014-09-02,0.49
2014-09-03,-0.83
2014-09-04,-0.19
2014-09-05,0.08
2014-09-08,0.69
2014-09-09,-0.98
2014-09-10,0.63
2014-09-11,0.15
2014-09-12,-0.55
2014-09-15,-1.36
2014-09-16,0.07
2014-09-17,0.21
2014-09-18,0.13
2014-09-19,-0.67
2014-09-22,-1.47
2014-09-23,-0.73
2014-09-24,0.53
2014-09-25,-1.31
2014-09-26,0.83
2014-09-29,0.04
2014-09-30,-0.75
2014-10-01,-1.54
2014-10-02,1.18
2014-10-03,0.63
2014-10-06,-1.02
2014-10-07,-1.61
2014-10-08,1.11
2014-10-09,-2.47
2014-10-10,-0.91
2014-10-13,0.37
2014-10-14,0.63
2014-10-15,0.99
2014-10-16,1.5
2014-10-17,-0.62
2014-10-20,0.41
2014-10-21,0.86
2014-10-22,-1.04
2014-10-23,1.32
2014-10-24,0.11
2014-10-27,-0.32
2014-10-28,2.39
2014-10-29,-0.04
2014-10-30,0.93
2014-10-31,0.83
2014-11-03,-0.32
2014-11-04,-0.21
2014-11-05,-0.02
2014-11-06,0.34
2014-11-07,-0.07
2014-11-10,0.43
2014-11-11,-0.22
2014-11-12,0.74
2014-11-13,-0.98
2014-11-14,-0.12
2014-11-17,-0.83
2014-11-18,0.24
2014-11-19,-1.34
2014-11-20,0.91
2014-11-21,0.03
2014-11-24,1.28
2014-11-25,-0.12
2014-11-26,0.62
2014-11-28,-1.43
2014-12-01,-1.77
2014-12-02,1.17
2014-12-03,0.61
2014-12-04,-0.51
2014-12-05,1.17
2014-12-08,-1.24
2014-12-09,1.97
2014-12-10,-1.96
2014-12-11,0.44
2014-12-12,-0.6
2014-12-15,-1.19
2014-12-16,0.16
2014-12-17,2.64
2014-12-18,1.59
2014-12-19,0.28
2014-12-22,0.53
2014-12-23,-0.23
2014-12-24,0.55
2014-12-26,0.82
2014-12-29,0.1
2014-12-30,-0.13
2014-12-31,0.38
2015-01-02,-0.15
2015-01-05,-0.77
2015-01-06,-1.85
2015-01-07,1.08
2015-01-08,1.31
2015-01-09,-0.53
2015-01-12,-0.25
2015-01-13,-0.24
2015-01-14,-0.35
2015-01-15,-2.05
2015-01-16,1.57
2015-01-20,-0.53
2015-01-21,-0.98
2015-01-22,1.59
2015-01-23,-0.28
2015-01-26,0.9
2015-01-27,-0.27
2015-01-28,-1.27
2015-01-29,1.33
2015-01-30,-1.94
2015-02-02,0.43
2015-02-03,1.23
2015-02-04,-0.42
2015-02-05,1.29
2015-02-06,-0.27
2015-02-09,-0.44
2015-02-10,0.42
2015-02-11,-0.22
2015-02-12,0.89
2015-02-13,0.61
2015-02-17,0.44
2015-02-18,0.36
2015-02-19,0.13
2015-02-20,-0.25
2015-02-23,-0.26
2015-02-24,0.24
2015-02-25,0.6
2015-02-26,0.55
2015-02-27,-0.69
2015-03-02,0.82
2015-03-03,-0.54
2015-03-04,-0.07
2015-03-05,0.62
2015-03-06,-0.84
2015-03-09,0.15
2015-03-10,-1.0
2015-03-11,0.28
2015-03-12,1.48
2015-03-13,-0.09
2015-03-16,-0.22
2015-03-17,0.51
2015-03-18,0.68
2015-03-19,0.77
2015-03-20,0.07
2015-03-23,0.17
2015-03-24,0.28
2015-03-25,-2.43
2015-03-26,-0.15
2015-03-27,0.32
2015-03-30,1.01
2015-03-31,-0.28
2015-04-01,0.23
2015-04-02,0.38
2015-04-06,-0.04
2015-04-07,-0.02
2015-04-08,0.74
2015-04-09,-0.2
2015-04-10,0.46
2015-04-13,0.29
2015-04-14,-0.01
2015-04-15,0.77
2015-04-16,-0.17
2015-04-17,-1.32
2015-04-20,1.07
2015-04-21,-0.05
2015-04-22,0.11
2015-04-23,0.68
2015-04-24,-0.24
2015-04-27,-1.81
2015-04-28,0.5
2015-04-29,-0.98
2015-04-30,-2.34
2015-05-01,0.69
2015-05-04,0.23
2015-05-05,-1.42
2015-05-06,0.03
2015-05-07,0.24
2015-05-08,0.38
2015-05-11,0.21
2015-05-12,-0.3
2015-05-13,-0.16
2015-05-14,0.8
2015-05-15,0.13
2015-05-18,0.68
2015-05-19,-0.43
2015-05-20,0.3
2015-05-21,-0.24
2015-05-22,-0.22
2015-05-26,-0.74
2015-05-27,1.16
2015-05-28,0.1
2015-05-29,0.21
2015-06-01,0.01
2015-06-02,0.45
2015-06-03,1.24
2015-06-04,-0.77
2015-06-05,0.97
2015-06-08,-0.38
2015-06-09,-0.38
2015-06-10,1.02
2015-06-11,-0.06
2015-06-12,-0.01
2015-06-15,0.09
2015-06-16,0.23
2015-06-17,-0.27
2015-06-18,0.93
2015-06-19,-0.31
2015-06-22,0.78
2015-06-23,0.31
2015-06-24,-0.92
2015-06-25,0.04
2015-06-26,-0.51
2015-06-29,-2.38
2015-06-30,1.04
2015-07-01,-0.28
2015-07-02,-0.53
2015-07-06,-0.44
2015-07-07,-0.59
2015-07-08,-1.93
2015-07-09,0.62
2015-07-10,1.47
2015-07-13,1.14
2015-07-14,0.74
2015-07-15,-0.97
2015-07-16,0.3
2015-07-17,-0.15
2015-07-20,-1.71
2015-07-21,-0.11
2015-07-22,-0.09
2015-07-23,-0.65
2015-07-24,-1.5
2015-07-27,-1.13
2015-07-28,0.5
2015-07-29,0.15
2015-07-30,0.02
2015-07-31,0.29
2015-08-03,-0.84
2015-08-04,0.05
2015-08-05,0.24
2015-08-06,-0.88
2015-08-07,-0.91
2015-08-10,1.11
2015-08-11,-0.87
2015-08-12,0.2
2015-08-13,-0.51
2015-08-14,0.47
2015-08-17,0.44
2015-08-18,-0.84
2015-08-19,-0.8
2015-08-20,-1.97
2015-08-21,-0.6
2015-08-24,-3.31
2015-08-25,0.08
2015-08-26,1.25
2015-08-27,1.72
2015-08-28,1.62
2015-08-31,0.85
2015-09-01,-1.64
2015-09-02,1.02
2015-09-03,-0.18
2015-09-04,0.05
2015-09-08,1.13
2015-09-09,-0.61
2015-09-10,0.18
2015-09-11,0.15
2015-09-14,-0.35
2015-09-15,0.59
2015-09-16,0.68
2015-09-17,0.62
2015-09-18,0.14
2015-09-21,-0.85
2015-09-22,-1.23
2015-09-23,-0.62
2015-09-24,-0.08
2015-09-25,-2.33
2015-09-28,-2.94
2015-09-29,-1.07
2015-09-30,1.08
2015-10-01,-0.67
2015-10-02,1.38
2015-10-05,2.28
2015-10-06,0.19
2015-10-07,1.36
2015-10-08,1.15
2015-10-09,0.27
2015-10-12,-0.68
2015-10-13,-1.01
2015-10-14,-0.77
2015-10-15,2.46
2015-10-16,-0.43
2015-10-19,0.25
2015-10-20,0.19
2015-10-21,-1.61
2015-10-22,0.56
2015-10-23,0.53
2015-10-26,-1.0
2015-10-27,-1.66
2015-10-28,2.56
2015-10-29,-1.01
2015-10-30,-0.49
2015-11-02,2.24
2015-11-03,0.62
2015-11-04,0.43
2015-11-05,-0.69
2015-11-06,1.04
2015-11-09,-0.89
2015-11-10,-0.55
2015-11-11,-0.82
2015-11-12,-1.52
2015-11-13,-0.39
2015-11-16,-0.04
2015-11-17,-0.5
2015-11-18,0.9
2015-11-19,-0.16
2015-11-20,0.55
2015-11-23,0.53
2015-11-24,0.45
2015-11-25,1.04
2015-11-27,0.51
2015-11-30,0.14
2015-12-01,0.22
2015-12-02,-0.72
2015-12-03,-1.18
2015-12-04,0.29
2015-12-07,-2.04
2015-12-08,-0.3
2015-12-09,-0.62
2015-12-10,0.09
2015-12-11,-1.96
2015-12-14,-1.08
2015-12-15,1.01
2015-12-16,1.16
2015-12-17,-0.31
2015-12-18,0.09
2015-12-21,0.37
2015-12-22,0.27
2015-12-23,1.16
2015-12-24,0.23
2015-12-28,-0.87
2015-12-29,0.69
2015-12-30,-0.28
2015-12-31,-0.29
2016-01-04,-1.54
2016-01-05,-0.14
2016-01-06,-0.95
2016-01-07,-2.91
2016-01-08,-1.41
2016-01-11,-1.17
2016-01-12,-0.48
2016-01-13,-2.93
2016-01-14,1.01
2016-01-15,-2.14
2016-01-19,-1.46
2016-01-20,0.48
2016-01-21,0.66
2016-01-22,2.13
2016-01-25,-1.63
2016-01-26,1.28
2016-01-27,-1.07
2016-01-28,0.17
2016-01-29,2.18
2016-02-01,-0.271
2016-02-02,-1.631
2016-02-03,-0.211
2016-02-04,0.719
2016-02-05,-2.221
2016-02-08,-1.411
2016-02-09,-0.941
2016-02-10,-0.141
2016-02-11,-0.791
2016-02-12,1.559
2016-02-16,1.739
2016-02-17,1.449
2016-02-18,-0.521
2016-02-19,0.239
2016-02-22,1.039
2016-02-23,-0.961
2016-02-24,0.849
2016-02-25,0.449
2016-02-26,0.519
2016-02-29,0.009
2016-03-01,1.379
2016-03-02,1.419
2016-03-03,0.369
2016-03-04,0.449
2016-03-07,2.149
2016-03-08,-2.371
2016-03-09,0.719
2016-03-10,-1.101
2016-03-11,1.399
2016-03-14,0.139
2016-03-15,-1.561
2016-03-16,0.349
2016-03-17,0.759
2016-03-18,0.769
2016-03-21,0.419
2016-03-22,-0.071
2016-03-23,-1.791
2016-03-24,0.449
2016-03-28,-0.151
2016-03-29,1.469
2016-03-30,0.379
2016-03-31,-0.321
2016-04-01,0.57
2016-04-04,-0.02
2016-04-05,-0.64
2016-04-06,1.09
2016-04-07,-0.87
2016-04-08,0.27
2016-04-11,0.14
2016-04-12,0.96
2016-04-13,1.52
2016-04-14,0.2
2016-04-15,0.22
2016-04-18,0.71
2016-04-19,0.02
2016-04-20,0.17
2016-04-21,-0.13
2016-04-22,0.48
2016-04-25,-0.32
2016-04-26,0.61
2016-04-27,0.15
2016-04-28,-0.44
2016-04-29,-0.33
2016-05-02,0.239
2016-05-03,-1.031
2016-05-04,-0.731
2016-05-05,-0.411
2016-05-06,-0.151
2016-05-09,0.199
2016-05-10,0.449
2016-05-11,-0.831
2016-05-12,-1.271
2016-05-13,-0.161
2016-05-16,0.649
2016-05-17,-1.341
2016-05-18,0.549
2016-05-19,-0.781
2016-05-20,1.089
2016-05-23,0.709
2016-05-24,1.409
2016-05-25,0.659
2016-05-26,-0.041
2016-05-27,0.219
2016-05-31,0.689
2016-06-01,0.729
2016-06-02,0.169
2016-06-03,-0.261
2016-06-06,1.149
2016-06-07,-0.001
2016-06-08,0.579
2016-06-09,-0.841
2016-06-10,-0.921
2016-06-13,-1.111
2016-06-14,-0.261
2016-06-15,0.579
2016-06-16,-0.321
2016-06-17,-0.381
2016-06-20,0.909
2016-06-21,-0.321
2016-06-22,-0.231
2016-06-23,1.399
2016-06-24,-2.421
2016-06-27,-2.441
2016-06-28,1.689
2016-06-29,1.039
2016-06-30,1.079
2016-07-01,1.179
2016-07-05,-1.441
2016-07-06,0.559
2016-07-07,0.069
2016-07-08,2.139
2016-07-11,0.799
2016-07-12,1.399
2016-07-13,-0.671
2016-07-14,-0.211
2016-07-15,0.469
2016-07-18,0.109
2016-07-19,-0.851
2016-07-20,0.809
2016-07-21,-0.451
2016-07-22,0.369
2016-07-25,-0.651
2016-07-26,0.319
2016-07-27,0.629
2016-07-28,-0.111
2016-07-29,0.039
2016-08-01,-0.351
2016-08-02,-1.001
2016-08-03,1.119
2016-08-04,0.009
2016-08-05,1.289
2016-08-08,0.459
2016-08-09,0.169
2016-08-10,-0.971
2016-08-11,0.729
2016-08-12,0.269
2016-08-15,0.989
2016-08-16,-0.661
2016-08-17,-0.121
2016-08-18,0.619
2016-08-19,0.009
2016-08-22,0.259
2016-08-23,0.639
2016-08-24,-0.881
2016-08-25,-0.051
2016-08-26,0.019
2016-08-29,0.669
2016-08-30,0.389
2016-08-31,-0.551
2016-09-01,0.139
2016-09-02,0.859
2016-09-06,0.779
2016-09-07,0.399
2016-09-08,0.729
2016-09-09,-2.601
2016-09-12,1.239
2016-09-13,-1.731
2016-09-14,0.229
2016-09-15,0.949
2016-09-16,0.469
2016-09-19,0.359
2016-09-20,0.599
2016-09-21,0.899
2016-09-22,1.059
2016-09-23,-0.221
2016-09-26,-0.961
2016-09-27,0.499
2016-09-28,0.629
2016-09-29,-1.081
2016-09-30,1.539
2016-10-03,-0.191
2016-10-04,-0.691
2016-10-05,1.019
2016-10-06,-0.641
2016-10-07,-0.421
2016-10-10,1.089
2016-10-11,-1.551
2016-10-12,-0.361
2016-10-13,-1.081
2016-10-14,-0.321
2016-10-17,-0.361
2016-10-18,0.379
2016-10-19,0.369
2016-10-20,0.279
2016-10-21,-0.251
2016-10-24,-0.111
2016-10-25,-1.171
2016-10-26,-1.031
2016-10-27,-0.851
2016-10-28,-0.851
2016-10-31,-0.411
2016-11-01,-0.821
2016-11-02,-1.391
2016-11-03,-1.261
2016-11-04,0.389
2016-11-07,1.979
2016-11-08,0.389
2016-11-09,3.289
2016-11-10,1.709
2016-11-11,3.039
2016-11-14,0.889
2016-11-15,-0.081
2016-11-16,0.409
2016-11-17,0.329
2016-11-18,0.739
2016-11-21,0.519
2016-11-22,0.489
2016-11-23,0.709
2016-11-25,0.449
2016-11-28,-1.141
2016-11-29,-0.501
2016-11-30,-0.471
2016-12-01,-0.501
2016-12-02,0.209
2016-12-05,1.769
2016-12-06,1.169
2016-12-07,0.319
2016-12-08,1.169
2016-12-09,0.639
2016-12-12,-1.011
2016-12-13,-0.061
2016-12-14,-1.141
2016-12-15,0.659
2016-12-16,0.389
2016-12-19,0.479
2016-12-20,0.969
2016-12-21,-0.591
2016-12-22,-0.851
2016-12-23,1.109
2016-12-27,0.279
2016-12-28,-1.121
2016-12-29,-0.251
2016-12-30,-0.241
2017-01-03,0.708
2017-01-04,1.588
2017-01-05,-0.792
2017-01-06,-0.332
2017-01-09,-0.612
2017-01-10,0.828
2017-01-11,-0.112
2017-01-12,-0.942
2017-01-13,0.938
2017-01-17,-1.532
2017-01-18,0.358
2017-01-19,-0.962
2017-01-20,0.398
2017-01-23,-0.562
2017-01-24,1.428
2017-01-25,1.138
2017-01-26,-0.452
2017-01-27,-0.022
2017-01-30,-1.612
2017-01-31,0.248
2017-02-01,0.098
2017-02-02,-0.242
2017-02-03,1.248
2017-02-06,-0.452
2017-02-07,-0.422
2017-02-08,-0.692
2017-02-09,1.208
2017-02-10,0.798
2017-02-13,0.378
2017-02-14,0.348
2017-02-15,0.468
2017-02-16,-0.282
2017-02-17,0.468
2017-02-21,0.038
2017-02-22,-0.672
2017-02-23,-0.692
2017-02-24,-0.012
2017-02-27,1.128
2017-02-28,-1.552
2017-03-01,1.779
2017-03-02,-0.621
2017-03-03,-0.281
2017-03-06,-0.981
2017-03-07,-0.471
2017-03-08,-0.261
2017-03-09,-0.171
2017-03-10,0.009
2017-03-13,0.949
2017-03-14,-0.881
2017-03-15,1.109
2017-03-16,0.529
2017-03-17,0.559
2017-03-20,-0.111
2017-03-21,-2.751
2017-03-22,-0.711
2017-03-23,1.079
2017-03-24,0.379
2017-03-27,0.819
2017-03-28,0.549
2017-03-29,0.779
2017-03-30,0.399
2017-03-31,0.659
2017-04-03,-1.213
2017-04-04,-0.603
2017-04-05,-1.443
2017-04-06,1.117
2017-04-07,0.097
2017-04-10,-0.143
2017-04-11,0.497
2017-04-12,-1.023
2017-04-13,-0.573
2017-04-17,0.797
2017-04-18,-0.163
2017-04-19,0.267
2017-04-20,0.847
2017-04-21,-0.193
2017-04-24,1.227
2017-04-25,0.807
2017-04-26,0.977
2017-04-27,-0.323
2017-04-28,-0.743
2017-05-01,0.357
2017-05-02,-0.733
2017-05-03,-0.693
2017-05-04,-0.413
2017-05-05,0.607
2017-05-08,0.007
2017-05-09,0.307
2017-05-10,0.377
2017-05-11,-0.193
2017-05-12,-0.333
2017-05-15,0.487
2017-05-16,0.127
2017-05-17,-2.613
2017-05-18,0.597
2017-05-19,0.367
2017-05-22,0.677
2017-05-23,0.077
2017-05-24,-0.103
2017-05-25,-0.063
2017-05-26,-0.023
2017-05-30,-0.783
2017-05-31,-0.133
2017-06-01,1.517
2017-06-02,1.167
2017-06-05,-0.923
2017-06-06,-0.263
2017-06-07,0.017
2017-06-08,1.327
2017-06-09,0.237
2017-06-12,-0.523
2017-06-13,0.627
2017-06-14,-0.643
2017-06-15,-0.253
2017-06-16,-0.333
2017-06-19,0.997
2017-06-20,-0.453
2017-06-21,-0.143
2017-06-22,0.687
2017-06-23,1.137
2017-06-26,0.537
2017-06-27,-0.863
2017-06-28,1.457
2017-06-29,-0.353
2017-06-30,-0.333
2017-07-03,0.846
2017-07-05,-0.764
2017-07-06,-0.944
2017-07-07,0.886
2017-07-10,-0.524
2017-07-11,0.026
2017-07-12,0.796
2017-07-13,0.076
2017-07-14,0.116
2017-07-17,-0.034
2017-07-18,-0.404
2017-07-19,0.696
2017-07-20,0.076
2017-07-21,-0.534
2017-07-24,-0.344
2017-07-25,0.286
2017-07-26,0.146
2017-07-27,-0.954
2017-07-28,-0.204
2017-07-31,-0.484
2017-08-01,-0.434
2017-08-02,-1.184
2017-08-03,-0.774
2017-08-04,0.796
2017-08-07,-0.444
2017-08-08,-0.334
2017-08-09,-1.264
2017-08-10,-1.714
2017-08-11,-0.284
2017-08-14,1.566
2017-08-15,-0.934
2017-08-16,-0.084
2017-08-17,-1.124
2017-08-18,0.346
2017-08-21,-0.474
2017-08-22,0.636
2017-08-23,0.146
2017-08-24,0.906
2017-08-25,0.636
2017-08-28,0.266
2017-08-29,0.646
2017-08-30,0.746
2017-08-31,0.496
2017-09-01,0.755
2017-09-05,-0.235
2017-09-06,0.535
2017-09-07,0.315
2017-09-08,0.045
2017-09-11,1.025
2017-09-12,0.475
2017-09-13,0.635
2017-09-14,-0.025
2017-09-15,0.395
2017-09-18,0.945
2017-09-19,0.215
2017-09-20,0.195
2017-09-21,0.055
2017-09-22,0.745
2017-09-25,-0.015
2017-09-26,0.605
2017-09-27,1.655
2017-09-28,0.405
2017-09-29,-0.015
2017-10-02,1.506
2017-10-03,0.146
2017-10-04,-0.014
2017-10-05,0.746
2017-10-06,-0.224
2017-10-09,-0.414
2017-10-10,0.726
2017-10-11,-0.044
2017-10-12,-0.714
2017-10-13,-0.594
2017-10-16,-0.344
2017-10-17,-0.524
2017-10-18,-0.024
2017-10-19,-0.284
2017-10-20,0.316
2017-10-23,-0.944
2017-10-24,-0.034
2017-10-25,-0.744
2017-10-26,-0.224
2017-10-27,0.776
2017-10-30,-0.994
2017-10-31,0.816
2017-11-01,-0.864
2017-11-02,0.686
2017-11-03,0.086
2017-11-06,0.176
2017-11-07,-1.644
2017-11-08,-0.484
2017-11-09,0.206
2017-11-10,0.436
2017-11-13,-0.134
2017-11-14,-0.664
2017-11-15,-0.464
2017-11-16,1.886
2017-11-17,0.646
2017-11-20,0.776
2017-11-21,0.716
2017-11-22,0.336
2017-11-24,0.826
2017-11-27,-0.574
2017-11-28,0.886
2017-11-29,-0.254
2017-11-30,0.316
2017-12-01,-0.134
2017-12-04,-0.844
2017-12-05,-0.604
2017-12-06,-0.844
2017-12-07,0.756
2017-12-08,-0.024
2017-12-11,-0.034
2017-12-12,-0.184
2017-12-13,0.866
2017-12-14,-0.824
2017-12-15,1.106
2017-12-18,1.076
2017-12-19,-0.514
2017-12-20,0.536
2017-12-21,0.756
2017-12-22,-0.484
2017-12-26,0.416
2017-12-27,0.096
2017-12-28,0.336
2017-12-29,-0.704
2018-01-02,1.244
2018-01-03,0.624
2018-01-04,0.634
2018-01-05,0.134
2018-01-08,-0.286
2018-01-09,-0.316
2018-01-10,0.554
2018-01-11,1.474
2018-01-12,0.184
2018-01-16,-1.626
2018-01-17,0.694
2018-01-18,-0.166
2018-01-19,1.234
2018-01-22,0.304
2018-01-23,0.144
2018-01-24,-0.666
2018-01-25,0.174
2018-01-26,0.054
2018-01-29,-0.656
2018-01-30,-0.986
2018-01-31,-0.616
2018-02-01,0.154
2018-02-02,-2.046
2018-02-05,-2.776
2018-02-06,0.804
2018-02-07,0.274
2018-02-08,-2.426
2018-02-09,0.154
2018-02-12,0.764
2018-02-13,0.674
2018-02-14,1.104
2018-02-15,0.834
2018-02-16,0.094
2018-02-20,-1.126
2018-02-21,0.564
2018-02-22,-0.256
2018-02-23,1.074
2018-02-26,0.824
2018-02-27,-1.296
2018-02-28,-1.346
2018-03-01,-0.195
2018-03-02,1.955
2018-03-05,0.985
2018-03-06,0.405
2018-03-07,0.695
2018-03-08,0.145
2018-03-09,1.445
2018-03-12,0.645
2018-03-13,-0.735
2018-03-14,-0.365
2018-03-15,-0.395
2018-03-16,1.245
2018-03-19,-0.725
2018-03-20,-0.245
2018-03-21,0.795
2018-03-22,-1.495
2018-03-23,-1.295
2018-03-26,0.875
2018-03-27,-2.035
2018-03-28,-0.875
2018-03-29,1.055
2018-04-02,-2.047
2018-04-03,0.403
2018-04-04,1.603
2018-04-05,0.443
2018-04-06,-1.457
2018-04-09,0.093
2018-04-10,1.843
2018-04-11,0.493
2018-04-12,0.643
2018-04-13,-0.467
2018-04-16,0.223
2018-04-17,1.213
2018-04-18,0.333
2018-04-19,-0.417
2018-04-20,-0.387
2018-04-23,-0.417
2018-04-24,-0.877
2018-04-25,-0.357
2018-04-26,0.703
2018-04-27,-0.247
2018-04-30,-0.497
2018-05-01,0.564
2018-05-02,1.054
2018-05-03,-0.866
2018-05-04,0.964
2018-05-07,0.524
2018-05-08,0.184
2018-05-09,0.914
2018-05-10,0.164
2018-05-11,0.444
2018-05-14,0.064
2018-05-15,0.254
2018-05-16,0.864
2018-05-17,0.854
2018-05-18,0.044
2018-05-21,0.104
2018-05-22,-0.656
2018-05-23,0.324
2018-05-24,-0.046
2018-05-25,-0.236
2018-05-29,0.024
2018-05-30,0.854
2018-05-31,0.954
2018-06-01,0.844
2018-06-04,-0.666
2018-06-05,1.064
2018-06-06,0.424
2018-06-07,-0.386
2018-06-08,-0.166
2018-06-11,0.274
2018-06-12,0.244
2018-06-13,0.414
2018-06-14,0.204
2018-06-15,0.384
2018-06-18,0.444
2018-06-19,-0.106
2018-06-20,0.684
2018-06-21,-1.346
2018-06-22,1.254
2018-06-25,-1.416
2018-06-26,1.024
2018-06-27,-1.956
2018-06-28,-0.026
2018-06-29,-0.086
2018-07-02,0.622
2018-07-03,0.622
2018-07-05,0.882
2018-07-06,0.402
2018-07-09,0.312
2018-07-10,-0.518
2018-07-11,-0.678
2018-07-12,0.392
2018-07-13,-0.208
2018-07-16,-0.838
2018-07-17,0.062
2018-07-18,-0.148
2018-07-19,0.402
2018-07-20,-0.168
2018-07-23,-0.038
2018-07-24,-0.868
2018-07-25,-0.098
2018-07-26,0.512
2018-07-27,-2.158
2018-07-30,-0.448
2018-07-31,0.852
2018-08-01,-0.317
2018-08-02,0.203
2018-08-03,-0.847
2018-08-06,0.423
2018-08-07,0.113
2018-08-08,0.093
2018-08-09,0.703
2018-08-10,-0.257
2018-08-13,-0.727
2018-08-14,0.293
2018-08-15,-1.597
2018-08-16,0.863
2018-08-17,0.053
2018-08-20,0.353
2018-08-21,0.793
2018-08-22,0.733
2018-08-23,-0.147
2018-08-24,0.593
2018-08-27,-0.197
2018-08-28,0.003
2018-08-29,0.493
2018-08-30,0.233
2018-08-31,0.853
2018-09-04,-0.208
2018-09-05,-0.768
2018-09-06,-0.968
2018-09-07,0.062
2018-09-10,0.192
2018-09-11,-0.378
2018-09-12,-0.408
2018-09-13,-0.228
2018-09-14,-0.248
2018-09-17,-0.528
2018-09-18,0.402
2018-09-19,0.012
2018-09-20,1.432
2018-09-21,-0.398
2018-09-24,-0.228
2018-09-25,0.192
2018-09-26,-0.438
2018-09-27,0.332
2018-09-28,0.212
2018-10-01,-0.838
2018-10-02,-0.748
2018-10-03,0.982
2018-10-04,-1.438
2018-10-05,-0.908
2018-10-08,-0.448
2018-10-09,-0.218
2018-10-10,-2.548
2018-10-11,-1.238
2018-10-12,0.372
2018-10-15,0.382
2018-10-16,2.042
2018-10-17,-0.608
2018-10-18,-1.228
2018-10-19,-1.628
2018-10-22,-0.498
2018-10-23,-1.008
2018-10-24,-3.278
2018-10-25,1.292
2018-10-26,-1.028
2018-10-29,-0.618
2018-10-30,1.102
2018-10-31,0.782
2018-11-01,1.742
2018-11-02,0.482
2018-11-05,-0.548
2018-11-06,0.342
2018-11-07,1.372
2018-11-08,-0.038
2018-11-09,-2.038
2018-11-12,-2.088
2018-11-13,-0.568
2018-11-14,-1.378
2018-11-15,1.022
2018-11-16,-0.098
2018-11-19,-1.558
2018-11-20,-1.538
2018-11-21,1.382
2018-11-23,0.382
2018-11-26,-0.208
2018-11-27,-0.648
2018-11-28,1.972
2018-11-29,0.022
2018-11-30,-0.138
2018-12-03,0.589
2018-12-04,-3.371
2018-12-06,-0.741
2018-12-07,-1.101
2018-12-10,-0.371
2018-12-11,-0.541
2018-12-12,0.899
2018-12-13,-1.761
2018-12-14,-1.531
2018-12-17,-2.741
2018-12-18,-0.961
2018-12-19,-1.571
2018-12-20,-2.271
2018-12-21,-2.301
2018-12-24,-1.391
2018-12-26,2.639
2018-12-27,0.029
2018-12-28,1.859
2018-12-31,0.779
2019-01-02,3.01
2019-01-03,-1.33
2019-01-04,3.56
2019-01-07,2.03
2019-01-08,0.8
2019-01-09,0.52
2019-01-10,-0.2
2019-01-11,0.3
2019-01-14,-1.25
2019-01-15,1.0
2019-01-16,0.28
2019-01-17,0.35
2019-01-18,0.27
2019-01-22,-1.67
2019-01-23,-0.01
2019-01-24,0.43
2019-01-25,1.25
2019-01-28,-0.78
2019-01-29,-0.18
2019-01-30,0.97
2019-01-31,0.56
2019-02-01,0.51
2019-02-04,1.02
2019-02-05,0.06
2019-02-06,0.11
2019-02-07,-0.91
2019-02-08,0.11
2019-02-11,0.59
2019-02-12,1.14
2019-02-13,0.44
2019-02-14,-0.21
2019-02-15,1.45
2019-02-19,0.72
2019-02-20,-0.15
2019-02-21,0.29
2019-02-22,0.99
2019-02-25,-0.07
2019-02-26,-0.15
2019-02-27,0.01
2019-02-28,-0.57
2019-03-01,0.891
2019-03-04,-0.529
2019-03-05,-0.709
2019-03-06,-2.039
2019-03-07,-0.509
2019-03-08,-0.159
2019-03-11,1.621
2019-03-12,0.151
2019-03-13,0.421
2019-03-14,-0.149
2019-03-15,0.681
2019-03-18,0.471
2019-03-19,-0.109
2019-03-20,-0.259
2019-03-21,0.011
2019-03-22,-3.019
2019-03-25,0.241
2019-03-26,0.221
2019-03-27,-0.559
2019-03-28,0.151
2019-03-29,-0.009
2019-04-01,0.56
2019-04-02,0.26
2019-04-03,0.14
2019-04-04,0.22
2019-04-05,1.07
2019-04-08,-0.22
2019-04-09,-0.95
2019-04-10,0.67
2019-04-11,-0.38
2019-04-12,-0.33
2019-04-15,-0.55
2019-04-16,0.05
2019-04-17,-1.07
2019-04-18,0.18
2019-04-22,-0.24
2019-04-23,1.29
2019-04-24,-0.25
2019-04-25,-0.31
2019-04-26,0.89
2019-04-29,0.73
2019-04-30,-0.68
2019-05-01,-0.629
2019-05-02,0.051
2019-05-03,2.031
2019-05-06,0.241
2019-05-07,-1.359
2019-05-08,0.371
2019-05-09,-0.709
2019-05-10,0.411
2019-05-13,-2.429
2019-05-14,1.221
2019-05-15,0.441
2019-05-16,-0.039
2019-05-17,-0.969
2019-05-20,-0.509
2019-05-21,0.791
2019-05-22,-0.949
2019-05-23,-1.849
2019-05-24,0.731
2019-05-28,-0.739
2019-05-29,-1.179
2019-05-30,-0.099
2019-05-31,-1.639
2019-06-03,-0.349
2019-06-04,1.601
2019-06-05,-0.849
2019-06-06,-0.779
2019-06-07,0.821
2019-06-10,0.741
2019-06-11,-0.549
2019-06-12,0.401
2019-06-13,0.811
2019-06-14,-0.879
2019-06-17,0.771
2019-06-18,0.641
2019-06-19,0.301
2019-06-20,-0.109
2019-06-21,-0.059
2019-06-24,-0.979
2019-06-25,-0.619
2019-06-26,-0.169
2019-06-27,1.561
2019-06-28,2.331
2019-07-01,0.071
2019-07-02,-0.949
2019-07-03,0.481
2019-07-05,0.371
2019-07-08,-0.379
2019-07-09,-0.279
2019-07-10,0.401
2019-07-11,-0.319
2019-07-12,-0.339
2019-07-15,-0.149
2019-07-16,-0.189
2019-07-17,-0.909
2019-07-18,-0.639
2019-07-19,-0.479
2019-07-22,-0.349
2019-07-23,-0.379
2019-07-24,0.971
2019-07-25,-1.409
2019-07-26,1.161
2019-07-29,-0.669
2019-07-30,1.431
2019-07-31,-0.559
2019-08-01,-1.917
2019-08-02,-0.817
2019-08-05,-3.097
2019-08-06,0.533
2019-08-07,-0.077
2019-08-08,1.053
2019-08-09,-0.997
2019-08-12,-0.207
2019-08-13,0.833
2019-08-14,-2.837
2019-08-15,-0.817
2019-08-16,1.923
2019-08-19,1.073
2019-08-20,-0.377
2019-08-21,0.763
2019-08-22,-0.317
2019-08-23,-2.557
2019-08-26,1.303
2019-08-27,-1.847
2019-08-28,1.133
2019-08-29,1.353
2019-08-30,0.093
2019-09-03,-1.039
2019-09-04,0.521
2019-09-05,1.601
2019-09-06,0.401
2019-09-09,1.321
2019-09-10,2.191
2019-09-11,2.351
2019-09-12,-0.159
2019-09-13,0.341
2019-09-16,0.431
2019-09-17,-0.789
2019-09-18,-0.609
2019-09-19,-0.389
2019-09-20,0.661
2019-09-23,-0.439
2019-09-24,-1.959
2019-09-25,0.271
2019-09-26,-1.279
2019-09-27,-0.879
2019-09-30,-0.139
2019-10-01,-2.007
2019-10-02,-1.297
2019-10-03,0.223
2019-10-04,0.623
2019-10-07,-0.127
2019-10-08,-1.167
2019-10-09,-0.007
2019-10-10,-0.237
2019-10-11,1.243
2019-10-14,-0.517
2019-10-15,1.053
2019-10-16,0.183
2019-10-17,0.653
2019-10-18,-0.397
2019-10-21,1.223
2019-10-22,-0.317
2019-10-23,0.193
2019-10-24,-0.657
2019-10-25,0.283
2019-10-28,0.413
2019-10-29,-0.247
2019-10-30,-0.427
2019-10-31,-0.517
2019-11-01,1.564
2019-11-04,0.864
2019-11-05,0.244
2019-11-06,-1.146
2019-11-07,0.024
2019-11-08,-0.036
2019-11-11,-0.236
2019-11-12,-0.446
2019-11-13,-0.436
2019-11-14,-0.426
2019-11-15,0.044
2019-11-18,-0.456
2019-11-19,0.564
2019-11-20,-0.616
2019-11-21,0.004
2019-11-22,0.694
2019-11-25,1.764
2019-11-26,-0.086
2019-11-27,0.454
2019-11-29,0.554
2019-12-02,-0.927
2019-12-03,-0.297
2019-12-04,0.203
2019-12-05,-0.097
2019-12-06,1.093
2019-12-09,0.273
2019-12-10,0.533
2019-12-11,0.343
2019-12-12,0.543
2019-12-13,-0.027
2019-12-16,0.323
2019-12-17,0.213
2019-12-18,-0.077
2019-12-19,0.383
2019-12-20,0.133
2019-12-23,1.073
2019-12-24,0.783
2019-12-26,0.253
2019-12-27,-0.687
2019-12-30,-0.127
2019-12-31,0.783
2020-01-02,-0.076
2020-01-03,-0.706
2020-01-06,0.634
2020-01-07,-0.206
2020-01-08,-0.056
2020-01-09,0.284
2020-01-10,-0.416
2020-01-13,0.374
2020-01-14,0.144
2020-01-15,0.634
2020-01-16,1.684
2020-01-17,-0.266
2020-01-21,-0.056
2020-01-22,0.054
2020-01-23,-0.386
2020-01-24,-1.136
2020-01-27,-1.266
2020-01-28,0.694
2020-01-29,-0.846
2020-01-30,-0.716
2020-01-31,-1.546
2020-02-03,0.394
2020-02-04,0.784
2020-02-05,1.434
2020-02-06,-0.246
2020-02-07,-1.036
2020-02-10,0.654
2020-02-11,0.534
2020-02-12,0.364
2020-02-13,-0.136
2020-02-14,-0.396
2020-02-18,0.504
2020-02-19,0.544
2020-02-20,0.844
2020-02-21,-0.926
2020-02-24,-2.456
2020-02-25,-3.076
2020-02-26,-0.876
2020-02-27,-2.896
2020-02-28,-0.736
2020-03-02,1.844
2020-03-03,-1.726
2020-03-04,2.514
2020-03-05,-2.936
2020-03-06,-1.686
2020-03-09,-8.956
2020-03-10,-0.096
2020-03-11,-5.266
2020-03-12,-10.796
2020-03-13,4.574
2020-03-16,-11.986
2020-03-17,7.434
2020-03-18,-11.146
2020-03-19,7.484
2020-03-20,-1.936
2020-03-23,-1.486
2020-03-24,7.274
2020-03-25,2.124
2020-03-26,5.174
2020-03-27,-3.756
2020-03-30,1.784
2020-03-31,0.414
2020-04-01,-6.15
2020-04-02,0.16
2020-04-03,-2.15
2020-04-06,5.5
2020-04-07,-0.31
2020-04-08,3.84
2020-04-09,4.08
2020-04-13,-0.16
2020-04-14,1.79
2020-04-15,-2.77
2020-04-16,-1.11
2020-04-17,3.06
2020-04-20,-0.91
2020-04-21,-1.14
2020-04-22,1.97
2020-04-23,0.93
2020-04-24,2.03
2020-04-27,2.98
2020-04-28,1.3
2020-04-29,4.92
2020-04-30,-2.81
2020-05-01,-3.05
2020-05-04,1.36
2020-05-05,-0.11
2020-05-06,-0.77
2020-05-07,1.74
2020-05-08,3.04
2020-05-11,0.87
2020-05-12,-2.1
2020-05-13,-2.73
2020-05-14,-0.31
2020-05-15,1.5
2020-05-18,4.44
2020-05-19,-1.08
2020-05-20,2.92
2020-05-21,-0.34
2020-05-22,0.69
2020-05-26,1.65
2020-05-27,2.24
2020-05-28,-2.07
2020-05-29,0.11
2020-06-01,1.11
2020-06-02,0.52
2020-06-03,0.96
2020-06-04,0.46
2020-06-05,2.7
2020-06-08,3.16
2020-06-09,-0.72
2020-06-10,-1.78
2020-06-11,-7.28
2020-06-12,2.46
2020-06-15,3.34
2020-06-16,1.77
2020-06-17,-1.22
2020-06-18,0.53
2020-06-19,0.77
2020-06-22,1.41
2020-06-23,0.81
2020-06-24,-1.52
2020-06-25,2.4
2020-06-26,-2.83
2020-06-29,1.85
2020-06-30,0.82
2020-07-01,-0.691
2020-07-02,0.209
2020-07-06,0.809
2020-07-07,-2.221
2020-07-08,0.599
2020-07-09,-2.111
2020-07-10,1.839
2020-07-13,-1.691
2020-07-14,0.809
2020-07-15,3.139
2020-07-16,0.769
2020-07-17,1.169
2020-07-20,0.779
2020-07-21,1.809
2020-07-22,-0.351
2020-07-23,-1.041
2020-07-24,-0.641
2020-07-27,0.749
2020-07-28,-0.561
2020-07-29,2.379
2020-07-30,0.219
2020-07-31,-2.271
2020-08-03,1.85
2020-08-04,1.16
2020-08-05,1.41
2020-08-06,-0.27
2020-08-07,1.19
2020-08-10,1.85
2020-08-11,-1.26
2020-08-12,-0.02
2020-08-13,0.21
2020-08-14,0.14
2020-08-17,0.26
2020-08-18,-0.85
2020-08-19,0.15
2020-08-20,-0.74
2020-08-21,-1.91
2020-08-24,-0.5
2020-08-25,0.59
2020-08-26,-0.66
2020-08-27,-0.61
2020-08-28,1.61
2020-08-31,-1.31
2020-09-01,0.29
2020-09-02,0.09
2020-09-03,-2.53
2020-09-04,-0.39
2020-09-08,-0.52
2020-09-09,1.38
2020-09-10,-0.19
2020-09-11,-0.53
2020-09-14,2.66
2020-09-15,0.57
2020-09-16,1.08
2020-09-17,0.91
2020-09-18,0.91
2020-09-21,-3.34
2020-09-22,-0.52
2020-09-23,-3.85
2020-09-24,-0.65
2020-09-25,1.61
2020-09-28,2.1
2020-09-29,0.59
2020-09-30,-0.24
2020-10-01,0.95
2020-10-02,0.61
2020-10-05,2.19
2020-10-06,-0.47
2020-10-07,2.76
2020-10-08,0.96
2020-10-09,0.51
2020-10-12,-0.44
2020-10-13,-0.25
2020-10-14,-0.5
2020-10-15,0.42
2020-10-16,-0.24
2020-10-19,-1.07
2020-10-20,0.15
2020-10-21,-0.71
2020-10-22,0.41
2020-10-23,0.7
2020-10-26,-2.62
2020-10-27,-1.21
2020-10-28,-3.33
2020-10-29,1.49
2020-10-30,-2.15
2020-11-02,1.39
2020-11-03,2.69
2020-11-04,-0.9
2020-11-05,2.74
2020-11-06,-1.28
2020-11-09,3.0
2020-11-10,2.58
2020-11-11,0.48
2020-11-12,-1.42
2020-11-13,1.58
2020-11-16,2.8
2020-11-17,0.46
2020-11-18,-0.27
2020-11-19,1.55
2020-11-20,0.66
2020-11-23,2.51
2020-11-24,2.0
2020-11-25,0.41
2020-11-27,0.83
2020-11-30,-0.66
2020-12-01,-0.47
2020-12-02,0.6
2020-12-03,0.94
2020-12-04,2.18
2020-12-07,0.14
2020-12-08,1.66
2020-12-09,-1.57
2020-12-10,1.42
2020-12-11,-0.52
2020-12-14,-1.03
2020-12-15,2.17
2020-12-16,-0.06
2020-12-17,1.78
2020-12-18,-0.03
2020-12-21,0.78
2020-12-22,1.5
2020-12-23,1.44
2020-12-24,-0.52
2020-12-28,0.23
2020-12-29,-1.89
2020-12-30,1.7
2020-12-31,-0.4
2021-01-04,-0.04
2021-01-05,2.43
2021-01-06,2.35
2021-01-07,3.65
2021-01-08,-0.19
2021-01-11,0.49
2021-01-12,2.69
2021-01-13,-0.07
2021-01-14,2.62
2021-01-15,-1.14
2021-01-19,3.13
2021-01-20,0.31
2021-01-21,-0.15
2021-01-22,2.06
2021-01-25,1.33
2021-01-26,0.3
2021-01-27,-3.26
2021-01-28,-0.35
2021-01-29,-0.67
2021-02-01,2.29
2021-02-02,2.68
2021-02-03,3.63
2021-02-04,1.77
2021-02-05,1.36
2021-02-08,6.32
2021-02-09,1.44
2021-02-10,-0.46
2021-02-11,-0.54
2021-02-12,1.24
2021-02-16,2.38
2021-02-17,-0.91
2021-02-18,-3.66
2021-02-19,2.61
2021-02-22,-1.85
2021-02-23,-4.21
2021-02-24,3.2
2021-02-25,-4.93
2021-02-26,-0.75
2021-03-01,4.38
2021-03-02,-0.65
2021-03-03,-1.5
2021-03-04,-5.68
2021-03-05,0.93
2021-03-08,1.05
2021-03-09,4.76
2021-03-10,1.55
2021-03-11,3.66
2021-03-12,1.04
2021-03-15,0.67
2021-03-16,-2.9
2021-03-17,2.03
2021-03-18,-2.53
2021-03-19,1.84
2021-03-22,-1.11
2021-03-23,-4.59
2021-03-24,-3.99
2021-03-25,2.35
2021-03-26,0.03
2021-03-29,-3.23
2021-03-30,2.18
2021-03-31,1.94
2021-04-01,1.92
2021-04-05,0.62
2021-04-06,-0.22
2021-04-07,-2.01
2021-04-08,1.08
2021-04-09,-0.57
2021-04-12,-2.45
2021-04-13,-0.38
2021-04-14,-0.11
2021-04-15,-1.43
2021-04-16,-0.8
2021-04-19,-1.47
2021-04-20,-2.6
2021-04-21,3.39
2021-04-22,0.15
2021-04-23,2.55
2021-04-26,2.27
2021-04-27,-0.11
2021-04-28,0.95
2021-04-29,-1.01
2021-04-30,-0.86
2021-05-03,0.99
2021-05-04,-1.68
2021-05-05,-0.64
2021-05-06,-1.77
2021-05-07,1.32
2021-05-10,-1.99
2021-05-11,0.0
2021-05-12,-2.92
2021-05-13,-0.77
2021-05-14,3.12
2021-05-17,1.6
2021-05-18,1.26
2021-05-19,-0.82
2021-05-20,1.33
2021-05-21,0.87
2021-05-24,-0.07
2021-05-25,-1.78
2021-05-26,2.63
2021-05-27,1.97
2021-05-28,-0.26
2021-06-01,2.09
2021-06-02,0.35
2021-06-03,-0.39
2021-06-04,0.66
2021-06-07,1.94
2021-06-08,0.77
2021-06-09,-0.4
2021-06-10,-1.18
2021-06-11,0.91
2021-06-14,-0.09
2021-06-15,-0.74
2021-06-16,0.35
2021-06-17,-1.4
2021-06-18,-1.68
2021-06-21,1.59
2021-06-22,-0.28
2021-06-23,1.08
2021-06-24,1.32
2021-06-25,0.16
2021-06-28,-0.28
2021-06-29,-0.73
2021-06-30,0.13
2021-07-01,0.41
2021-07-02,-1.0
2021-07-06,-1.4
2021-07-07,-1.51
2021-07-08,-0.33
2021-07-09,1.77
2021-07-12,0.04
2021-07-13,-1.38
2021-07-14,-1.72
2021-07-15,-0.33
2021-07-16,-1.08
2021-07-19,-0.91
2021-07-20,1.92
2021-07-21,1.87
2021-07-22,-1.25
2021-07-23,-0.64
2021-07-26,-0.08
2021-07-27,-1.13
2021-07-28,1.45
2021-07-29,-0.02
2021-07-30,-0.61
2021-08-02,0.36
2021-08-03,-0.4
2021-08-04,-1.18
2021-08-05,1.71
2021-08-06,0.64
2021-08-09,0.43
2021-08-10,0.02
2021-08-11,0.14
2021-08-12,-0.31
2021-08-13,-1.3
2021-08-16,-1.57
2021-08-17,-1.18
2021-08-18,-0.03
2021-08-19,-1.57
2021-08-20,1.24
2021-08-23,2.17
2021-08-24,1.04
2021-08-25,0.41
2021-08-26,-0.41
2021-08-27,1.93
2021-08-30,-0.11
2021-08-31,1.1
2021-09-01,0.15
2021-09-02,0.75
2021-09-03,-0.58
2021-09-07,-0.44
2021-09-08,-1.22
2021-09-09,0.15
2021-09-10,-0.62
2021-09-13,-0.13
2021-09-14,-1.8
2021-09-15,0.87
2021-09-16,0.33
2021-09-17,0.43
2021-09-20,-2.49
2021-09-21,0.72
2021-09-22,0.92
2021-09-23,1.61
2021-09-24,-0.27
2021-09-27,1.42
2021-09-28,-1.83
2021-09-29,-0.76
2021-09-30,0.05
2021-10-01,0.68
2021-10-04,-1.29
2021-10-05,0.08
2021-10-06,-0.76
2021-10-07,1.2
2021-10-08,-0.24
2021-10-11,-0.02
2021-10-12,0.69
2021-10-13,0.2
2021-10-14,0.3
2021-10-15,-0.42
2021-10-18,-0.35
2021-10-19,0.36
2021-10-20,0.33
2021-10-21,-0.13
2021-10-22,-0.42
2021-10-25,0.55
2021-10-26,-0.22
2021-10-27,-1.16
2021-10-28,1.19
2021-10-29,0.3
2021-11-01,2.13
2021-11-02,0.19
2021-11-03,1.15
2021-11-04,-0.39
2021-11-05,0.52
2021-11-08,0.63
2021-11-09,-0.57
2021-11-10,-1.12
2021-11-11,0.6
2021-11-12,0.26
2021-11-15,-0.51
2021-11-16,-0.58
2021-11-17,-1.16
2021-11-18,-1.17
2021-11-19,-0.72
2021-11-22,-1.03
2021-11-23,-0.41
2021-11-24,0.67
2021-11-26,-2.21
2021-11-29,-1.02
2021-11-30,-0.86
2021-12-01,-2.18
2021-12-02,1.21
2021-12-03,-2.42
2021-12-06,1.06
2021-12-07,2.35
2021-12-08,1.3
2021-12-09,-1.82
2021-12-10,-0.48
2021-12-13,-1.77
2021-12-14,-1.21
2021-12-15,0.98
2021-12-16,-1.04
2021-12-17,0.8
2021-12-20,-1.22
2021-12-21,1.66
2021-12-22,0.54
2021-12-23,1.1
2021-12-27,-0.1
2021-12-28,-1.02
2021-12-29,-0.33
2021-12-30,0.67
2021-12-31,0.11
2022-01-03,1.75
2022-01-04,-0.57
2022-01-05,-2.31
2022-01-06,0.12
2022-01-07,-0.73
2022-01-10,-0.69
2022-01-11,0.8
2022-01-12,-0.6
2022-01-13,-0.94
2022-01-14,0.1
2022-01-18,-2.21
2022-01-19,-1.16
2022-01-20,-1.42
2022-01-21,-1.74
2022-01-24,0.82
2022-01-25,0.04
2022-01-26,-0.83
2022-01-27,-2.09
2022-01-28,0.92
2022-01-31,3.05
2022-02-01,1.22
2022-02-02,-1.38
2022-02-03,-1.4
2022-02-04,0.91
2022-02-07,0.54
2022-02-08,0.83
2022-02-09,1.23
2022-02-10,-1.07
2022-02-11,-0.99
2022-02-14,-0.78
2022-02-15,2.29
2022-02-16,0.12
2022-02-17,-0.76
2022-02-18,-1.38
2022-02-22,-1.66
2022-02-23,-1.11
2022-02-24,1.1
2022-02-25,1.69
2022-02-28,-0.03
2022-03-01,-1.2
2022-03-02,1.81
2022-03-03,-0.73
2022-03-04,-1.09
2022-03-07,-1.16
2022-03-08,0.65
2022-03-09,2.07
2022-03-10,0.18
2022-03-11,-1.47
2022-03-14,-2.36
2022-03-15,0.42
2022-03-16,2.04
2022-03-17,2.15
2022-03-18,0.79
2022-03-21,-0.37
2022-03-22,0.97
2022-03-23,-0.72
2022-03-24,0.79
2022-03-25,-0.25
2022-03-28,-0.6
2022-03-29,1.01
2022-03-30,-0.96
2022-03-31,-0.51
2022-04-01,0.259
2022-04-04,0.449
2022-04-05,-1.361
2022-04-06,-1.211
2022-04-07,-0.261
2022-04-08,-0.551
2022-04-11,-1.271
2022-04-12,-0.121
2022-04-13,1.429
2022-04-14,-0.311
2022-04-18,-0.821
2022-04-19,1.149
2022-04-20,0.489
2022-04-21,-2.361
2022-04-22,-1.671
2022-04-25,-0.251
2022-04-26,-2.201
2022-04-27,-0.081
2022-04-28,0.929
2022-04-29,-1.141
2022-05-02,0.359
2022-05-03,0.859
2022-05-04,1.239
2022-05-05,-2.321
2022-05-06,-1.341
2022-05-09,-3.561
2022-05-10,-0.561
2022-05-11,-1.731
2022-05-12,-0.041
2022-05-13,2.229
2022-05-16,0.109
2022-05-17,2.379
2022-05-18,-2.241
2022-05-19,-0.011
2022-05-20,-0.351
2022-05-23,0.959
2022-05-24,-1.621
2022-05-25,1.039
2022-05-26,1.609
2022-05-27,1.939
2022-05-31,-0.551
2022-06-01,-0.353
2022-06-02,1.507
2022-06-03,-0.163
2022-06-06,-0.523
2022-06-07,1.347
2022-06-08,-0.063
2022-06-09,-1.293
2022-06-10,-2.073
2022-06-13,-3.863
2022-06-14,-0.453
2022-06-15,1.287
2022-06-16,-2.603
2022-06-17,0.717
2022-06-21,0.997
2022-06-22,-0.403
2022-06-23,0.147
2022-06-24,0.947
2022-06-27,0.797
2022-06-28,-1.063
2022-06-29,-1.233
2022-06-30,0.117
2022-07-01,0.096
2022-07-05,1.226
2022-07-06,-0.094
2022-07-07,2.576
2022-07-08,0.976
2022-07-11,-1.874
2022-07-12,0.136
2022-07-13,0.226
2022-07-14,-1.054
2022-07-15,1.096
2022-07-18,-0.044
2022-07-19,2.086
2022-07-20,1.816
2022-07-21,0.436
2022-07-22,-2.354
2022-07-25,-0.474
2022-07-26,-0.974
2022-07-27,1.666
2022-07-28,0.626
2022-07-29,0.136
2022-08-01,-0.008
2022-08-02,1.132
2022-08-03,1.922
2022-08-04,1.102
2022-08-05,1.312
2022-08-08,1.132
2022-08-09,-2.148
2022-08-10,2.702
2022-08-11,0.222
2022-08-12,1.742
2022-08-15,0.702
2022-08-16,-0.468
2022-08-17,-1.768
2022-08-18,0.002
2022-08-19,-2.208
2022-08-22,-1.878
2022-08-23,0.512
2022-08-24,1.042
2022-08-25,0.732
2022-08-26,-2.408
2022-08-29,-0.838
2022-08-30,-1.398
2022-08-31,0.132
2022-09-01,-0.839
2022-09-02,-0.219
2022-09-06,-1.229
2022-09-07,1.541
2022-09-08,0.911
2022-09-09,1.101
2022-09-12,0.481
2022-09-13,-2.009
2022-09-14,-0.279
2022-09-15,-0.429
2022-09-16,-1.169
2022-09-19,-0.819
2022-09-20,-1.379
2022-09-21,-1.379
2022-09-22,-2.009
2022-09-23,-2.269
2022-09-26,-1.049
2022-09-27,0.501
2022-09-28,2.431
2022-09-29,-1.839
2022-09-30,-0.079
2022-10-03,1.329
2022-10-04,2.249
2022-10-05,-0.331
2022-10-06,-0.181
2022-10-07,-2.471
2022-10-10,-0.821
2022-10-11,-0.531
2022-10-12,-0.101
2022-10-13,1.199
2022-10-14,-1.621
2022-10-17,1.539
2022-10-18,0.979
2022-10-19,-1.611
2022-10-20,-0.201
2022-10-21,0.639
2022-10-24,-0.141
2022-10-25,2.259
2022-10-26,0.579
2022-10-27,-0.221
2022-10-28,1.289
2022-10-31,0.159
2022-11-01,0.636
2022-11-02,-2.014
2022-11-03,-0.204
2022-11-04,-0.084
2022-11-07,0.406
2022-11-08,-0.284
2022-11-09,-2.674
2022-11-10,3.176
2022-11-11,1.716
2022-11-14,-0.534
2022-11-15,0.796
2022-11-16,-1.404
2022-11-17,-0.664
2022-11-18,-0.154
2022-11-21,-0.954
2022-11-22,0.676
2022-11-23,0.636
2022-11-25,0.246
2022-11-28,-1.464
2022-11-29,0.036
2022-11-30,1.416
2022-12-01,0.364
2022-12-02,0.584
2022-12-05,-1.826
2022-12-06,-1.256
2022-12-07,-0.406
2022-12-08,0.654
2022-12-09,-0.876
2022-12-12,0.384
2022-12-13,0.494
2022-12-14,-0.226
2022-12-15,-1.356
2022-12-16,-0.356
2022-12-19,-1.906
2022-12-20,0.304
2022-12-21,1.154
2022-12-22,-0.626
2022-12-23,0.254
2022-12-27,-1.226
2022-12-28,-0.506
2022-12-29,2.734
2022-12-30,1.064
2023-01-03,-0.087
2023-01-04,1.603
2023-01-05,-0.287
2023-01-06,1.453
2023-01-09,0.393
2023-01-10,1.583
2023-01-11,0.783
2023-01-12,1.863
2023-01-13,1.053
2023-01-17,0.133
2023-01-18,-1.667
2023-01-19,-0.917
2023-01-20,1.573
2023-01-23,0.783
2023-01-24,0.243
2023-01-25,0.263
2023-01-26,0.153
2023-01-27,0.803
2023-01-30,-1.137
2023-01-31,1.903
2023-02-01,0.932
2023-02-02,1.572
2023-02-03,-0.188
2023-02-06,-0.168
2023-02-07,0.432
2023-02-08,-1.538
2023-02-09,-1.458
2023-02-10,-0.458
2023-02-13,-0.258
2023-02-14,-0.058
2023-02-15,0.692
2023-02-16,-0.528
2023-02-17,0.102
2023-02-21,-2.808
2023-02-22,-0.018
2023-02-23,0.452
2023-02-24,-1.798
2023-02-27,0.372
2023-02-28,0.292
2023-03-01,-0.186
2023-03-02,-0.146
2023-03-03,1.054
2023-03-06,-1.066
2023-03-07,-0.296
2023-03-08,-0.016
2023-03-09,-2.326
2023-03-10,-3.526
2023-03-13,-1.026
2023-03-14,1.064
2023-03-15,-2.006
2023-03-16,1.474
2023-03-17,-1.736
2023-03-20,-0.626
2023-03-21,1.844
2023-03-22,-1.466
2023-03-23,-0.256
2023-03-24,0.024
2023-03-27,0.454
2023-03-28,0.144
2023-03-29,1.174
2023-03-30,0.004
2023-03-31,0.974
2023-04-03,0.502
2023-04-04,-1.758
2023-04-05,-1.268
2023-04-06,0.742
2023-04-10,1.002
2023-04-11,0.912
2023-04-12,-0.848
2023-04-13,1.382
2023-04-14,-0.528
2023-04-17,0.752
2023-04-18,-0.528
2023-04-19,-0.008
2023-04-20,-0.878
2023-04-21,0.032
2023-04-24,-0.578
2023-04-25,-2.208
2023-04-26,-0.288
2023-04-27,0.842
2023-04-28,1.162
2023-05-01,0.074
2023-05-02,-1.626
2023-05-03,0.434
2023-05-04,-0.886
2023-05-05,2.074
2023-05-08,-0.066
2023-05-09,0.134
2023-05-10,0.484
2023-05-11,-0.756
2023-05-12,-0.746
2023-05-15,0.934
2023-05-16,-0.706
2023-05-17,1.774
2023-05-18,0.014
2023-05-19,0.464
2023-05-22,0.994
2023-05-23,-0.416
2023-05-24,-1.056
2023-05-25,-1.966
2023-05-26,0.774
2023-05-30,-0.216
2023-05-31,-0.136
2023-06-01,1.351
2023-06-02,2.131
2023-06-05,-0.289
2023-06-06,1.901
2023-06-07,0.801
2023-06-08,0.071
2023-06-09,-0.729
2023-06-12,0.551
2023-06-13,0.771
2023-06-14,-1.289
2023-06-15,0.621
2023-06-16,-0.349
2023-06-20,0.321
2023-06-21,-0.399
2023-06-22,-0.429
2023-06-23,-1.769
2023-06-26,-0.979
2023-06-27,0.131
2023-06-28,0.501
2023-06-29,0.331
2023-06-30,0.771
2023-07-03,0.828
2023-07-05,-0.832
2023-07-06,-1.482
2023-07-07,1.698
2023-07-10,0.968
2023-07-11,1.028
2023-07-12,0.958
2023-07-13,0.778
2023-07-14,-1.872
2023-07-17,1.498
2023-07-18,1.338
2023-07-19,0.658
2023-07-20,-0.852
2023-07-21,-0.472
2023-07-24,-0.392
2023-07-25,-0.822
2023-07-26,1.188
2023-07-27,-1.452
2023-07-28,2.118
2023-07-31,1.388
2023-08-01,-0.04
2023-08-02,-1.54
2023-08-03,-0.19
2023-08-04,-0.36
2023-08-07,-0.79
2023-08-08,-0.44
2023-08-09,-1.04
2023-08-10,-0.11
2023-08-11,-0.04
2023-08-14,-0.68
2023-08-15,-1.51
2023-08-16,-1.43
2023-08-17,-0.85
2023-08-18,0.16
2023-08-21,-0.06
2023-08-22,-0.69
2023-08-23,0.92
2023-08-24,-1.46
2023-08-25,-0.17
2023-08-28,0.46
2023-08-29,1.11
2023-08-30,0.3
2023-08-31,-0.63
2023-09-01,0.929
2023-09-05,-1.261
2023-09-06,-1.161
2023-09-07,-1.081
2023-09-08,-0.131
2023-09-11,0.259
2023-09-12,-0.201
2023-09-13,-1.011
2023-09-14,1.259
2023-09-15,-0.711
2023-09-18,-1.251
2023-09-19,-0.391
2023-09-20,-0.771
2023-09-21,-1.011
2023-09-22,-0.521
2023-09-25,-0.061
2023-09-26,-0.371
2023-09-27,0.339
2023-09-28,0.189
2023-09-29,0.239
2023-10-02,-1.761
2023-10-03,-1.871
2023-10-04,0.059
2023-10-05,0.329
2023-10-06,0.749
2023-10-09,-0.591
2023-10-10,1.109
2023-10-11,-0.701
2023-10-12,-1.751
2023-10-13,-0.661
2023-10-16,1.079
2023-10-17,0.989
2023-10-18,-1.931
2023-10-19,-1.491
2023-10-20,-0.891
2023-10-23,-1.521
2023-10-24,0.429
2023-10-25,-1.011
2023-10-26,0.139
2023-10-27,-1.251
2023-10-30,1.569
2023-10-31,0.669
2023-11-01,-0.601
2023-11-02,2.399
2023-11-03,2.439
2023-11-06,-0.911
2023-11-07,-0.241
2023-11-08,-1.051
2023-11-09,-2.261
2023-11-10,0.169
2023-11-13,-0.081
2023-11-14,4.049
2023-11-15,0.259
2023-11-16,-1.101
2023-11-17,1.439
2023-11-20,0.629
2023-11-21,-1.231
2023-11-22,0.729
2023-11-24,1.449
2023-11-27,-0.691
2023-11-28,-0.431
2023-11-29,0.699
2023-11-30,-0.131
2023-12-01,2.389
2023-12-04,1.419
2023-12-05,-1.141
2023-12-06,0.269
2023-12-07,0.789
2023-12-08,0.619
2023-12-11,-1.281
2023-12-12,-0.861
2023-12-13,3.229
2023-12-14,1.819
2023-12-15,0.069
2023-12-18,-0.291
2023-12-19,1.929
2023-12-20,-1.041
2023-12-21,1.699
2023-12-22,1.509
2023-12-26,1.879
2023-12-27,1.009
2023-12-28,-0.071
2023-12-29,-1.471
2024-01-02,0.248
2024-01-03,-2.302
2024-01-04,0.338
2024-01-05,-0.262
2024-01-08,1.878
2024-01-09,-0.562
2024-01-10,-0.272
2024-01-11,-1.162
2024-01-12,0.198
2024-01-16,-1.522
2024-01-17,-0.482
2024-01-18,-0.412
2024-01-19,0.418
2024-01-22,2.248
2024-01-23,-0.122
2024-01-24,-0.302
2024-01-25,1.118
2024-01-26,0.168
2024-01-29,1.678
2024-01-30,-1.142
2024-01-31,-2.062
2024-02-01,1.079
2024-02-02,-0.571
2024-02-05,-1.221
2024-02-06,1.259
2024-02-07,-1.191
2024-02-08,0.889
2024-02-09,1.479
2024-02-12,1.229
2024-02-13,-4.221
2024-02-14,2.939
2024-02-15,2.379
2024-02-16,-0.141
2024-02-20,-1.561
2024-02-21,-1.351
2024-02-22,-0.061
2024-02-23,0.499
2024-02-26,1.459
2024-02-27,1.529
2024-02-28,-0.911
2024-02-29,0.719
2024-03-01,0.909
2024-03-04,-0.631
2024-03-05,-0.941
2024-03-06,0.809
2024-03-07,0.559
2024-03-08,0.109
2024-03-11,-1.001
2024-03-12,-0.761
2024-03-13,0.339
2024-03-14,-2.361
2024-03-15,1.399
2024-03-18,-1.091
2024-03-19,0.659
2024-03-20,2.119
2024-03-21,0.519
2024-03-22,-0.611
2024-03-25,-0.341
2024-03-26,-0.541
2024-03-27,1.849
2024-03-28,0.579
2024-04-01,-0.661
2024-04-02,-1.701
2024-04-03,0.429
2024-04-04,-0.611
2024-04-05,0.319
2024-04-08,0.179
2024-04-09,-0.051
2024-04-10,-2.191
2024-04-11,0.829
2024-04-12,-2.141
2024-04-15,-1.911
2024-04-16,-0.771
2024-04-17,-1.201
2024-04-18,-0.461
2024-04-19,0.099
2024-04-22,0.219
2024-04-23,1.399
2024-04-24,-0.461
2024-04-25,-0.921
2024-04-26,1.219
2024-04-29,0.569
2024-04-30,-0.881
2024-05-01,1.44
2024-05-02,1.27
2024-05-03,1.03
2024-05-06,0.51
2024-05-07,-0.34
2024-05-08,-0.31
2024-05-09,0.67
2024-05-10,-1.28
2024-05-13,0.35
2024-05-14,1.0
2024-05-15,0.7
2024-05-16,-0.13
2024-05-17,-0.23
2024-05-20,-0.16
2024-05-21,-0.17
2024-05-22,-0.13
2024-05-23,-2.06
2024-05-24,0.59
2024-05-28,0.0
2024-05-29,-1.04
2024-05-30,0.54
2024-05-31,0.24
2024-06-03,-0.512
2024-06-04,-1.542
2024-06-05,1.408
2024-06-06,-1.062
2024-06-07,-1.202
2024-06-10,0.348
2024-06-11,0.048
2024-06-12,0.888
2024-06-13,-0.882
2024-06-14,-1.932
2024-06-17,-0.832
2024-06-18,-1.322
2024-06-20,-0.792
2024-06-21,0.208
2024-06-24,-0.022
2024-06-25,-0.902
2024-06-26,0.528
2024-06-27,1.188
2024-06-28,0.888
2024-07-01,-1.271
2024-07-02,-0.861
2024-07-03,0.389
2024-07-05,-0.931
2024-07-08,1.269
2024-07-09,-0.001
2024-07-10,0.729
2024-07-11,4.679
2024-07-12,1.579
2024-07-15,1.659
2024-07-16,4.139
2024-07-17,-0.891
2024-07-18,-2.901
2024-07-19,-0.771
2024-07-22,1.889
2024-07-23,1.439
2024-07-24,-2.001
2024-07-25,1.669
2024-07-26,1.379
2024-07-29,-1.681
2024-07-30,-0.511
2024-07-31,0.449
2024-08-01,-3.502
2024-08-02,-3.672
2024-08-05,-4.202
2024-08-06,0.418
2024-08-07,-1.972
2024-08-08,2.478
2024-08-09,-0.952
2024-08-12,-0.562
2024-08-13,2.208
2024-08-14,-0.842
2024-08-15,2.778
2024-08-16,0.708
2024-08-19,1.888
2024-08-20,-1.032
2024-08-21,1.548
2024-08-22,-1.282
2024-08-23,3.708
2024-08-26,0.378
2024-08-27,-1.312
2024-08-28,-1.072
2024-08-29,1.018
2024-08-30,0.338
2024-09-03,-3.34
2024-09-04,-0.5
2024-09-05,-0.42
2024-09-06,-1.68
2024-09-09,0.82
2024-09-10,0.95
2024-09-11,0.22
2024-09-12,0.99
2024-09-13,2.52
2024-09-16,-0.44
2024-09-17,0.81
2024-09-18,-0.58
2024-09-19,2.26
2024-09-20,-0.97
2024-09-23,-1.68
2024-09-24,0.34
2024-09-25,-1.1
2024-09-26,0.7
2024-09-27,1.0
2024-09-30,0.27
2024-10-01,-2.267
2024-10-02,-0.047
2024-10-03,-0.707
2024-10-04,1.913
2024-10-07,-0.697
2024-10-08,-0.247
2024-10-09,-0.037
2024-10-10,-0.497
2024-10-11,2.353
2024-10-14,0.273
2024-10-15,0.393
2024-10-16,2.233
2024-10-17,-0.227
2024-10-18,0.633
2024-10-21,-1.267
2024-10-22,0.113
2024-10-23,-1.007
2024-10-24,-0.067
2024-10-25,-0.197
2024-10-28,2.333
2024-10-29,-0.167
2024-10-30,-0.427
2024-10-31,-1.937
2024-11-01,0.47
2024-11-04,-0.06
2024-11-05,2.12
2024-11-06,4.1
2024-11-07,-0.71
2024-11-08,0.89
2024-11-11,1.52
2024-11-12,-1.65
2024-11-13,-1.17
2024-11-14,-1.37
2024-11-15,-2.18
2024-11-18,-0.33
2024-11-19,1.09
2024-11-20,0.14
2024-11-21,1.7
2024-11-22,2.28
2024-11-25,1.5
2024-11-26,-0.3
2024-11-27,0.99
2024-11-29,1.12
2024-12-02,0.283
2024-12-03,-0.857
2024-12-04,-0.147
2024-12-05,-1.197
2024-12-06,1.113
2024-12-09,0.363
2024-12-10,-0.087
2024-12-11,0.103
2024-12-12,-1.857
2024-12-13,-0.527
2024-12-16,0.913
2024-12-17,-0.257
2024-12-18,-4.417
2024-12-19,-0.727
2024-12-20,1.973
2024-12-23,-0.357
2024-12-24,1.543
2024-12-26,3.193
2024-12-27,-1.297
2024-12-30,-0.397
2024-12-31,-0.927
